;START_OF_HEADER
;HEADER_VERSION:0.1
;FLAVOR:Griffin
;GENERATOR.NAME:Cura_SteamEngine
;GENERATOR.VERSION:5.5.0
;GENERATOR.BUILD_DATE:2023-10-25
;TARGET_MACHINE.NAME:Ultimaker 3
;EXTRUDER_TRAIN.0.INITIAL_TEMPERATURE:205
;EXTRUDER_TRAIN.0.MATERIAL.VOLUME_USED:2763
;EXTRUDER_TRAIN.0.MATERIAL.GUID:506c9f0d-e3aa-4bd4-b2d2-23e2425b1aa9
;EXTRUDER_TRAIN.0.NOZZLE.DIAMETER:0.4
;EXTRUDER_TRAIN.0.NOZZLE.NAME:AA 0.4
;BUILD_PLATE.INITIAL_TEMPERATURE:60
;PRINT.TIME:1073
;PRINT.GROUPS:1
;PRINT.SIZE.MIN.X:9
;PRINT.SIZE.MIN.Y:6
;PRINT.SIZE.MIN.Z:0.2
;PRINT.SIZE.MAX.X:130.908
;PRINT.SIZE.MAX.Y:121.945
;PRINT.SIZE.MAX.Z:17.4
;SLICE_UUID:4993799d-0ff7-410e-9726-8b809a1f0818
;END_OF_HEADER
;Generated with Cura_SteamEngine 5.5.0
T0
M82 ;absolute extrusion mode

G92 E0
M190 S60
M109 S205
G0 F15000 X9 Y6 Z2
G280
G1 F1500 E-6.5
;LAYER_COUNT:87
;LAYER:0
M106 S255
M204 S1000
M205 X20 Y20
G1 F600 Z2.2
G0 F15000 X106.671 Y96.894 Z2.2
;TYPE:SKIRT
G1 F600 Z0.2
G1 F1500 E0
G1 F1800 X108.699 Y95.32 E0.03219
G1 X110.261 Y94.443 E0.05466
G1 X111.694 Y93.852 E0.0741
G1 X113.361 Y93.376 E0.09584
G1 X115.689 Y93.055 E0.12531
G1 X117.002 Y93.041 E0.14177
G1 X120.076 Y93.474 E0.1807
G1 X121.401 Y93.879 E0.19808
G1 X123.32 Y94.739 E0.22445
G1 X124.825 Y95.659 E0.24657
G1 X125.85 Y96.449 E0.2628
G1 X127.11 Y97.662 E0.28473
G1 X128.555 Y99.499 E0.31404
G1 X129.548 Y101.224 E0.339
G1 X130.049 Y102.411 E0.35516
G1 X130.69 Y104.637 E0.38421
G1 X130.908 Y106.148 E0.40335
G1 X130.89 Y109.078 E0.4401
G1 X130.638 Y110.592 E0.45934
G1 X129.841 Y113.097 E0.49231
G1 X128.96 Y114.853 E0.51694
G1 X127.736 Y116.633 E0.54403
G1 X126.975 Y117.494 E0.55845
G1 X125.572 Y118.783 E0.58234
G1 X124.348 Y119.662 E0.60123
G1 X122.808 Y120.525 E0.62337
G1 X121.227 Y121.177 E0.64482
G1 X119.7 Y121.613 E0.66473
G1 X117.287 Y121.945 E0.69528
G1 X115.692 Y121.939 E0.71528
G1 X112.764 Y121.483 E0.75244
G1 X111.56 Y121.106 E0.76826
G1 X109.731 Y120.291 E0.79337
G1 X108.646 Y119.649 E0.80918
G1 X106.291 Y117.756 E0.84707
G1 X105.211 Y116.55 E0.86737
G1 X104.074 Y114.897 E0.89253
G1 X102.862 Y112.322 E0.92822
G1 X102.367 Y110.626 E0.95038
G1 X102.184 Y109.619 E0.96321
G1 X102.041 Y106.926 E0.99703
G1 X102.147 Y105.656 E1.01302
G1 X102.829 Y102.754 E1.0504
G1 X103.38 Y101.388 E1.06887
G1 X104.026 Y100.168 E1.08618
G1 X105.285 Y98.364 E1.11377
G1 X106.671 Y96.894 E1.13911
G0 F15000 X106.917 Y97.21
G1 F1800 X108.895 Y95.669 E1.17055
G1 X110.457 Y94.792 E1.19301
G1 X111.804 Y94.237 E1.21128
G1 X113.471 Y93.761 E1.23302
G1 X115.693 Y93.455 E1.26115
G1 X117.006 Y93.441 E1.27762
G1 X119.959 Y93.857 E1.31502
G1 X121.284 Y94.262 E1.33239
G1 X123.112 Y95.081 E1.35751
G1 X124.581 Y95.976 E1.37908
G1 X125.606 Y96.766 E1.39531
G1 X126.796 Y97.91 E1.41601
G1 X128.208 Y99.699 E1.44459
G1 X129.201 Y101.424 E1.46955
G1 X129.665 Y102.522 E1.4845
G1 X130.294 Y104.695 E1.51287
G1 X130.508 Y106.146 E1.53126
G1 X130.495 Y109.012 E1.5672
G1 X130.243 Y110.526 E1.58645
G1 X129.483 Y112.918 E1.61792
G1 X128.63 Y114.626 E1.64187
G1 X127.406 Y116.406 E1.66896
G1 X126.704 Y117.199 E1.68224
G1 X125.301 Y118.488 E1.70613
G1 X124.152 Y119.313 E1.72387
G1 X122.655 Y120.155 E1.74541
G1 X121.117 Y120.792 E1.76628
G1 X119.59 Y121.228 E1.7862
G1 X117.287 Y121.545 E1.81535
G1 X115.753 Y121.544 E1.83459
G1 X112.884 Y121.101 E1.87099
G1 X111.68 Y120.724 E1.88681
G1 X109.934 Y119.946 E1.91078
G1 X108.897 Y119.337 E1.92586
G1 X106.542 Y117.444 E1.96376
G1 X105.541 Y116.323 E1.9826
G1 X104.404 Y114.67 E2.00776
G1 X103.224 Y112.152 E2.04263
G1 X102.761 Y110.554 E2.0635
G1 X102.578 Y109.547 E2.07633
G1 X102.44 Y106.959 E2.10883
G1 X102.546 Y105.689 E2.12481
G1 X103.2 Y102.903 E2.1607
G1 X103.734 Y101.575 E2.17865
G1 X104.38 Y100.355 E2.19596
G1 X105.613 Y98.593 E2.22293
G1 X106.917 Y97.21 E2.24677
G0 F15000 X107.163 Y97.525
G1 F1800 X109.091 Y96.018 E2.27746
G1 X110.653 Y95.141 E2.29992
G1 X111.914 Y94.622 E2.31702
G1 X113.581 Y94.146 E2.33876
G1 X115.697 Y93.855 E2.36555
G1 X117.01 Y93.841 E2.38201
G1 X119.842 Y94.24 E2.41788
G1 X121.167 Y94.645 E2.43525
G1 X122.904 Y95.423 E2.45912
G1 X124.337 Y96.293 E2.48014
G1 X125.329 Y97.055 E2.49583
G1 X126.482 Y98.158 E2.51584
G1 X127.861 Y99.899 E2.54369
G1 X128.854 Y101.624 E2.56865
G1 X129.281 Y102.634 E2.5824
G1 X129.898 Y104.755 E2.6101
G1 X130.108 Y106.145 E2.62773
G1 X130.1 Y108.946 E2.66286
G1 X129.848 Y110.46 E2.68211
G1 X129.125 Y112.74 E2.7121
G1 X128.3 Y114.399 E2.73534
G1 X127.076 Y116.179 E2.76243
G1 X126.433 Y116.904 E2.77458
G1 X125.03 Y118.193 E2.79847
G1 X123.955 Y118.965 E2.81507
G1 X122.501 Y119.786 E2.83601
G1 X121.007 Y120.407 E2.8563
G1 X119.48 Y120.843 E2.87621
G1 X117.286 Y121.145 E2.90398
G1 X115.814 Y121.149 E2.92244
G1 X113.004 Y120.719 E2.95809
G1 X111.8 Y120.342 E2.97391
G1 X110.135 Y119.6 E2.99677
G1 X109.147 Y119.025 E3.01111
G1 X106.84 Y117.177 E3.04818
G1 X105.871 Y116.096 E3.06638
G1 X104.734 Y114.443 E3.09154
G1 X103.608 Y112.04 E3.12482
G1 X103.155 Y110.482 E3.14517
G1 X102.972 Y109.475 E3.158
G1 X102.839 Y106.992 E3.18918
G1 X102.945 Y105.722 E3.20517
G1 X103.571 Y103.052 E3.23956
G1 X104.088 Y101.762 E3.25698
G1 X104.734 Y100.542 E3.2743
G1 X105.94 Y98.823 E3.30063
G1 X107.163 Y97.525 E3.32299
G0 F15000 X107.41 Y97.84
G1 F1800 X109.287 Y96.367 E3.35291
G1 X110.849 Y95.49 E3.37538
G1 X112.024 Y95.007 E3.39131
G1 X113.691 Y94.531 E3.41305
G1 X115.701 Y94.255 E3.43849
G1 X117.014 Y94.241 E3.45496
G1 X119.725 Y94.623 E3.48929
G1 X121.05 Y95.028 E3.50667
G1 X122.697 Y95.765 E3.52929
G1 X124.093 Y96.61 E3.54976
G1 X125.085 Y97.372 E3.56544
G1 X126.169 Y98.407 E3.58424
G1 X127.514 Y100.099 E3.61135
G1 X128.507 Y101.824 E3.63631
G1 X128.897 Y102.746 E3.64886
G1 X129.502 Y104.815 E3.67589
G1 X129.712 Y106.205 E3.69352
G1 X129.7 Y108.944 E3.72787
G1 X129.466 Y110.34 E3.74562
G1 X128.766 Y112.563 E3.77485
G1 X127.97 Y114.172 E3.79736
G1 X126.746 Y115.952 E3.82445
G1 X126.162 Y116.609 E3.83547
G1 X124.759 Y117.898 E3.85936
G1 X123.758 Y118.617 E3.87482
G1 X122.304 Y119.438 E3.89576
G1 X120.897 Y120.022 E3.91486
G1 X119.37 Y120.458 E3.93478
G1 X117.284 Y120.745 E3.96118
G1 X115.874 Y120.753 E3.97887
G1 X113.124 Y120.337 E4.01374
G1 X111.92 Y119.96 E4.02957
G1 X110.336 Y119.254 E4.05131
G1 X109.348 Y118.679 E4.06565
G1 X107.137 Y116.909 E4.10117
G1 X106.201 Y115.869 E4.11871
G1 X105.064 Y114.216 E4.14387
G1 X103.992 Y111.928 E4.17556
G1 X103.549 Y110.41 E4.19539
G1 X103.366 Y109.403 E4.20822
G1 X103.238 Y107.025 E4.23809
G1 X103.344 Y105.755 E4.25407
G1 X103.943 Y103.2 E4.28698
G1 X104.442 Y101.949 E4.30387
G1 X105.088 Y100.729 E4.32118
G1 X106.267 Y99.053 E4.34688
G1 X107.41 Y97.84 E4.36778
G0 F15000 X107.657 Y98.154
G1 F1800 X109.483 Y96.716 E4.39692
G1 X111.045 Y95.839 E4.41939
G1 X112.134 Y95.392 E4.43415
G1 X113.801 Y94.916 E4.45589
G1 X115.705 Y94.655 E4.47999
G1 X117.018 Y94.641 E4.49646
G1 X119.608 Y95.006 E4.52926
G1 X120.933 Y95.411 E4.54663
G1 X122.49 Y96.107 E4.56802
G1 X123.85 Y96.928 E4.58794
G1 X124.809 Y97.662 E4.60309
G1 X125.856 Y98.657 E4.6212
G1 X127.167 Y100.299 E4.64755
G1 X128.16 Y102.024 E4.67251
G1 X128.513 Y102.859 E4.68388
G1 X129.106 Y104.875 E4.71023
G1 X129.316 Y106.265 E4.72786
G1 X129.305 Y108.879 E4.76064
G1 X129.084 Y110.22 E4.77768
G1 X128.384 Y112.443 E4.80691
G1 X127.64 Y113.945 E4.82793
G1 X126.416 Y115.725 E4.85502
G1 X125.891 Y116.314 E4.86491
G1 X124.488 Y117.603 E4.88881
G1 X123.561 Y118.269 E4.90312
G1 X122.15 Y119.069 E4.92346
G1 X120.787 Y119.637 E4.94198
G1 X119.26 Y120.073 E4.96189
G1 X117.282 Y120.345 E4.98693
G1 X115.872 Y120.353 E5.00461
G1 X113.244 Y119.955 E5.03795
G1 X112.04 Y119.578 E5.05377
G1 X110.537 Y118.908 E5.0744
G1 X109.549 Y118.333 E5.08874
G1 X107.434 Y116.641 E5.1227
G1 X106.531 Y115.642 E5.13959
G1 X105.394 Y113.989 E5.16475
G1 X104.376 Y111.815 E5.19485
G1 X103.943 Y110.338 E5.21416
G1 X103.76 Y109.331 E5.22699
G1 X103.637 Y107.058 E5.25554
G1 X103.743 Y105.788 E5.27152
G1 X104.315 Y103.348 E5.30295
G1 X104.796 Y102.136 E5.3193
G1 X105.442 Y100.916 E5.33661
G1 X106.559 Y99.326 E5.36098
G1 X107.657 Y98.154 E5.38112
G0 F15000 X107.905 Y98.468
G1 F1800 X109.679 Y97.065 E5.40948
G1 X111.241 Y96.188 E5.43195
G1 X112.244 Y95.777 E5.44554
G1 X113.911 Y95.301 E5.46728
G1 X115.709 Y95.055 E5.49004
G1 X117.022 Y95.041 E5.5065
G1 X119.491 Y95.389 E5.53777
G1 X120.816 Y95.794 E5.55515
G1 X122.284 Y96.45 E5.57531
G1 X123.607 Y97.246 E5.59467
G1 X124.566 Y97.98 E5.60982
G1 X125.543 Y98.907 E5.62671
G1 X126.854 Y100.549 E5.65305
G1 X127.792 Y102.181 E5.67666
G1 X128.129 Y102.973 E5.68745
G1 X128.71 Y104.935 E5.71311
G1 X128.92 Y106.325 E5.73074
G1 X128.91 Y108.815 E5.76197
G1 X128.702 Y110.1 E5.77829
G1 X128.002 Y112.323 E5.80752
G1 X127.31 Y113.719 E5.82706
G1 X126.117 Y115.459 E5.85352
G1 X125.62 Y116.019 E5.86291
G1 X124.217 Y117.308 E5.8868
G1 X123.363 Y117.921 E5.89998
G1 X121.995 Y118.7 E5.91972
G1 X120.677 Y119.252 E5.93764
G1 X119.15 Y119.688 E5.95756
G1 X117.28 Y119.945 E5.98123
G1 X115.87 Y119.953 E5.99891
G1 X113.364 Y119.573 E6.03069
G1 X112.16 Y119.196 E6.04652
G1 X110.738 Y118.562 E6.06604
G1 X109.75 Y117.987 E6.08038
G1 X107.73 Y116.372 E6.11281
G1 X106.861 Y115.415 E6.12902
G1 X105.724 Y113.762 E6.15418
G1 X104.76 Y111.702 E6.1827
G1 X104.337 Y110.266 E6.20147
G1 X104.154 Y109.259 E6.21431
G1 X104.036 Y107.091 E6.24154
G1 X104.142 Y105.821 E6.25752
G1 X104.687 Y103.495 E6.28748
G1 X105.15 Y102.323 E6.30328
G1 X105.796 Y101.103 E6.32059
G1 X106.852 Y99.599 E6.34364
G1 X107.905 Y98.468 E6.36301
G0 F15000 X108.154 Y98.781
G1 F1800 X109.875 Y97.414 E6.39058
G1 X111.437 Y96.537 E6.41304
G1 X112.354 Y96.162 E6.42546
G1 X114.021 Y95.686 E6.44721
G1 X115.713 Y95.455 E6.46862
G1 X117.026 Y95.441 E6.48509
G1 X119.374 Y95.772 E6.51482
G1 X120.699 Y96.177 E6.5322
G1 X122.078 Y96.793 E6.55114
G1 X123.364 Y97.564 E6.56994
G1 X124.291 Y98.271 E6.58456
G1 X125.23 Y99.157 E6.60075
G1 X126.541 Y100.799 E6.6271
G1 X127.424 Y102.339 E6.64936
G1 X127.745 Y103.087 E6.65957
G1 X128.326 Y105.049 E6.68523
G1 X128.52 Y106.324 E6.7014
G1 X128.515 Y108.752 E6.73185
G1 X128.32 Y109.98 E6.74744
G1 X127.62 Y112.203 E6.77667
G1 X126.98 Y113.493 E6.79473
G1 X125.817 Y115.194 E6.82057
G1 X125.349 Y115.724 E6.82944
G1 X123.946 Y117.013 E6.85333
G1 X123.165 Y117.573 E6.86538
G1 X121.797 Y118.352 E6.88512
G1 X120.567 Y118.867 E6.90184
G1 X119.04 Y119.303 E6.92176
G1 X117.278 Y119.545 E6.94406
G1 X115.868 Y119.553 E6.96174
G1 X113.484 Y119.191 E6.99198
G1 X112.28 Y118.814 E7.0078
G1 X110.939 Y118.216 E7.02622
G1 X109.951 Y117.641 E7.04055
G1 X108.025 Y116.102 E7.07147
G1 X107.191 Y115.188 E7.08698
G1 X106.054 Y113.535 E7.11214
G1 X105.144 Y111.588 E7.1391
G1 X104.731 Y110.194 E7.15733
G1 X104.548 Y109.187 E7.17016
G1 X104.435 Y107.124 E7.19607
G1 X104.541 Y105.854 E7.21205
G1 X105.059 Y103.641 E7.24056
G1 X105.504 Y102.51 E7.2558
G1 X106.15 Y101.29 E7.27311
G1 X107.146 Y99.871 E7.29485
G1 X108.154 Y98.781 E7.31347
G0 F15000 X108.448 Y99.053
G1 F1800 X110.071 Y97.763 E7.33947
G1 X111.633 Y96.886 E7.36193
G1 X112.464 Y96.547 E7.37319
G1 X114.131 Y96.071 E7.39493
G1 X115.717 Y95.855 E7.415
G1 X117.03 Y95.841 E7.43147
G1 X119.257 Y96.155 E7.45967
G1 X120.582 Y96.56 E7.47704
G1 X121.873 Y97.136 E7.49477
G1 X123.122 Y97.882 E7.51302
G1 X124.017 Y98.563 E7.52712
G1 X124.917 Y99.407 E7.54259
G1 X126.228 Y101.049 E7.56894
G1 X127.057 Y102.498 E7.58988
G1 X127.361 Y103.201 E7.59948
G1 X127.942 Y105.163 E7.62514
G1 X128.12 Y106.324 E7.63987
G1 X128.12 Y108.691 E7.66955
G1 X127.938 Y109.861 E7.6844
G1 X127.261 Y112.026 E7.71285
G1 X126.649 Y113.268 E7.73021
G1 X125.516 Y114.93 E7.75544
G1 X125.078 Y115.429 E7.76376
G1 X123.675 Y116.718 E7.78766
G1 X122.967 Y117.225 E7.79858
G1 X121.599 Y118.004 E7.81832
G1 X120.457 Y118.482 E7.83384
G1 X118.93 Y118.918 E7.85376
G1 X117.276 Y119.145 E7.87469
G1 X115.866 Y119.153 E7.89238
G1 X113.604 Y118.809 E7.92107
G1 X112.4 Y118.432 E7.93689
G1 X111.14 Y117.87 E7.95419
G1 X110.152 Y117.295 E7.96853
G1 X108.32 Y115.831 E7.99793
G1 X107.521 Y114.961 E8.01275
G1 X106.384 Y113.308 E8.03791
G1 X105.527 Y111.474 E8.06329
G1 X105.125 Y110.122 E8.08098
G1 X104.942 Y109.115 E8.09382
G1 X104.834 Y107.157 E8.11841
G1 X104.94 Y105.887 E8.13439
G1 X105.432 Y103.787 E8.16144
G1 X105.858 Y102.697 E8.17611
G1 X106.504 Y101.477 E8.19342
G1 X107.44 Y100.143 E8.21386
G1 X108.448 Y99.053 E8.23248
G0 F15000 X108.742 Y99.325
G1 F1800 X110.319 Y98.077 E8.2577
G1 X111.785 Y97.256 E8.27877
G1 X112.574 Y96.932 E8.28947
G1 X114.241 Y96.456 E8.31121
G1 X115.721 Y96.255 E8.32994
G1 X117.034 Y96.241 E8.3464
G1 X119.14 Y96.538 E8.37307
G1 X120.465 Y96.943 E8.39045
G1 X121.668 Y97.48 E8.40697
G1 X122.88 Y98.201 E8.42465
G1 X123.744 Y98.856 E8.43825
G1 X124.604 Y99.657 E8.45299
G1 X125.915 Y101.299 E8.47934
G1 X126.69 Y102.658 E8.49896
G1 X126.977 Y103.315 E8.50795
G1 X127.558 Y105.277 E8.53361
G1 X127.724 Y106.383 E8.54763
G1 X127.724 Y108.631 E8.57582
G1 X127.556 Y109.742 E8.58991
G1 X126.902 Y111.849 E8.61758
G1 X126.29 Y113.091 E8.63494
G1 X125.214 Y114.667 E8.65887
G1 X124.807 Y115.134 E8.66664
G1 X123.404 Y116.423 E8.69054
G1 X122.769 Y116.877 E8.70032
G1 X121.401 Y117.656 E8.72007
G1 X120.347 Y118.097 E8.73439
G1 X118.82 Y118.533 E8.75431
G1 X117.274 Y118.745 E8.77388
G1 X115.864 Y118.753 E8.79156
G1 X113.724 Y118.427 E8.81871
G1 X112.52 Y118.05 E8.83453
G1 X111.341 Y117.524 E8.85072
G1 X110.353 Y116.949 E8.86505
G1 X108.615 Y115.56 E8.89295
G1 X107.816 Y114.69 E8.90777
G1 X106.746 Y113.138 E8.93141
G1 X105.91 Y111.36 E8.95604
G1 X105.519 Y110.05 E8.97319
G1 X105.336 Y109.043 E8.98602
G1 X105.233 Y107.19 E9.0093
G1 X105.339 Y105.92 E9.02528
G1 X105.805 Y103.933 E9.05087
G1 X106.231 Y102.843 E9.06555
G1 X106.857 Y101.665 E9.08228
G1 X107.734 Y100.415 E9.10142
G1 X108.742 Y99.325 E9.12004
G0 F15000 X109.036 Y99.597
G1 F1800 X110.567 Y98.391 E9.14448
G1 X111.938 Y97.626 E9.16417
G1 X112.684 Y97.317 E9.1743
G1 X114.351 Y96.841 E9.19604
G1 X115.725 Y96.655 E9.21343
G1 X117.038 Y96.641 E9.22989
G1 X119.023 Y96.921 E9.25503
G1 X120.348 Y97.326 E9.27241
G1 X121.464 Y97.824 E9.28773
G1 X122.639 Y98.52 E9.30486
G1 X123.471 Y99.149 E9.31794
G1 X124.331 Y99.95 E9.33267
G1 X125.568 Y101.498 E9.35752
G1 X126.323 Y102.818 E9.37659
G1 X126.61 Y103.475 E9.38558
G1 X127.162 Y105.336 E9.40993
G1 X127.328 Y106.442 E9.42395
G1 X127.328 Y108.571 E9.45065
G1 X127.16 Y109.682 E9.46474
G1 X126.543 Y111.672 E9.49087
G1 X125.931 Y112.914 E9.50823
G1 X124.912 Y114.404 E9.53087
G1 X124.505 Y114.871 E9.53864
G1 X123.171 Y116.098 E9.56137
G1 X122.571 Y116.529 E9.57063
G1 X121.203 Y117.308 E9.59037
G1 X120.237 Y117.712 E9.6035
G1 X118.71 Y118.148 E9.62342
G1 X117.272 Y118.345 E9.64162
G1 X115.862 Y118.353 E9.6593
G1 X113.844 Y118.045 E9.6849
G1 X112.64 Y117.668 E9.70072
G1 X111.542 Y117.178 E9.7158
G1 X110.554 Y116.603 E9.73014
G1 X108.91 Y115.289 E9.75653
G1 X108.111 Y114.419 E9.77134
G1 X107.076 Y112.912 E9.79427
G1 X106.293 Y111.245 E9.81736
G1 X105.913 Y109.978 E9.83395
G1 X105.73 Y108.971 E9.84679
G1 X105.632 Y107.223 E9.86874
G1 X105.738 Y105.953 E9.88472
G1 X106.178 Y104.079 E9.90886
G1 X106.604 Y102.989 E9.92354
G1 X107.21 Y101.853 E9.93968
G1 X108.028 Y100.687 E9.95755
G1 X109.036 Y99.597 E9.97616
G0 F15000 X109.33 Y99.869
G1 F1800 X110.763 Y98.74 E9.99904
G1 X112.091 Y97.996 E10.01813
G1 X112.837 Y97.687 E10.02826
G1 X114.406 Y97.237 E10.04873
G1 X115.729 Y97.055 E10.06547
G1 X117.042 Y97.041 E10.08194
G1 X118.906 Y97.304 E10.10555
G1 X120.231 Y97.709 E10.12292
G1 X121.261 Y98.168 E10.13706
G1 X122.398 Y98.839 E10.15362
G1 X123.198 Y99.442 E10.16618
G1 X124.058 Y100.243 E10.18092
G1 X125.221 Y101.697 E10.20427
G1 X125.956 Y102.978 E10.22279
G1 X126.243 Y103.635 E10.23178
G1 X126.766 Y105.395 E10.2548
G1 X126.932 Y106.501 E10.26883
G1 X126.932 Y108.511 E10.29404
G1 X126.764 Y109.622 E10.30813
G1 X126.184 Y111.495 E10.33272
G1 X125.572 Y112.737 E10.35008
G1 X124.61 Y114.141 E10.37142
G1 X124.203 Y114.608 E10.37919
G1 X122.937 Y115.774 E10.40077
G1 X122.373 Y116.181 E10.4095
G1 X121.005 Y116.96 E10.42924
G1 X120.127 Y117.327 E10.44117
G1 X118.6 Y117.763 E10.46109
G1 X117.27 Y117.945 E10.47792
G1 X115.86 Y117.953 E10.4956
G1 X113.964 Y117.663 E10.51965
G1 X112.76 Y117.286 E10.53548
G1 X111.743 Y116.832 E10.54944
G1 X110.755 Y116.257 E10.56378
G1 X109.205 Y115.018 E10.58866
G1 X108.406 Y114.148 E10.60348
G1 X107.406 Y112.686 E10.62569
G1 X106.676 Y111.13 E10.64724
G1 X106.307 Y109.906 E10.66327
G1 X106.124 Y108.899 E10.67611
G1 X106.031 Y107.256 E10.69675
G1 X106.137 Y105.986 E10.71273
G1 X106.551 Y104.225 E10.73541
G1 X106.977 Y103.135 E10.75009
G1 X107.538 Y102.082 E10.76505
G1 X108.322 Y100.959 E10.78223
G1 X109.33 Y99.869 E10.80084
G0 F15000 X109.624 Y100.141
G1 F1800 X110.959 Y99.089 E10.82216
G1 X112.244 Y98.366 E10.84065
G1 X112.99 Y98.057 E10.85077
G1 X114.461 Y97.633 E10.86997
G1 X115.733 Y97.455 E10.88608
G1 X117.046 Y97.441 E10.90255
G1 X118.789 Y97.687 E10.92462
G1 X120.114 Y98.092 E10.94199
G1 X121.058 Y98.513 E10.95496
G1 X122.158 Y99.159 E10.97095
G1 X122.925 Y99.735 E10.98298
G1 X123.785 Y100.536 E10.99772
G1 X124.908 Y101.946 E11.02033
G1 X125.589 Y103.138 E11.03754
G1 X125.876 Y103.795 E11.04653
G1 X126.37 Y105.454 E11.06824
G1 X126.536 Y106.56 E11.08226
G1 X126.536 Y108.451 E11.10598
G1 X126.368 Y109.562 E11.12007
G1 X125.825 Y111.318 E11.14312
G1 X125.213 Y112.56 E11.16048
G1 X124.308 Y113.878 E11.18053
G1 X123.901 Y114.345 E11.1883
G1 X122.702 Y115.45 E11.20875
G1 X122.175 Y115.833 E11.21692
G1 X120.807 Y116.612 E11.23666
G1 X120.016 Y116.943 E11.24741
G1 X118.545 Y117.367 E11.26661
G1 X117.268 Y117.545 E11.28278
G1 X115.858 Y117.553 E11.30046
G1 X114.084 Y117.281 E11.32297
G1 X112.88 Y116.904 E11.33879
G1 X111.944 Y116.486 E11.35164
G1 X110.956 Y115.911 E11.36598
G1 X109.5 Y114.747 E11.38936
G1 X108.701 Y113.877 E11.40417
G1 X107.737 Y112.461 E11.42565
G1 X107.059 Y111.014 E11.44569
G1 X106.701 Y109.834 E11.46115
G1 X106.518 Y108.827 E11.47399
G1 X106.43 Y107.289 E11.49331
G1 X106.536 Y106.019 E11.50929
G1 X106.924 Y104.371 E11.53052
G1 X107.35 Y103.281 E11.5452
G1 X107.867 Y102.31 E11.55899
G1 X108.616 Y101.231 E11.57546
G1 X109.624 Y100.141 E11.59408
G0 F15000 X109.918 Y100.413
G1 F1800 X111.156 Y99.437 E11.61385
G1 X112.397 Y98.736 E11.63172
G1 X113.143 Y98.427 E11.64185
G1 X114.517 Y98.029 E11.65979
G1 X115.737 Y97.855 E11.67524
G1 X117.05 Y97.841 E11.69171
G1 X118.672 Y98.07 E11.71225
G1 X119.997 Y98.475 E11.72963
G1 X120.856 Y98.858 E11.74142
G1 X121.918 Y99.479 E11.75685
G1 X122.652 Y100.028 E11.76834
G1 X123.512 Y100.829 E11.78308
G1 X124.561 Y102.145 E11.80418
G1 X125.222 Y103.298 E11.82085
G1 X125.509 Y103.955 E11.82984
G1 X125.974 Y105.513 E11.85023
G1 X126.14 Y106.619 E11.86426
G1 X126.14 Y108.391 E11.88648
G1 X125.972 Y109.502 E11.90057
G1 X125.466 Y111.141 E11.92208
G1 X124.854 Y112.383 E11.93944
G1 X124.006 Y113.615 E11.9582
G1 X123.599 Y114.082 E11.96597
G1 X122.465 Y115.127 E11.98531
G1 X121.977 Y115.485 E11.9929
G1 X120.609 Y116.264 E12.01264
G1 X119.863 Y116.573 E12.02276
G1 X118.489 Y116.971 E12.0407
G1 X117.266 Y117.145 E12.05619
G1 X115.856 Y117.153 E12.07388
G1 X114.204 Y116.899 E12.09484
G1 X113 Y116.522 E12.11066
G1 X112.145 Y116.14 E12.1224
G1 X111.157 Y115.565 E12.13674
G1 X109.795 Y114.476 E12.1586
G1 X108.996 Y113.606 E12.17342
G1 X108.099 Y112.29 E12.19339
G1 X107.442 Y110.897 E12.2127
G1 X107.095 Y109.762 E12.22759
G1 X106.912 Y108.755 E12.24042
G1 X106.829 Y107.322 E12.25842
G1 X106.935 Y106.052 E12.2744
G1 X107.297 Y104.517 E12.29418
G1 X107.723 Y103.427 E12.30886
G1 X108.196 Y102.537 E12.3215
G1 X108.91 Y101.503 E12.33725
G1 X109.918 Y100.413 E12.35587
G0 F15000 X110.212 Y100.685
G1 F1800 X111.403 Y99.752 E12.37485
G1 X112.551 Y99.105 E12.39137
G1 X113.255 Y98.811 E12.40094
G1 X114.575 Y98.425 E12.41818
G1 X115.741 Y98.255 E12.43296
G1 X117.054 Y98.241 E12.44943
G1 X118.555 Y98.453 E12.46844
G1 X119.88 Y98.858 E12.48581
G1 X120.655 Y99.204 E12.49646
G1 X121.679 Y99.8 E12.51131
G1 X122.379 Y100.321 E12.52226
G1 X123.239 Y101.122 E12.53699
G1 X124.248 Y102.394 E12.55736
G1 X124.855 Y103.458 E12.57272
G1 X125.142 Y104.115 E12.58171
G1 X125.578 Y105.572 E12.60078
G1 X125.744 Y106.678 E12.6148
G1 X125.744 Y108.331 E12.63553
G1 X125.576 Y109.442 E12.64962
G1 X125.107 Y110.965 E12.66961
G1 X124.524 Y112.157 E12.68625
G1 X123.704 Y113.352 E12.70442
G1 X123.297 Y113.819 E12.71219
G1 X122.228 Y114.804 E12.73042
G1 X121.74 Y115.162 E12.73801
G1 X120.455 Y115.895 E12.75656
G1 X119.751 Y116.189 E12.76613
G1 X118.431 Y116.575 E12.78338
G1 X117.264 Y116.745 E12.79817
G1 X115.854 Y116.753 E12.81585
G1 X114.324 Y116.517 E12.83526
G1 X113.12 Y116.14 E12.85108
G1 X112.346 Y115.794 E12.86171
G1 X111.358 Y115.219 E12.87605
G1 X110.09 Y114.205 E12.89641
G1 X109.291 Y113.335 E12.91122
G1 X108.46 Y112.118 E12.9297
G1 X107.825 Y110.78 E12.94828
G1 X107.478 Y109.645 E12.96316
G1 X107.311 Y108.731 E12.97481
G1 X107.228 Y107.355 E12.9921
G1 X107.334 Y106.085 E13.00808
G1 X107.67 Y104.663 E13.0264
G1 X108.096 Y103.573 E13.04108
G1 X108.526 Y102.763 E13.05258
G1 X109.204 Y101.775 E13.06761
G1 X110.212 Y100.685 E13.08622
G0 F15000 X110.506 Y100.957
G1 F1800 X111.6 Y100.1 E13.10365
G1 X112.706 Y99.474 E13.11959
G1 X113.368 Y99.195 E13.1286
G1 X114.634 Y98.821 E13.14515
G1 X115.745 Y98.655 E13.15924
G1 X117.058 Y98.641 E13.17571
G1 X118.438 Y98.836 E13.19318
G1 X119.763 Y99.241 E13.21056
G1 X120.454 Y99.55 E13.22005
G1 X121.441 Y100.122 E13.23436
G1 X122.106 Y100.614 E13.24473
G1 X122.966 Y101.415 E13.25947
G1 X123.901 Y102.593 E13.27833
G1 X124.488 Y103.618 E13.29314
G1 X124.775 Y104.275 E13.30213
G1 X125.182 Y105.631 E13.31989
G1 X125.348 Y106.737 E13.33391
G1 X125.348 Y108.271 E13.35315
G1 X125.18 Y109.382 E13.36724
G1 X124.725 Y110.846 E13.38646
G1 X124.194 Y111.931 E13.40161
G1 X123.402 Y113.089 E13.4192
G1 X122.995 Y113.556 E13.42697
G1 X121.991 Y114.481 E13.44409
G1 X121.503 Y114.839 E13.45168
G1 X120.3 Y115.526 E13.46906
G1 X119.638 Y115.805 E13.47806
G1 X118.372 Y116.179 E13.49462
G1 X117.26 Y116.345 E13.50872
G1 X115.914 Y116.357 E13.5256
G1 X114.444 Y116.135 E13.54424
G1 X113.24 Y115.758 E13.56006
G1 X112.547 Y115.448 E13.56958
G1 X111.559 Y114.873 E13.58392
G1 X110.384 Y113.933 E13.60279
G1 X109.621 Y113.108 E13.61688
G1 X108.821 Y111.945 E13.63458
G1 X108.208 Y110.663 E13.6524
G1 X107.861 Y109.528 E13.66729
G1 X107.71 Y108.706 E13.67777
G1 X107.627 Y107.388 E13.69433
G1 X107.733 Y106.118 E13.71031
G1 X108.043 Y104.809 E13.72718
G1 X108.469 Y103.719 E13.74185
G1 X108.857 Y102.988 E13.75223
G1 X109.498 Y102.047 E13.76651
G1 X110.506 Y100.957 E13.78513
G0 F15000 X110.754 Y101.271
G1 F1800 X111.798 Y100.448 E13.8018
G1 X112.863 Y99.842 E13.81717
G1 X113.482 Y99.578 E13.82561
G1 X114.693 Y99.217 E13.84145
G1 X115.804 Y99.051 E13.85554
G1 X117.061 Y99.041 E13.8713
G1 X118.321 Y99.219 E13.88726
G1 X119.646 Y99.624 E13.90464
G1 X120.253 Y99.896 E13.91298
G1 X121.24 Y100.468 E13.92728
G1 X121.833 Y100.907 E13.93654
G1 X122.693 Y101.708 E13.95127
G1 X123.554 Y102.793 E13.96864
G1 X124.121 Y103.778 E13.9829
G1 X124.408 Y104.435 E13.99189
G1 X124.786 Y105.69 E14.00832
G1 X124.952 Y106.796 E14.02235
G1 X124.952 Y108.211 E14.04009
G1 X124.784 Y109.322 E14.05418
G1 X124.365 Y110.671 E14.0719
G1 X123.863 Y111.706 E14.08632
G1 X123.1 Y112.826 E14.10332
G1 X122.693 Y113.293 E14.11109
G1 X121.754 Y114.158 E14.1271
G1 X121.266 Y114.516 E14.13469
G1 X120.143 Y115.158 E14.15091
G1 X119.524 Y115.422 E14.15935
G1 X118.313 Y115.783 E14.17519
G1 X117.201 Y115.949 E14.18929
G1 X115.912 Y115.957 E14.20546
G1 X114.564 Y115.753 E14.22255
G1 X113.36 Y115.376 E14.23838
G1 X112.748 Y115.102 E14.24678
G1 X111.76 Y114.527 E14.26112
G1 X110.678 Y113.661 E14.2785
G1 X109.915 Y112.836 E14.29259
G1 X109.181 Y111.771 E14.30881
G1 X108.591 Y110.546 E14.32586
G1 X108.244 Y109.411 E14.34075
G1 X108.109 Y108.68 E14.35007
G1 X108.026 Y107.42 E14.3659
G1 X108.123 Y106.209 E14.38114
G1 X108.416 Y104.955 E14.39729
G1 X108.842 Y103.865 E14.41196
G1 X109.188 Y103.213 E14.42122
G1 X109.829 Y102.272 E14.4355
G1 X110.754 Y101.271 E14.45259
G0 F15000 X111.296 Y101.856
G1 F1800 X112.196 Y101.142 E14.467
G1 X113.18 Y100.576 E14.48123
G1 X113.714 Y100.344 E14.48853
G1 X114.811 Y100.009 E14.50292
G1 X115.922 Y99.843 E14.517
G1 X117.064 Y99.841 E14.53133
G1 X118.205 Y100.011 E14.54579
G1 X119.323 Y100.356 E14.56046
G1 X119.851 Y100.588 E14.5677
G1 X120.838 Y101.16 E14.582
G1 X121.287 Y101.493 E14.58901
G1 X122.147 Y102.294 E14.60375
G1 X122.86 Y103.193 E14.61814
G1 X123.427 Y104.178 E14.63239
G1 X123.658 Y104.711 E14.63968
G1 X123.994 Y105.808 E14.65406
G1 X124.16 Y106.914 E14.66809
G1 X124.16 Y108.091 E14.68285
G1 X123.992 Y109.202 E14.69694
G1 X123.645 Y110.321 E14.71163
G1 X123.143 Y111.356 E14.72606
G1 X122.496 Y112.301 E14.74042
G1 X122.119 Y112.736 E14.74764
G1 X121.279 Y113.513 E14.76199
G1 X120.829 Y113.846 E14.76901
G1 X119.825 Y114.424 E14.78354
G1 X119.292 Y114.656 E14.79083
G1 X118.195 Y114.991 E14.80521
G1 X117.083 Y115.157 E14.81931
G1 X115.911 Y115.157 E14.83401
G1 X114.801 Y114.989 E14.84808
G1 X113.683 Y114.644 E14.86276
G1 X113.15 Y114.41 E14.87006
G1 X112.162 Y113.835 E14.88439
G1 X111.266 Y113.117 E14.89879
G1 X110.503 Y112.292 E14.91288
G1 X109.842 Y111.32 E14.92762
G1 X109.356 Y110.311 E14.94167
G1 X109.02 Y109.219 E14.956
G1 X108.907 Y108.623 E14.9636
G1 X108.824 Y107.482 E14.97795
G1 X108.912 Y106.331 E14.99243
G1 X109.162 Y105.247 E15.00638
G1 X109.588 Y104.157 E15.02105
G1 X109.85 Y103.663 E15.02806
G1 X110.491 Y102.722 E15.04234
G1 X111.296 Y101.856 E15.05717
G0 F15000 X111.047 Y101.543
G1 F1800 X111.997 Y100.795 E15.07233
G1 X113.021 Y100.209 E15.08713
G1 X113.597 Y99.961 E15.09499
G1 X114.752 Y99.613 E15.11012
G1 X115.863 Y99.447 E15.12421
G1 X117.063 Y99.441 E15.13926
G1 X118.264 Y99.615 E15.15447
G1 X119.484 Y99.99 E15.17048
G1 X120.052 Y100.242 E15.17827
G1 X121.039 Y100.814 E15.19258
G1 X121.56 Y101.2 E15.20071
G1 X122.42 Y102.001 E15.21545
G1 X123.207 Y102.993 E15.23133
G1 X123.774 Y103.978 E15.24558
G1 X124.025 Y104.552 E15.25344
G1 X124.39 Y105.749 E15.26913
G1 X124.556 Y106.855 E15.28315
G1 X124.556 Y108.151 E15.29941
G1 X124.388 Y109.262 E15.3135
G1 X124.005 Y110.496 E15.3297
G1 X123.503 Y111.531 E15.34413
G1 X122.798 Y112.563 E15.3598
G1 X122.391 Y113.03 E15.36757
G1 X121.517 Y113.835 E15.38247
G1 X121.029 Y114.193 E15.39006
G1 X119.985 Y114.791 E15.40515
G1 X119.409 Y115.039 E15.41301
G1 X118.254 Y115.387 E15.42814
G1 X117.142 Y115.553 E15.44224
G1 X115.911 Y115.557 E15.45767
G1 X114.683 Y115.371 E15.47325
G1 X113.522 Y115.01 E15.4885
G1 X112.949 Y114.756 E15.49636
G1 X111.961 Y114.181 E15.51069
G1 X110.972 Y113.389 E15.52658
G1 X110.209 Y112.564 E15.54067
G1 X109.511 Y111.545 E15.55616
G1 X108.974 Y110.429 E15.57169
G1 X108.627 Y109.294 E15.58658
G1 X108.508 Y108.652 E15.59476
G1 X108.425 Y107.452 E15.60985
G1 X108.522 Y106.241 E15.62508
G1 X108.789 Y105.101 E15.63977
G1 X109.215 Y104.011 E15.65444
G1 X109.519 Y103.438 E15.66258
G1 X110.16 Y102.497 E15.67685
G1 X111.047 Y101.543 E15.69319
M204 S429
G1 F1500 E9.19319
;MESH:The cap.stl
G0 F15000 X113.82 Y104.523
G0 X116.904 Y110.947
;TYPE:WALL-OUTER
G1 F1500 E15.69319
G1 F1800 X116.094 Y110.946 E15.70436
G1 X115.161 Y110.733 E15.71757
G1 X114.34 Y110.214 E15.73096
G1 X113.788 Y109.661 E15.74174
G1 X113.392 Y109.036 E15.75195
G1 X113.225 Y108.64 E15.75788
G1 X113.013 Y107.705 E15.7711
G1 X113.116 Y106.74 E15.78449
G1 X113.363 Y106.02 E15.79499
G1 X113.571 Y105.643 E15.80093
G1 X114.172 Y104.895 E15.81417
G1 X115.148 Y104.276 E15.83011
G1 X116.102 Y104.053 E15.84362
G1 X116.896 Y104.051 E15.85458
G1 X117.639 Y104.22 E15.86509
G1 X118.343 Y104.557 E15.87585
G1 X118.941 Y105.03 E15.88637
G1 X119.217 Y105.337 E15.89207
G1 X119.62 Y105.974 E15.90246
G1 X119.78 Y106.36 E15.90823
G1 X119.994 Y107.315 E15.92173
G1 X119.887 Y108.269 E15.93497
G1 X119.575 Y109.171 E15.94814
G1 X118.952 Y109.961 E15.96201
G1 X118.355 Y110.436 E15.97254
G1 X117.644 Y110.778 E15.98342
G1 X116.904 Y110.947 E15.99389
G0 F15000 X116.704 Y110.947
G1 F1500 E9.49389
G0 F15000 X116.704 Y111.249
G0 X117.358 Y114.185
G0 X117.033 Y114.759
G1 F1500 E15.99389
G1 F1800 X118.125 Y114.595 E16.00912
G1 X119.416 Y114.199 E16.02775
G1 X120.831 Y113.383 E16.05028
G1 X122.041 Y112.262 E16.07304
G1 X122.8 Y111.148 E16.09163
G1 X123.279 Y110.155 E16.10684
G1 X123.6 Y109.12 E16.12179
G1 X123.762 Y108.053 E16.13668
G1 X123.762 Y106.967 E16.15166
G1 X123.598 Y105.878 E16.16685
G1 X123.2 Y104.583 E16.18554
G1 X122.521 Y103.406 E16.20428
G1 X121.846 Y102.56 E16.21921
G1 X120.846 Y101.628 E16.23807
G1 X119.429 Y100.807 E16.26066
G1 X118.125 Y100.403 E16.27949
G1 X117.056 Y100.242 E16.2944
G1 X115.972 Y100.241 E16.30935
G1 X114.881 Y100.405 E16.32457
G1 X113.589 Y100.801 E16.34321
G1 X112.409 Y101.481 E16.362
G1 X111.562 Y102.157 E16.37695
G1 X110.809 Y102.966 E16.3922
G1 X110.045 Y104.084 E16.41087
G1 X109.548 Y105.354 E16.42969
G1 X109.305 Y106.415 E16.4447
G1 X109.224 Y107.501 E16.45972
G1 X109.326 Y108.859 E16.47851
G1 X109.722 Y110.145 E16.49707
G1 X110.2 Y111.138 E16.51227
G1 X110.803 Y112.027 E16.52709
G1 X111.554 Y112.837 E16.54233
G1 X112.395 Y113.509 E16.55718
G1 X113.576 Y114.193 E16.576
G1 X114.881 Y114.597 E16.59485
G1 X115.949 Y114.758 E16.60975
G1 X117.033 Y114.759 E16.6247
M204 S1000
G0 F15000 X117.23 Y114.73
G0 X117.003 Y114.359
;TYPE:WALL-INNER
G1 F1800 X118.036 Y114.204 E16.63715
G1 X119.256 Y113.83 E16.65235
G1 X120.592 Y113.058 E16.67073
G1 X121.734 Y112.001 E16.68927
G1 X122.452 Y110.947 E16.70446
G1 X122.906 Y110.008 E16.71689
G1 X123.209 Y109.03 E16.72908
G1 X123.362 Y108.023 E16.74122
G1 X123.362 Y106.997 E16.75344
G1 X123.207 Y105.967 E16.76585
G1 X122.83 Y104.743 E16.78111
G1 X122.189 Y103.632 E16.79639
G1 X121.552 Y102.832 E16.80857
G1 X120.606 Y101.952 E16.82397
G1 X119.268 Y101.177 E16.84239
G1 X118.035 Y100.794 E16.85777
G1 X117.026 Y100.642 E16.86992
G1 X116.002 Y100.641 E16.88212
G1 X114.97 Y100.796 E16.89456
G1 X113.749 Y101.17 E16.90977
G1 X112.635 Y101.813 E16.92509
G1 X111.834 Y102.451 E16.93729
G1 X111.122 Y103.216 E16.94974
G1 X110.401 Y104.274 E16.965
G1 X109.931 Y105.472 E16.98033
G1 X109.701 Y106.475 E16.99259
G1 X109.625 Y107.501 E17.00484
G1 X109.722 Y108.784 E17.02017
G1 X110.096 Y109.999 E17.03532
G1 X110.548 Y110.938 E17.04773
G1 X111.117 Y111.777 E17.05981
G1 X111.827 Y112.543 E17.07225
G1 X112.621 Y113.178 E17.08436
G1 X113.738 Y113.823 E17.09973
G1 X114.971 Y114.206 E17.11511
G1 X115.979 Y114.358 E17.12726
G1 X117.003 Y114.359 E17.13945
G1 F1500 E10.63945
G0 F15000 X116.073 Y114.258
G0 X116.065 Y111.451
G0 X116.077 Y111.35
G1 F1500 E17.13945
G1 F1800 X115.005 Y111.106 E17.15255
G1 X114.09 Y110.531 E17.16543
G1 X113.474 Y109.909 E17.17586
G1 X113.021 Y109.19 E17.18598
G1 X112.843 Y108.758 E17.19155
G1 X112.607 Y107.703 E17.20443
G1 X112.726 Y106.65 E17.21705
G1 X113.019 Y105.811 E17.22764
G1 X113.241 Y105.417 E17.23303
G1 X113.889 Y104.603 E17.24542
G1 X115.009 Y103.895 E17.26121
G1 X116.042 Y103.657 E17.27383
G1 X116.956 Y103.655 E17.28472
G1 X117.789 Y103.845 E17.2949
G1 X118.544 Y104.211 E17.3049
G1 X119.214 Y104.736 E17.31504
G1 X119.53 Y105.087 E17.32066
G1 X119.997 Y105.834 E17.33116
G1 X120.162 Y106.242 E17.3364
G1 X120.398 Y107.275 E17.34903
G1 X120.28 Y108.361 E17.36204
G1 X119.923 Y109.382 E17.37493
G1 X119.224 Y110.255 E17.38825
G1 X118.555 Y110.783 E17.3984
G1 X117.762 Y111.161 E17.40887
G1 X116.964 Y111.343 E17.41862
G1 X116.077 Y111.35 E17.42919
G0 F15000 X116.978 Y111.667
;TYPE:SKIN
G1 F1800 X116.019 Y111.666 E17.44004
G1 X114.88 Y111.405 E17.45327
G1 X113.884 Y110.778 E17.46659
G1 X113.236 Y110.122 E17.47702
G1 X112.73 Y109.323 E17.48773
G1 X112.522 Y108.798 E17.49412
G1 X112.279 Y107.74 E17.5064
G1 X112.413 Y106.583 E17.51958
G1 X112.705 Y105.719 E17.52991
G1 X112.972 Y105.243 E17.53608
G1 X113.668 Y104.365 E17.54876
G1 X114.888 Y103.595 E17.56509
G1 X116.026 Y103.333 E17.57831
G1 X116.976 Y103.331 E17.58906
G1 X117.887 Y103.538 E17.59963
G1 X118.732 Y103.946 E17.61025
G1 X119.434 Y104.502 E17.62039
G1 X119.778 Y104.884 E17.62621
G1 X120.268 Y105.651 E17.63651
G1 X120.468 Y106.148 E17.64257
G1 X120.723 Y107.248 E17.65535
G1 X120.596 Y108.422 E17.66871
G1 X120.209 Y109.529 E17.68199
G1 X119.461 Y110.476 E17.69564
G1 X118.746 Y111.046 E17.70599
G1 X117.889 Y111.46 E17.71676
G1 X116.978 Y111.667 E17.72734
G1 F1500 E11.22734
G0 F15000 X116.938 Y111.37
G0 X117.358 Y114.185
G0 X116.986 Y114.039
G1 F1500 E17.72734
G1 F1800 X117.961 Y113.892 E17.7385
G1 X119.128 Y113.533 E17.75232
G1 X120.397 Y112.801 E17.7689
G1 X121.495 Y111.784 E17.78583
G1 X122.17 Y110.791 E17.79942
G1 X122.609 Y109.883 E17.81084
G1 X122.897 Y108.952 E17.82187
G1 X123.042 Y108.005 E17.83271
G1 X123.042 Y107.015 E17.84391
G1 X122.895 Y106.044 E17.85503
G1 X122.535 Y104.874 E17.86888
G1 X121.922 Y103.811 E17.88277
G1 X121.32 Y103.056 E17.8937
G1 X120.414 Y102.212 E17.90771
G1 X119.133 Y101.471 E17.92446
G1 X117.959 Y101.106 E17.93838
G1 X117.008 Y100.963 E17.94926
G1 X116.019 Y100.961 E17.96045
G1 X115.045 Y101.108 E17.9716
G1 X113.877 Y101.467 E17.98543
G1 X112.817 Y102.078 E17.99928
G1 X112.059 Y102.683 E18.01026
G1 X111.369 Y103.423 E18.02171
G1 X110.687 Y104.422 E18.0354
G1 X110.24 Y105.56 E18.04923
G1 X110.019 Y106.53 E18.06049
G1 X109.947 Y107.506 E18.07157
G1 X110.04 Y108.725 E18.08541
G1 X110.392 Y109.874 E18.09901
G1 X110.83 Y110.782 E18.11042
G1 X111.364 Y111.571 E18.1212
G1 X112.051 Y112.311 E18.13263
G1 X112.801 Y112.911 E18.1435
G1 X113.87 Y113.528 E18.15747
G1 X115.047 Y113.894 E18.17142
G1 X115.997 Y114.038 E18.18229
G1 X116.986 Y114.039 E18.19348
G0 F15000 X116.985 Y114.338
G0 X115.985 Y114.277
G0 X115.179 Y114.155
G0 X113.601 Y113.719
G0 X113.852 Y113.286
G1 F1800 X110.775 Y110.209 E18.24273
G0 F15000 X110.422 Y109.291
G1 F1800 X114.711 Y113.579 E18.31137
G0 F15000 X115.449 Y113.752
G1 F1800 X110.225 Y108.528 E18.39499
G0 F15000 X110.178 Y107.915
G1 F1800 X116.1 Y113.837 E18.48977
G0 F15000 X116.666 Y113.838
G1 F1800 X113.769 Y110.941 E18.53614
G0 F15000 X113.239 Y110.411
G1 F1800 X110.16 Y107.331 E18.58543
G0 F15000 X110.199 Y106.804
G1 F1800 X112.382 Y108.988 E18.62038
G0 F15000 X112.187 Y108.227
G1 F1800 X110.273 Y106.313 E18.65101
G0 F15000 X110.377 Y105.852
G1 F1800 X112.095 Y107.57 E18.67851
G0 F15000 X112.155 Y107.064
G1 F1800 X110.51 Y105.419 E18.70484
G0 F15000 X110.669 Y105.012
G1 F1800 X112.215 Y106.558 E18.72958
G0 F15000 X112.354 Y106.131
G1 F1800 X110.828 Y104.605 E18.75401
G0 F15000 X111.042 Y104.254
G1 F1800 X112.497 Y105.708 E18.77729
G0 F15000 X112.69 Y105.336
G1 F1800 X111.272 Y103.918 E18.79998
G0 F15000 X111.501 Y103.581
G1 F1800 X112.914 Y104.994 E18.8226
G0 F15000 X113.163 Y104.678
G1 F1800 X111.77 Y103.284 E18.8449
G0 F15000 X112.042 Y102.991
G1 F1800 X113.414 Y104.363 E18.86686
G0 F15000 X113.711 Y104.094
G1 F1800 X112.335 Y102.718 E18.88889
G0 F15000 X112.649 Y102.466
G1 F1800 X114.059 Y103.877 E18.91146
G0 F15000 X114.407 Y103.659
G1 F1800 X112.968 Y102.22 E18.9345
G0 F15000 X113.328 Y102.014
G1 F1800 X114.755 Y103.441 E18.95734
G0 F15000 X115.197 Y103.318
G1 F1800 X113.687 Y101.807 E18.98151
G0 F15000 X114.064 Y101.619
G1 F1800 X115.657 Y103.212 E19.00701
G0 F15000 X116.145 Y103.134
G1 F1800 X114.496 Y101.486 E19.03339
G0 F15000 X114.929 Y101.353
G1 F1800 X116.709 Y103.132 E19.06188
G0 F15000 X117.354 Y103.212
G1 F1800 X115.399 Y101.257 E19.09317
G0 F15000 X115.891 Y101.183
G1 F1800 X118.154 Y103.446 E19.12939
G1 F1500 E12.62939
G0 F15000 X117.937 Y103.894
G0 X118.645 Y101.089
G0 X118.434 Y101.464
G1 F1500 E19.12939
G1 F1800 X122.538 Y105.568 E19.19508
G0 F15000 X122.735 Y106.33
G1 F1800 X117.67 Y101.265 E19.27614
G0 F15000 X117.004 Y101.165
G1 F1800 X122.836 Y106.997 E19.36949
G0 F15000 X122.841 Y107.567
G1 F1800 X116.435 Y101.162 E19.47201
G0 F15000 X116.436 Y100.662
G0 X117.858 Y100.853
G0 X119.636 Y101.414
G0 X119.384 Y101.848
G1 F1800 X122.157 Y104.621 E19.5164
G1 F1500 E13.0164
G0 F15000 X122.591 Y104.37
G0 X122.865 Y105.194
G0 X120.257 Y106.211
G0 X120.565 Y105.857
G1 F1500 E19.5164
G1 F1800 X122.822 Y108.114 E19.55252
G0 F15000 X122.746 Y108.604
G1 F1800 X120.786 Y106.644 E19.58389
G0 F15000 X120.913 Y107.337
G1 F1800 X122.649 Y109.072 E19.61167
G0 F15000 X122.516 Y109.505
G1 F1800 X120.858 Y107.847 E19.63821
G0 F15000 X120.803 Y108.358
G1 F1800 X122.367 Y109.922 E19.66324
G0 F15000 X122.183 Y110.303
G1 F1800 X120.678 Y108.798 E19.68733
G0 F15000 X120.529 Y109.216
G1 F1800 X121.998 Y110.684 E19.71083
G0 F15000 X121.77 Y111.022
G1 F1800 X120.382 Y109.634 E19.73305
G0 F15000 X120.132 Y109.95
G1 F1800 X121.541 Y111.359 E19.7556
G0 F15000 X121.304 Y111.687
G1 F1800 X119.881 Y110.264 E19.77838
G0 F15000 X119.63 Y110.579
G1 F1800 X121.01 Y111.959 E19.80046
G0 F15000 X120.716 Y112.231
G1 F1800 X119.324 Y110.839 E19.82274
G0 F15000 X119.009 Y111.09
G1 F1800 X120.423 Y112.503 E19.84537
G0 F15000 X120.096 Y112.742
G1 F1800 X118.662 Y111.308 E19.86832
G0 F15000 X118.28 Y111.492
G1 F1800 X119.737 Y112.949 E19.89164
G0 F15000 X119.378 Y113.156
G1 F1800 X117.888 Y111.665 E19.9155
G0 F15000 X117.427 Y111.77
G1 F1800 X119.014 Y113.357 E19.9409
G0 F15000 X118.581 Y113.49
G1 F1800 X116.956 Y111.865 E19.96691
G0 F15000 X116.391 Y111.865
G1 F1800 X118.149 Y113.623 E19.99504
G0 F15000 X117.69 Y113.73
G1 F1800 X115.773 Y111.813 E20.02573
G0 F15000 X115.04 Y111.646
G1 F1800 X117.198 Y113.804 E20.06027
M204 S2000
G1 F1500 E13.56027
;MESH:NONMESH
G0 F600 X117.198 Y113.804 Z0.4
G0 F15000 X117.271 Y114.298
G0 X119.222 Y113.755
G0 X120.544 Y112.993
G0 X121.674 Y111.947
G0 X122.382 Y110.907
G0 X122.831 Y109.978
G0 X123.129 Y109.011
G0 X123.281 Y108.017
G0 X123.281 Y107.004
G0 X123.128 Y105.985
G0 X122.756 Y104.777
G0 X122.122 Y103.678
G0 X121.493 Y102.887
G0 X120.557 Y102.017
G0 X119.366 Y101.328
G0 X117.037 Y100.46
G0 X117.348 Y96.771
;TIME_ELAPSED:64.502772
;LAYER:1
;TYPE:SUPPORT
G1 F1500 E20.06027
G1 F3000 X117.735 Y96.79 E20.06513
G1 X119.101 Y97.041 E20.08254
G1 X120.015 Y97.329 E20.09456
G1 X120.015 Y99.911 E20.12694
G1 X120.682 Y100.232 E20.13622
G1 X121.724 Y100.942 E20.15203
G1 X122.642 Y101.795 E20.16775
G1 X122.682 Y101.845 E20.16855
G1 X123.43 Y102.784 E20.18361
G1 X124.052 Y103.857 E20.19916
G1 X124.524 Y105.075 E20.21554
G1 X124.68 Y105.668 E20.22323
G1 X124.855 Y106.829 E20.23795
G1 X124.883 Y107.512 E20.24653
G1 X124.842 Y108.425 E20.25799
G1 X124.675 Y109.37 E20.27002
G1 X124.305 Y110.563 E20.28569
G1 X123.767 Y111.685 E20.30129
G1 X123.095 Y112.669 E20.31623
G1 X122.682 Y113.156 E20.32424
G1 X122.682 Y116.322 E20.36394
G1 X121.68 Y116.959 E20.37883
G1 X120.425 Y117.545 E20.3962
G1 X120.015 Y117.675 E20.4016
G1 X120.015 Y115.103 E20.43385
G1 X119.483 Y115.33 E20.4411
G1 X118.353 Y115.675 E20.45592
G1 X117.348 Y115.825 E20.46866
G1 X117.348 Y118.23 E20.49882
G1 X116.316 Y118.279 E20.51178
G1 X114.932 Y118.165 E20.52919
G1 X114.681 Y118.111 E20.53241
G1 X114.681 Y115.677 E20.56294
G1 X114.584 Y115.658 E20.56418
G1 X113.496 Y115.32 E20.57846
G1 X112.858 Y115.048 E20.58716
G1 X112.014 Y114.56 E20.59939
G1 X112.014 Y117.287 E20.63358
G1 X111.003 Y116.772 E20.64781
G1 X109.851 Y115.988 E20.66529
G1 X109.347 Y115.534 E20.67379
G1 X109.347 Y111.846 E20.72004
G1 X109.035 Y111.353 E20.72736
G1 X108.49 Y109.961 E20.7461
G1 X108.213 Y108.749 E20.7617
G1 X108.12 Y107.491 E20.77751
G1 X108.212 Y106.251 E20.79311
G1 X108.495 Y105.021 E20.80894
G1 X108.932 Y103.907 E20.82394
G1 X109.276 Y103.259 E20.83314
G1 X109.347 Y103.157 E20.8347
G1 X109.978 Y102.245 E20.84861
G1 X110.821 Y101.34 E20.86412
G1 X111.268 Y100.956 E20.87151
G1 X112.014 Y100.448 E20.88283
G1 X112.014 Y97.713 E20.91712
G1 X112.262 Y97.589 E20.9206
G1 X113.584 Y97.122 E20.93818
G1 X114.681 Y96.888 E20.95225
G1 X114.681 Y99.322 E20.98277
G1 X115.892 Y99.143 E20.99812
G1 X117.115 Y99.143 E21.01346
G1 X117.348 Y99.176 E21.01641
G1 X117.348 Y96.771 E21.04657
G1 F1500 E14.54657
G0 F15000 X122.682 Y101.845
G1 F1500 E21.04657
G1 F3000 X122.682 Y98.637 E21.0868
G1 X123.945 Y99.7 E21.1075
G1 X125.132 Y100.994 E21.12952
G1 X126.042 Y102.473 E21.1513
G1 X126.607 Y103.733 E21.16862
G1 X127.009 Y105.081 E21.18626
G1 X127.23 Y106.446 E21.2036
G1 X127.277 Y107.861 E21.22135
G1 X127.144 Y109.24 E21.23872
G1 X126.832 Y110.597 E21.25619
G1 X126.599 Y111.276 E21.26519
G1 X126.031 Y112.547 E21.28265
G1 X125.349 Y113.655 E21.29896
G1 X125.349 Y101.347 E21.45331
G1 F1500 E14.95331
G0 F15000 X123.065 Y99.268
G0 X121.766 Y98.383
G0 X120.348 Y97.699
G0 X118.918 Y97.258
G0 X118.017 Y97.087
G0 X116.579 Y96.977
G0 X115.663 Y97.01
G0 X114.16 Y97.236
G0 X112.659 Y97.698
G0 X111.242 Y98.382
G0 X109.999 Y99.226
G0 X109.305 Y99.824
G0 X108.467 Y100.727
G0 X107.578 Y101.952
G0 X109.347 Y103.157
G1 F1500 E21.45331
G1 F3000 X109.347 Y99.465 E21.49961
G1 X108.82 Y99.933 E21.50845
G1 X107.906 Y100.991 E21.52598
G1 X107.147 Y102.145 E21.5433
G1 X106.525 Y103.42 E21.56109
G1 X106.081 Y104.725 E21.57838
G1 X105.811 Y106.095 E21.59589
G1 X105.723 Y107.493 E21.61345
G1 X105.809 Y108.89 E21.63101
G1 X106.075 Y110.243 E21.6483
G1 X106.518 Y111.577 E21.66593
G1 X106.68 Y111.907 E21.67054
G1 X106.68 Y103.102 E21.78095
M204 S429
G1 F1500 E15.28095
;MESH:The cap.stl
G0 F15000 X109.763 Y105.4
G0 X113.603 Y109.815
G0 X114.19 Y110.404
G0 X116.589 Y111.666
G0 X116.511 Y110.97
;TYPE:WALL-OUTER
G1 F1500 E21.78095
G1 F3000 X115.733 Y110.886 E21.79077
G1 X115.001 Y110.63 E21.80049
G1 X114.34 Y110.214 E21.81029
G1 X113.788 Y109.661 E21.82008
G1 X113.38 Y109.018 E21.82963
G1 X113.117 Y108.269 E21.83959
G1 X113.033 Y107.491 E21.8494
G1 X113.118 Y106.729 E21.85902
G1 X113.367 Y106.009 E21.86857
G1 X113.779 Y105.351 E21.87831
G1 X114.338 Y104.788 E21.88826
G1 X114.998 Y104.371 E21.89805
G1 X115.731 Y104.114 E21.90779
G1 X116.505 Y104.03 E21.91755
G1 X117.27 Y104.113 E21.9272
G1 X118.008 Y104.371 E21.937
G1 X118.65 Y104.775 E21.94652
G1 X119.219 Y105.34 E21.95657
G1 X119.638 Y106.009 E21.96647
G1 X119.881 Y106.706 E21.97573
G1 X119.974 Y107.484 E21.98555
G1 X119.882 Y108.29 E21.99573
G1 X119.632 Y109.005 E22.00523
G1 X119.228 Y109.647 E22.01474
G1 X118.664 Y110.215 E22.02478
G1 X118.007 Y110.629 E22.03451
G1 X117.287 Y110.883 E22.04409
G1 X116.511 Y110.97 E22.05388
G0 F15000 X116.313 Y110.949
G0 X116.235 Y111.645
G0 X116.512 Y114.08
G0 X116.491 Y114.779
G1 F3000 X117.04 Y114.759 E22.06077
G1 X118.125 Y114.596 E22.07453
G1 X119.153 Y114.279 E22.08802
G1 X120.4 Y113.678 E22.10538
G1 X121.447 Y112.841 E22.12219
G1 X122.199 Y112.03 E22.13606
G1 X122.803 Y111.143 E22.14952
G1 X123.275 Y110.165 E22.16313
G1 X123.678 Y108.867 E22.18018
G1 X123.782 Y107.507 E22.19728
G1 X123.762 Y106.956 E22.2042
G1 X123.56 Y105.615 E22.2212
G1 X123.06 Y104.341 E22.23837
G1 X122.516 Y103.399 E22.25201
G1 X121.843 Y102.556 E22.26553
G1 X121.033 Y101.803 E22.2794
G1 X120.146 Y101.2 E22.29285
G1 X119.153 Y100.721 E22.30668
G1 X117.868 Y100.325 E22.32354
G1 X116.514 Y100.221 E22.34057
G1 X115.96 Y100.241 E22.34752
G1 X114.886 Y100.402 E22.36114
G1 X113.853 Y100.721 E22.3747
G1 X112.859 Y101.2 E22.38854
G1 X111.751 Y101.95 E22.40531
G1 X110.806 Y102.97 E22.42275
G1 X110.046 Y104.085 E22.43967
G1 X109.552 Y105.339 E22.45658
G1 X109.306 Y106.409 E22.47034
G1 X109.224 Y107.492 E22.48396
G1 X109.304 Y108.58 E22.49764
G1 X109.546 Y109.639 E22.51127
G1 X109.944 Y110.658 E22.52499
G1 X110.489 Y111.601 E22.53864
G1 X111.339 Y112.665 E22.55572
G1 X112.402 Y113.514 E22.57278
G1 X113.581 Y114.195 E22.58986
G1 X115.138 Y114.675 E22.61029
G1 X116.491 Y114.779 E22.62731
M204 S1500
G0 F15000 X116.691 Y114.772
G0 X116.752 Y114.398
;TYPE:WALL-INNER
G1 F3300 X118.036 Y114.205 E22.64359
G1 X119.007 Y113.905 E22.65633
G1 X120.185 Y113.337 E22.67273
G1 X121.174 Y112.547 E22.68861
G1 X121.885 Y111.78 E22.70172
G1 X122.455 Y110.943 E22.71442
G1 X122.902 Y110.018 E22.7273
G1 X123.283 Y108.79 E22.74343
G1 X123.401 Y107.247 E22.76283
G1 X123.171 Y105.719 E22.78221
G1 X122.698 Y104.515 E22.79843
G1 X122.185 Y103.625 E22.81132
G1 X121.549 Y102.829 E22.82409
G1 X120.783 Y102.117 E22.83721
G1 X119.946 Y101.548 E22.8499
G1 X119.006 Y101.095 E22.86299
G1 X117.796 Y100.722 E22.87886
G1 X116.25 Y100.602 E22.89831
G1 X114.975 Y100.793 E22.91448
G1 X114 Y101.094 E22.92727
G1 X113.059 Y101.548 E22.94038
G1 X112.012 Y102.257 E22.95623
G1 X111.12 Y103.22 E22.97269
G1 X110.399 Y104.278 E22.98875
G1 X109.935 Y105.458 E23.00465
G1 X109.703 Y106.469 E23.01766
G1 X109.625 Y107.492 E23.03052
G1 X109.701 Y108.52 E23.04345
G1 X109.929 Y109.521 E23.05632
G1 X110.306 Y110.484 E23.06929
G1 X110.821 Y111.375 E23.0822
G1 X111.624 Y112.381 E23.09834
G1 X112.628 Y113.182 E23.11445
G1 X113.742 Y113.825 E23.13058
G1 X115.21 Y114.278 E23.14984
G1 X116.752 Y114.398 E23.16924
G0 F15000 X116.741 Y114.07
G0 X116.475 Y111.671
G0 X116.509 Y111.374
G1 F3300 X115.649 Y111.277 E23.18009
G1 X114.834 Y110.994 E23.19091
G1 X114.09 Y110.527 E23.20193
G1 X113.473 Y109.914 E23.21283
G1 X113.013 Y109.179 E23.22371
G1 X112.727 Y108.359 E23.2346
G1 X112.629 Y107.508 E23.24534
G1 X112.724 Y106.639 E23.2563
G1 X113.023 Y105.802 E23.26745
G1 X113.473 Y105.087 E23.27804
G1 X114.085 Y104.478 E23.28887
G1 X114.824 Y104.011 E23.29983
G1 X115.642 Y103.72 E23.31072
G1 X116.514 Y103.625 E23.32172
G1 X117.369 Y103.721 E23.33251
G1 X118.182 Y104.01 E23.34333
G1 X118.916 Y104.468 E23.35418
G1 X119.533 Y105.09 E23.36517
G1 X119.996 Y105.82 E23.37601
G1 X120.279 Y106.634 E23.38681
G1 X120.377 Y107.5 E23.39774
G1 X120.281 Y108.343 E23.40838
G1 X119.993 Y109.179 E23.41947
G1 X119.535 Y109.911 E23.4303
G1 X118.914 Y110.528 E23.44128
G1 X118.184 Y110.992 E23.45213
G1 X117.362 Y111.28 E23.46305
G1 X116.509 Y111.374 E23.47381
M204 S1000
G0 F15000 X116.516 Y111.693
;TYPE:SKIN
G1 F2400 X115.563 Y111.585 E23.48524
G1 X114.685 Y111.278 E23.49632
G1 X113.894 Y110.778 E23.50746
G1 X113.221 Y110.104 E23.51881
G1 X112.726 Y109.334 E23.52972
G1 X112.414 Y108.425 E23.54117
G1 X112.308 Y107.495 E23.55232
G1 X112.41 Y106.57 E23.5634
G1 X112.713 Y105.699 E23.57439
G1 X113.236 Y104.877 E23.586
G1 X113.911 Y104.204 E23.59735
G1 X114.684 Y103.722 E23.60821
G1 X115.554 Y103.412 E23.61921
G1 X116.495 Y103.305 E23.63049
G1 X117.464 Y103.415 E23.64211
G1 X118.323 Y103.721 E23.65297
G1 X119.102 Y104.206 E23.66391
G1 X119.783 Y104.891 E23.67541
G1 X120.279 Y105.664 E23.68635
G1 X120.587 Y106.546 E23.69748
G1 X120.699 Y107.516 E23.70912
G1 X120.588 Y108.456 E23.72039
G1 X120.283 Y109.32 E23.73131
G1 X119.793 Y110.103 E23.74231
G1 X119.116 Y110.776 E23.75369
G1 X118.327 Y111.282 E23.76485
G1 X117.45 Y111.589 E23.77592
G1 X116.516 Y111.693 E23.78712
G0 F15000 X116.748 Y114.07
G0 X116.747 Y114.076
G1 F2400 X117.96 Y113.893 E23.80173
G1 X118.88 Y113.609 E23.8132
G1 X120.022 Y113.058 E23.82831
G1 X120.95 Y112.316 E23.84246
G1 X121.638 Y111.574 E23.85452
G1 X122.173 Y110.786 E23.86587
G1 X122.605 Y109.892 E23.87769
G1 X122.965 Y108.733 E23.89215
G1 X123.079 Y107.249 E23.90988
G1 X122.861 Y105.806 E23.92727
G1 X122.409 Y104.655 E23.942
G1 X121.918 Y103.805 E23.9537
G1 X121.317 Y103.052 E23.96517
G1 X120.577 Y102.364 E23.97721
G1 X119.79 Y101.831 E23.98854
G1 X118.881 Y101.391 E24.00057
G1 X117.736 Y101.039 E24.01484
G1 X116.255 Y100.924 E24.03253
G1 X115.051 Y101.105 E24.04704
G1 X114.125 Y101.391 E24.05859
G1 X113.215 Y101.829 E24.07062
G1 X112.226 Y102.501 E24.08486
G1 X111.366 Y103.427 E24.09992
G1 X110.685 Y104.426 E24.11432
G1 X110.244 Y105.546 E24.12866
G1 X110.02 Y106.523 E24.1406
G1 X109.947 Y107.499 E24.15226
G1 X110.018 Y108.465 E24.1638
G1 X110.238 Y109.43 E24.17559
G1 X110.595 Y110.342 E24.18726
G1 X111.088 Y111.195 E24.199
G1 X111.849 Y112.15 E24.21355
G1 X112.805 Y112.913 E24.22812
G1 X113.873 Y113.53 E24.24281
G1 X115.27 Y113.961 E24.26023
G1 X116.747 Y114.076 E24.27788
G0 F15000 X116.748 Y114.07
G0 X119.324 Y113.172
G1 F2400 X122.172 Y110.324 E24.32586
G0 F15000 X122.553 Y109.377
G1 F2400 X118.376 Y113.554 E24.39624
G0 F15000 X117.623 Y113.741
G1 F2400 X122.772 Y108.592 E24.48299
G0 F15000 X122.82 Y107.979
G1 F2400 X116.956 Y113.842 E24.58177
G0 F15000 X116.386 Y113.847
G1 F2400 X122.868 Y107.365 E24.69098
G0 F15000 X122.815 Y106.853
G1 F2400 X120.575 Y109.093 E24.72872
G0 F15000 X120.811 Y108.291
G1 F2400 X122.741 Y106.361 E24.76124
G0 F15000 X122.667 Y105.869
G1 F2400 X120.885 Y107.651 E24.79126
G0 F15000 X120.857 Y107.113
G1 F2400 X122.509 Y105.461 E24.8191
G0 F15000 X122.349 Y105.055
G1 F2400 X120.799 Y106.606 E24.84522
G0 F15000 X120.667 Y106.172
G1 F2400 X122.179 Y104.66 E24.87069
G0 F15000 X121.972 Y104.301
G1 F2400 X120.519 Y105.754 E24.89517
G0 F15000 X120.332 Y105.375
G1 F2400 X121.765 Y103.943 E24.91931
G0 F15000 X121.517 Y103.625
G1 F2400 X120.111 Y105.031 E24.943
G0 F15000 X119.876 Y104.7
G1 F2400 X121.266 Y103.31 E24.96641
G0 F15000 X120.99 Y103.02
G1 F2400 X119.595 Y104.415 E24.98992
G0 F15000 X119.315 Y104.129
G1 F2400 X120.697 Y102.748 E25.01319
G0 F15000 X120.396 Y102.483
G1 F2400 X118.983 Y103.896 E25.037
G0 F15000 X118.634 Y103.68
G1 F2400 X120.058 Y102.255 E25.061
G0 F15000 X119.721 Y102.027
G1 F2400 X118.26 Y103.487 E25.08561
G0 F15000 X117.844 Y103.338
G1 F2400 X119.344 Y101.838 E25.11088
G0 F15000 X118.962 Y101.654
G1 F2400 X117.41 Y103.207 E25.13703
G0 F15000 X116.904 Y103.147
G1 F2400 X118.551 Y101.5 E25.16478
G0 F15000 X118.119 Y101.366
G1 F2400 X116.367 Y103.118 E25.1943
G0 F15000 X115.732 Y103.188
G1 F2400 X117.683 Y101.237 E25.22717
G0 F15000 X117.158 Y101.196
G1 F2400 X114.933 Y103.421 E25.26466
G0 F15000 X114.654 Y101.437
G1 F2400 X110.42 Y105.671 E25.33599
G0 F15000 X110.252 Y106.405
G1 F2400 X115.401 Y101.255 E25.42275
G0 F15000 X116.068 Y101.155
G1 F2400 X110.181 Y107.041 E25.52193
G0 F15000 X110.156 Y107.632
G1 F2400 X116.633 Y101.155 E25.63105
G0 F15000 X113.716 Y101.809
G1 F2400 X110.768 Y104.757 E25.68072
G0 F15000 X112.417 Y105.936
G1 F2400 X110.195 Y108.159 E25.71816
G0 F15000 X110.266 Y108.654
G1 F2400 X112.19 Y106.729 E25.75059
G0 F15000 X112.119 Y107.366
G1 F2400 X110.371 Y109.114 E25.78004
G0 F15000 X110.5 Y109.551
G1 F2400 X112.149 Y107.901 E25.80783
G0 F15000 X112.21 Y108.407
G1 F2400 X110.659 Y109.957 E25.83395
G0 F15000 X110.831 Y110.351
G1 F2400 X112.343 Y108.839 E25.85943
G0 F15000 X112.485 Y109.262
G1 F2400 X111.039 Y110.709 E25.8838
G0 F15000 X111.246 Y111.068
G1 F2400 X112.679 Y109.634 E25.90795
G0 F15000 X112.9 Y109.979
G1 F2400 X111.495 Y111.384 E25.93162
G0 F15000 X111.746 Y111.699
G1 F2400 X113.139 Y110.306 E25.95509
G0 F15000 X113.422 Y110.588
G1 F2400 X111.998 Y112.012 E25.97908
G0 F15000 X112.313 Y112.263
G1 F2400 X113.705 Y110.871 E26.00253
G0 F15000 X114.037 Y111.104
G1 F2400 X112.627 Y112.514 E26.02629
G0 F15000 X112.945 Y112.763
G1 F2400 X114.384 Y111.324 E26.05053
G0 F15000 X114.755 Y111.518
G1 F2400 X113.303 Y112.97 E26.075
G0 F15000 X113.663 Y113.176
G1 F2400 X115.175 Y111.664 E26.10047
G0 F15000 X115.607 Y111.797
G1 F2400 X114.035 Y113.369 E26.12696
G0 F15000 X114.467 Y113.503
G1 F2400 X116.116 Y111.854 E26.15474
G0 F15000 X116.657 Y111.879
G1 F2400 X114.899 Y113.637 E26.18436
G0 F15000 X115.338 Y113.764
G1 F2400 X117.292 Y111.81 E26.21728
G0 F15000 X118.092 Y111.575
G1 F2400 X115.862 Y113.806 E26.25486
M204 S2000
G0 F15000 X115.868 Y113.729
G1 F1500 E19.75486
;MESH:NONMESH
G0 F600 X115.868 Y113.729 Z0.6
G0 F15000 X113.159 Y109.113
G0 X112.885 Y108.328
G0 X112.79 Y107.502
G0 X112.882 Y106.678
G0 X113.156 Y105.892
G0 X117.065 Y100.482
G0 X117.348 Y96.771
;TIME_ELAPSED:82.678866
;LAYER:2
;TYPE:SUPPORT
G1 F1500 E26.25486
G1 F3000 X117.735 Y96.79 E26.25972
G1 X119.101 Y97.041 E26.27713
G1 X120.015 Y97.329 E26.28915
G1 X120.015 Y99.911 E26.32153
G1 X120.682 Y100.232 E26.33081
G1 X121.726 Y100.944 E26.34666
G1 X122.642 Y101.795 E26.36234
G1 X122.682 Y101.845 E26.36314
G1 X123.43 Y102.784 E26.3782
G1 X124.052 Y103.857 E26.39375
G1 X124.524 Y105.075 E26.41013
G1 X124.666 Y105.603 E26.41699
G1 X124.862 Y106.867 E26.43303
G1 X124.862 Y108.125 E26.4488
G1 X124.675 Y109.363 E26.46451
G1 X124.309 Y110.55 E26.48008
G1 X123.76 Y111.695 E26.49601
G1 X123.092 Y112.672 E26.51085
G1 X122.682 Y113.156 E26.5188
G1 X122.682 Y116.322 E26.55851
G1 X121.68 Y116.959 E26.5734
G1 X120.425 Y117.545 E26.59077
G1 X120.015 Y117.675 E26.59616
G1 X120.015 Y115.099 E26.62846
G1 X119.522 Y115.318 E26.63523
G1 X118.357 Y115.673 E26.6505
G1 X117.348 Y115.825 E26.6633
G1 X117.348 Y118.23 E26.69346
G1 X116.316 Y118.279 E26.70641
G1 X114.932 Y118.165 E26.72383
G1 X114.681 Y118.111 E26.72705
G1 X114.681 Y115.679 E26.75754
G1 X114.632 Y115.671 E26.75817
G1 X113.416 Y115.29 E26.77415
G1 X112.81 Y115.021 E26.78246
G1 X112.014 Y114.56 E26.794
G1 X112.014 Y117.287 E26.8282
G1 X111.003 Y116.772 E26.84242
G1 X109.851 Y115.988 E26.8599
G1 X109.347 Y115.534 E26.8684
G1 X109.347 Y111.846 E26.91465
G1 X109.284 Y111.753 E26.91606
G1 X108.929 Y111.083 E26.92557
G1 X108.492 Y109.97 E26.94057
G1 X108.214 Y108.751 E26.95624
G1 X108.121 Y107.503 E26.97194
G1 X108.214 Y106.246 E26.98774
G1 X108.494 Y105.028 E27.00342
G1 X108.973 Y103.823 E27.01968
G1 X109.276 Y103.259 E27.02771
G1 X109.347 Y103.157 E27.02927
G1 X109.978 Y102.245 E27.04317
G1 X110.83 Y101.332 E27.05883
G1 X111.259 Y100.963 E27.06593
G1 X112.014 Y100.448 E27.07739
G1 X112.014 Y97.713 E27.11169
G1 X112.262 Y97.589 E27.11517
G1 X113.584 Y97.122 E27.13275
G1 X114.681 Y96.888 E27.14681
G1 X114.681 Y99.345 E27.17763
G1 X115.254 Y99.212 E27.185
G1 X116.524 Y99.12 E27.20097
G1 X117.115 Y99.143 E27.20839
G1 X117.348 Y99.177 E27.21134
G1 X117.348 Y96.771 E27.24151
G1 F1500 E20.74151
G0 F15000 X122.682 Y101.845
G1 F1500 E27.24151
G1 F3000 X122.682 Y98.637 E27.28174
G1 X123.945 Y99.7 E27.30244
G1 X125.132 Y100.994 E27.32446
G1 X126.042 Y102.473 E27.34624
G1 X126.607 Y103.733 E27.36356
G1 X127.009 Y105.081 E27.3812
G1 X127.23 Y106.446 E27.39854
G1 X127.277 Y107.861 E27.41629
G1 X127.144 Y109.24 E27.43367
G1 X126.832 Y110.597 E27.45113
G1 X126.6 Y111.273 E27.46009
G1 X126.031 Y112.547 E27.47759
G1 X125.349 Y113.655 E27.4939
G1 X125.349 Y101.347 E27.64825
G1 F1500 E21.14825
G0 F15000 X123.065 Y99.268
G0 X121.766 Y98.383
G0 X120.347 Y97.698
G0 X118.846 Y97.236
G0 X117.344 Y97.01
G0 X116.447 Y96.977
G0 X114.936 Y97.09
G0 X113.454 Y97.427
G0 X112.605 Y97.725
G0 X111.241 Y98.383
G0 X109.984 Y99.238
G0 X109.303 Y99.825
G0 X108.467 Y100.727
G0 X107.578 Y101.952
G0 X109.347 Y103.157
G1 F1500 E27.64825
G1 F3000 X109.347 Y99.465 E27.69455
G1 X108.82 Y99.933 E27.70339
G1 X107.906 Y100.991 E27.72092
G1 X107.147 Y102.145 E27.73824
G1 X106.525 Y103.42 E27.75603
G1 X106.081 Y104.725 E27.77332
G1 X105.811 Y106.095 E27.79083
G1 X105.723 Y107.493 E27.8084
G1 X105.809 Y108.89 E27.82595
G1 X106.076 Y110.246 E27.84328
G1 X106.518 Y111.577 E27.86087
G1 X106.68 Y111.907 E27.86548
G1 X106.68 Y103.102 E27.97589
M204 S429
G1 F1500 E21.47589
;MESH:The cap.stl
G0 F15000 X109.758 Y105.417
G0 X113.603 Y109.815
G0 X114.19 Y110.404
G0 X116.431 Y111.666
G0 X116.509 Y110.97
;TYPE:WALL-OUTER
G1 F1500 E27.97589
G1 F3000 X115.731 Y110.886 E27.98571
G1 X114.978 Y110.618 E27.99573
G1 X114.34 Y110.214 E28.0052
G1 X113.788 Y109.661 E28.015
G1 X113.367 Y108.99 E28.02493
G1 X113.117 Y108.269 E28.0345
G1 X113.033 Y107.492 E28.0443
G1 X113.117 Y106.729 E28.05393
G1 X113.367 Y106.01 E28.06348
G1 X113.779 Y105.351 E28.07322
G1 X114.337 Y104.788 E28.08316
G1 X114.997 Y104.371 E28.09295
G1 X115.731 Y104.114 E28.1027
G1 X116.493 Y104.03 E28.11232
G1 X117.287 Y104.117 E28.12234
G1 X118.008 Y104.371 E28.13192
G1 X118.65 Y104.775 E28.14143
G1 X119.219 Y105.34 E28.15149
G1 X119.638 Y106.009 E28.16139
G1 X119.881 Y106.705 E28.17063
G1 X119.974 Y107.492 E28.18057
G1 X119.882 Y108.29 E28.19064
G1 X119.632 Y109.004 E28.20013
G1 X119.228 Y109.647 E28.20965
G1 X118.675 Y110.205 E28.21951
G1 X118.001 Y110.632 E28.22951
G1 X117.287 Y110.883 E28.239
G1 X116.509 Y110.97 E28.24882
G0 F15000 X116.311 Y110.949
G0 X116.233 Y111.644
G0 X116.011 Y114.06
G0 X115.953 Y114.759
G1 F3000 X117.052 Y114.759 E28.2626
G1 X118.12 Y114.598 E28.27615
G1 X119.424 Y114.195 E28.29326
G1 X120.606 Y113.512 E28.31038
G1 X121.033 Y113.197 E28.31704
G1 X122.046 Y112.257 E28.33437
G1 X122.803 Y111.143 E28.35126
G1 X123.281 Y110.15 E28.36508
G1 X123.601 Y109.115 E28.37866
G1 X123.762 Y108.049 E28.39218
G1 X123.762 Y106.949 E28.40598
G1 X123.559 Y105.614 E28.42291
G1 X123.06 Y104.341 E28.44006
G1 X122.516 Y103.399 E28.4537
G1 X121.843 Y102.556 E28.46722
G1 X121.033 Y101.803 E28.48109
G1 X120.146 Y101.2 E28.49454
G1 X119.153 Y100.721 E28.50837
G1 X118.125 Y100.404 E28.52186
G1 X116.772 Y100.201 E28.53902
G1 X115.42 Y100.304 E28.55602
G1 X114.094 Y100.605 E28.57307
G1 X112.86 Y101.2 E28.59025
G1 X111.748 Y101.954 E28.6071
G1 X110.806 Y102.97 E28.62448
G1 X110.045 Y104.086 E28.64141
G1 X109.547 Y105.355 E28.65851
G1 X109.304 Y106.42 E28.67221
G1 X109.224 Y107.506 E28.68586
G1 X109.304 Y108.58 E28.69937
G1 X109.546 Y109.64 E28.713
G1 X110.044 Y110.913 E28.73015
G1 X110.806 Y112.03 E28.7471
G1 X111.558 Y112.84 E28.76096
G1 X112.402 Y113.514 E28.77451
G1 X113.584 Y114.197 E28.79163
G1 X114.886 Y114.598 E28.80871
G1 X115.953 Y114.759 E28.82224
M204 S1500
G0 F15000 X116.153 Y114.759
G0 X115.983 Y114.359
;TYPE:WALL-INNER
G1 F3300 X117.022 Y114.359 E28.83527
G1 X118.031 Y114.207 E28.84807
G1 X119.263 Y113.826 E28.86424
G1 X120.596 Y113.055 E28.88355
G1 X121.738 Y111.997 E28.90307
G1 X122.455 Y110.943 E28.91906
G1 X122.907 Y110.004 E28.93213
G1 X123.21 Y109.025 E28.94498
G1 X123.362 Y108.019 E28.95774
G1 X123.362 Y106.979 E28.97078
G1 X123.17 Y105.718 E28.98678
G1 X122.698 Y104.515 E29.00298
G1 X122.185 Y103.625 E29.01587
G1 X121.549 Y102.829 E29.02864
G1 X120.783 Y102.117 E29.04176
G1 X119.946 Y101.548 E29.05445
G1 X119.006 Y101.095 E29.06753
G1 X118.036 Y100.795 E29.08027
G1 X116.759 Y100.604 E29.09646
G1 X115.48 Y100.7 E29.11254
G1 X114.227 Y100.985 E29.12866
G1 X113.06 Y101.548 E29.14491
G1 X112.008 Y102.261 E29.16084
G1 X111.12 Y103.22 E29.17723
G1 X110.399 Y104.279 E29.1933
G1 X109.93 Y105.473 E29.20939
G1 X109.701 Y106.48 E29.22234
G1 X109.625 Y107.506 E29.23524
G1 X109.701 Y108.52 E29.24799
G1 X109.929 Y109.522 E29.26088
G1 X110.4 Y110.725 E29.27708
G1 X111.12 Y111.78 E29.2931
G1 X111.831 Y112.546 E29.3062
G1 X112.628 Y113.182 E29.31899
G1 X113.745 Y113.828 E29.33517
G1 X114.975 Y114.207 E29.35131
G1 X115.983 Y114.359 E29.36409
G0 F15000 X116.011 Y114.06
G0 X116.475 Y111.671
G0 X116.509 Y111.37
G1 F3300 X115.642 Y111.276 E29.37503
G1 X114.827 Y110.995 E29.38584
G1 X114.09 Y110.527 E29.39679
G1 X113.474 Y109.909 E29.40773
G1 X113.018 Y109.188 E29.41843
G1 X112.727 Y108.359 E29.42945
G1 X112.629 Y107.506 E29.44022
G1 X112.727 Y106.64 E29.45114
G1 X113.017 Y105.812 E29.46215
G1 X113.473 Y105.087 E29.47289
G1 X114.082 Y104.48 E29.48367
G1 X114.823 Y104.011 E29.49467
G1 X115.643 Y103.724 E29.50556
G1 X116.501 Y103.627 E29.51639
G1 X117.367 Y103.72 E29.52731
G1 X118.182 Y104.01 E29.53816
G1 X118.916 Y104.468 E29.54901
G1 X119.533 Y105.09 E29.56
G1 X119.996 Y105.82 E29.57084
G1 X120.279 Y106.633 E29.58163
G1 X120.374 Y107.492 E29.59247
G1 X120.28 Y108.365 E29.60348
G1 X119.993 Y109.178 E29.61429
G1 X119.538 Y109.907 E29.62507
G1 X118.895 Y110.543 E29.63641
G1 X118.161 Y110.999 E29.64725
G1 X117.361 Y111.28 E29.65788
G1 X116.509 Y111.37 E29.66862
M204 S1000
G0 F15000 X116.51 Y111.695
;TYPE:SKIN
G1 F2400 X115.567 Y111.592 E29.67993
G1 X114.674 Y111.277 E29.69121
G1 X113.888 Y110.774 E29.70232
G1 X113.234 Y110.129 E29.71327
G1 X112.725 Y109.322 E29.72463
G1 X112.414 Y108.425 E29.73594
G1 X112.307 Y107.49 E29.74716
G1 X112.414 Y106.573 E29.75815
G1 X112.709 Y105.704 E29.76909
G1 X113.217 Y104.901 E29.78041
G1 X113.918 Y104.199 E29.79223
G1 X114.679 Y103.723 E29.80292
G1 X115.579 Y103.411 E29.81427
G1 X116.481 Y103.307 E29.82509
G1 X117.465 Y103.414 E29.83688
G1 X118.323 Y103.721 E29.84773
G1 X119.102 Y104.206 E29.85867
G1 X119.783 Y104.89 E29.87016
G1 X120.29 Y105.689 E29.88144
G1 X120.594 Y106.574 E29.89259
G1 X120.692 Y107.488 E29.90354
G1 X120.589 Y108.454 E29.91511
G1 X120.281 Y109.321 E29.92607
G1 X119.785 Y110.113 E29.9372
G1 X119.127 Y110.77 E29.94828
G1 X118.339 Y111.274 E29.95943
G1 X117.448 Y111.589 E29.97068
G1 X116.51 Y111.695 E29.98193
G0 F15000 X116.001 Y114.039
G1 F2400 X117.005 Y114.039 E29.99389
G1 X117.955 Y113.895 E30.00534
G1 X119.136 Y113.529 E30.02007
G1 X120.401 Y112.8 E30.03746
G1 X121.496 Y111.781 E30.05528
G1 X122.172 Y110.787 E30.0696
G1 X122.611 Y109.878 E30.08163
G1 X122.898 Y108.948 E30.09322
G1 X123.042 Y108.001 E30.10464
G1 X123.042 Y106.997 E30.1166
G1 X122.859 Y105.801 E30.13101
G1 X122.405 Y104.648 E30.14577
G1 X121.92 Y103.808 E30.15733
G1 X121.317 Y103.052 E30.16885
G1 X120.577 Y102.364 E30.18089
G1 X119.79 Y101.831 E30.19221
G1 X118.881 Y101.391 E30.20424
G1 X117.97 Y101.111 E30.2156
G1 X116.738 Y100.928 E30.23043
G1 X115.529 Y101.02 E30.24488
G1 X114.337 Y101.288 E30.25943
G1 X113.216 Y101.83 E30.27427
G1 X112.224 Y102.503 E30.28855
G1 X111.366 Y103.427 E30.30357
G1 X110.685 Y104.427 E30.31798
G1 X110.239 Y105.561 E30.3325
G1 X110.018 Y106.535 E30.3444
G1 X109.947 Y107.511 E30.35606
G1 X110.018 Y108.465 E30.36745
G1 X110.238 Y109.431 E30.37926
G1 X110.684 Y110.572 E30.39385
G1 X111.366 Y111.573 E30.40828
G1 X112.054 Y112.315 E30.42034
G1 X112.805 Y112.914 E30.43178
G1 X113.879 Y113.534 E30.44656
G1 X115.051 Y113.895 E30.46117
G1 X116.001 Y114.039 E30.47261
G0 F15000 X113.856 Y113.291
G1 F2400 X110.746 Y110.18 E30.52502
G0 F15000 X110.409 Y109.277
G1 F2400 X114.713 Y113.581 E30.59753
G0 F15000 X115.45 Y113.752
G1 F2400 X110.24 Y108.543 E30.6853
G0 F15000 X110.175 Y107.912
G1 F2400 X116.101 Y113.838 E30.78514
G0 F15000 X116.666 Y113.838
G1 F2400 X113.761 Y110.933 E30.83409
G0 F15000 X113.05 Y110.221
G1 F2400 X110.159 Y107.331 E30.88279
G0 F15000 X110.198 Y106.804
G1 F2400 X112.402 Y109.008 E30.91992
G0 F15000 X112.189 Y108.229
G1 F2400 X110.273 Y106.313 E30.9522
G0 F15000 X110.377 Y105.851
G1 F2400 X112.112 Y107.587 E30.98144
G0 F15000 X112.155 Y107.064
G1 F2400 X110.509 Y105.418 E31.00917
G0 F15000 X110.668 Y105.011
G1 F2400 X112.215 Y106.558 E31.03524
G0 F15000 X112.354 Y106.131
G1 F2400 X110.828 Y104.605 E31.06095
G0 F15000 X111.042 Y104.254
G1 F2400 X112.497 Y105.708 E31.08545
G0 F15000 X112.699 Y105.345
G1 F2400 X111.271 Y103.917 E31.10951
G0 F15000 X111.5 Y103.581
G1 F2400 X112.92 Y105.001 E31.13343
G0 F15000 X113.157 Y104.672
G1 F2400 X111.769 Y103.284 E31.15682
G0 F15000 X112.041 Y102.99
G1 F2400 X113.439 Y104.388 E31.18037
G0 F15000 X113.721 Y104.105
G1 F2400 X112.314 Y102.698 E31.20408
G0 F15000 X112.642 Y102.46
G1 F2400 X114.057 Y103.874 E31.22791
G0 F15000 X114.405 Y103.657
G1 F2400 X112.98 Y102.232 E31.25192
G0 F15000 X113.317 Y102.003
G1 F2400 X114.788 Y103.474 E31.2767
G0 F15000 X115.206 Y103.327
G1 F2400 X113.698 Y101.819 E31.30211
G0 F15000 X114.079 Y101.634
G1 F2400 X115.645 Y103.2 E31.32849
G0 F15000 X116.152 Y103.142
G1 F2400 X114.472 Y101.462 E31.3568
G0 F15000 X114.934 Y101.358
G1 F2400 X116.703 Y103.126 E31.38659
G0 F15000 X117.341 Y103.199
G1 F2400 X115.396 Y101.254 E31.41936
G0 F15000 X115.9 Y101.192
G1 F2400 X118.158 Y103.451 E31.45741
G0 F15000 X118.433 Y101.462
G1 F2400 X122.56 Y105.59 E31.52695
G0 F15000 X122.737 Y106.332
G1 F2400 X117.674 Y101.269 E31.61225
G0 F15000 X117.009 Y101.17
G1 F2400 X122.84 Y107 E31.71049
G0 F15000 X122.841 Y107.567
G1 F2400 X116.425 Y101.152 E31.81858
G0 F15000 X119.402 Y101.866
G1 F2400 X122.157 Y104.621 E31.86499
G0 F15000 X120.551 Y105.843
G1 F2400 X122.822 Y108.114 E31.90325
G0 F15000 X122.747 Y108.605
G1 F2400 X120.804 Y106.662 E31.93599
G0 F15000 X120.871 Y107.294
G1 F2400 X122.649 Y109.072 E31.96595
G0 F15000 X122.516 Y109.505
G1 F2400 X120.855 Y107.844 E31.99393
G0 F15000 X120.802 Y108.357
G1 F2400 X122.366 Y109.921 E32.02028
G0 F15000 X122.183 Y110.303
G1 F2400 X120.677 Y108.798 E32.04565
G0 F15000 X120.529 Y109.215
G1 F2400 X121.998 Y110.684 E32.07039
G0 F15000 X121.769 Y111.021
G1 F2400 X120.343 Y109.595 E32.09442
G0 F15000 X120.127 Y109.945
G1 F2400 X121.539 Y111.357 E32.11821
G0 F15000 X121.302 Y111.686
G1 F2400 X119.899 Y110.282 E32.14186
G0 F15000 X119.616 Y110.565
G1 F2400 X121.009 Y111.958 E32.16533
G0 F15000 X120.716 Y112.231
G1 F2400 X119.332 Y110.847 E32.18864
G0 F15000 X119.003 Y111.083
G1 F2400 X120.423 Y112.503 E32.21257
G0 F15000 X120.096 Y112.742
G1 F2400 X118.659 Y111.305 E32.23678
G0 F15000 X118.294 Y111.505
G1 F2400 X119.737 Y112.949 E32.2611
G0 F15000 X119.379 Y113.156
G1 F2400 X117.873 Y111.651 E32.28646
G0 F15000 X117.449 Y111.792
G1 F2400 X119.014 Y113.357 E32.31283
G0 F15000 X118.581 Y113.49
G1 F2400 X116.939 Y111.848 E32.34049
G0 F15000 X116.409 Y111.884
G1 F2400 X118.149 Y113.624 E32.36981
G0 F15000 X117.691 Y113.731
G1 F2400 X115.774 Y111.814 E32.40211
G0 F15000 X114.999 Y111.605
G1 F2400 X117.2 Y113.806 E32.43919
M204 S2000
G0 F15000 X117.19 Y113.726
G1 F1500 E25.93919
;MESH:NONMESH
G0 F600 X117.19 Y113.726 Z0.8
G0 F15000 X119.849 Y109.108
G0 X120.122 Y108.322
G0 X120.216 Y107.498
G0 X120.12 Y106.672
G0 X117.019 Y100.459
G0 X117.348 Y96.771
;TIME_ELAPSED:100.886062
;LAYER:3
;TYPE:SUPPORT
G1 F1500 E32.43919
G1 F3000 X117.735 Y96.79 E32.44405
G1 X119.101 Y97.041 E32.46147
G1 X120.015 Y97.329 E32.47348
G1 X120.015 Y99.911 E32.50586
G1 X120.682 Y100.232 E32.51514
G1 X121.726 Y100.944 E32.53099
G1 X122.642 Y101.795 E32.54667
G1 X122.682 Y101.845 E32.54747
G1 X123.43 Y102.784 E32.56253
G1 X124.052 Y103.857 E32.57808
G1 X124.524 Y105.075 E32.59446
G1 X124.666 Y105.603 E32.60132
G1 X124.862 Y106.867 E32.61736
G1 X124.862 Y108.125 E32.63314
G1 X124.675 Y109.363 E32.64884
G1 X124.309 Y110.55 E32.66441
G1 X123.76 Y111.695 E32.68034
G1 X123.092 Y112.672 E32.69518
G1 X122.682 Y113.156 E32.70313
G1 X122.682 Y116.322 E32.74284
G1 X121.68 Y116.959 E32.75773
G1 X120.425 Y117.545 E32.7751
G1 X120.015 Y117.675 E32.78049
G1 X120.015 Y115.098 E32.81281
G1 X119.497 Y115.328 E32.81991
G1 X118.356 Y115.673 E32.83486
G1 X117.348 Y115.825 E32.84765
G1 X117.348 Y118.23 E32.87781
G1 X116.316 Y118.279 E32.89076
G1 X114.932 Y118.165 E32.90818
G1 X114.681 Y118.111 E32.9114
G1 X114.681 Y115.679 E32.94189
G1 X114.632 Y115.671 E32.94252
G1 X113.416 Y115.29 E32.9585
G1 X112.81 Y115.021 E32.96681
G1 X112.014 Y114.56 E32.97835
G1 X112.014 Y117.287 E33.01254
G1 X111.003 Y116.772 E33.02677
G1 X109.851 Y115.988 E33.04425
G1 X109.347 Y115.534 E33.05275
G1 X109.347 Y111.846 E33.099
G1 X109.284 Y111.753 E33.10041
G1 X108.929 Y111.083 E33.10992
G1 X108.492 Y109.97 E33.12491
G1 X108.214 Y108.751 E33.14059
G1 X108.121 Y107.503 E33.15629
G1 X108.214 Y106.246 E33.17209
G1 X108.494 Y105.028 E33.18777
G1 X108.973 Y103.823 E33.20403
G1 X109.276 Y103.259 E33.21206
G1 X109.347 Y103.157 E33.21362
G1 X109.978 Y102.245 E33.22752
G1 X110.83 Y101.332 E33.24318
G1 X111.259 Y100.963 E33.25028
G1 X112.014 Y100.448 E33.26174
G1 X112.014 Y97.713 E33.29604
G1 X112.262 Y97.589 E33.29952
G1 X113.584 Y97.122 E33.3171
G1 X114.681 Y96.888 E33.33116
G1 X114.681 Y99.345 E33.36198
G1 X115.254 Y99.212 E33.36935
G1 X116.521 Y99.12 E33.38528
G1 X117.115 Y99.143 E33.39274
G1 X117.348 Y99.177 E33.39569
G1 X117.348 Y96.771 E33.42586
G1 F1500 E26.92586
G0 F15000 X122.682 Y101.845
G1 F1500 E33.42586
G1 F3000 X122.682 Y98.637 E33.46609
G1 X123.945 Y99.7 E33.48679
G1 X125.132 Y100.994 E33.50881
G1 X126.042 Y102.473 E33.53059
G1 X126.607 Y103.733 E33.54791
G1 X127.009 Y105.081 E33.56555
G1 X127.23 Y106.446 E33.58289
G1 X127.277 Y107.861 E33.60064
G1 X127.144 Y109.24 E33.61802
G1 X126.832 Y110.597 E33.63548
G1 X126.6 Y111.273 E33.64444
G1 X126.031 Y112.547 E33.66194
G1 X125.349 Y113.655 E33.67825
G1 X125.349 Y101.347 E33.8326
G1 F1500 E27.3326
G0 F15000 X123.065 Y99.268
G0 X121.766 Y98.383
G0 X120.347 Y97.698
G0 X118.846 Y97.236
G0 X117.344 Y97.01
G0 X116.447 Y96.977
G0 X114.936 Y97.09
G0 X113.454 Y97.427
G0 X112.605 Y97.725
G0 X111.241 Y98.383
G0 X109.984 Y99.238
G0 X109.303 Y99.825
G0 X108.467 Y100.727
G0 X107.578 Y101.952
G0 X109.347 Y103.157
G1 F1500 E33.8326
G1 F3000 X109.347 Y99.465 E33.8789
G1 X108.82 Y99.933 E33.88774
G1 X107.906 Y100.991 E33.90527
G1 X107.147 Y102.145 E33.92259
G1 X106.525 Y103.42 E33.94038
G1 X106.081 Y104.725 E33.95767
G1 X105.811 Y106.095 E33.97518
G1 X105.723 Y107.493 E33.99275
G1 X105.809 Y108.89 E34.0103
G1 X106.076 Y110.246 E34.02763
G1 X106.518 Y111.577 E34.04522
G1 X106.68 Y111.907 E34.04983
G1 X106.68 Y103.102 E34.16024
M204 S429
G1 F1500 E27.66024
;MESH:The cap.stl
G0 F15000 X109.758 Y105.417
G0 X113.603 Y109.815
G0 X114.19 Y110.404
G0 X116.431 Y111.666
G0 X116.509 Y110.97
;TYPE:WALL-OUTER
G1 F1500 E34.16024
G1 F3000 X115.731 Y110.886 E34.17006
G1 X114.978 Y110.618 E34.18008
G1 X114.34 Y110.214 E34.18955
G1 X113.788 Y109.661 E34.19935
G1 X113.367 Y108.99 E34.20928
G1 X113.117 Y108.269 E34.21885
G1 X113.033 Y107.492 E34.22865
G1 X113.117 Y106.729 E34.23828
G1 X113.367 Y106.01 E34.24782
G1 X113.779 Y105.351 E34.25757
G1 X114.337 Y104.788 E34.26751
G1 X114.997 Y104.371 E34.2773
G1 X115.731 Y104.114 E34.28705
G1 X116.493 Y104.03 E34.29667
G1 X117.287 Y104.117 E34.30668
G1 X118.008 Y104.371 E34.31627
G1 X118.65 Y104.775 E34.32578
G1 X119.219 Y105.34 E34.33584
G1 X119.638 Y106.009 E34.34574
G1 X119.881 Y106.705 E34.35498
G1 X119.974 Y107.492 E34.36492
G1 X119.882 Y108.29 E34.37499
G1 X119.632 Y109.004 E34.38448
G1 X119.228 Y109.647 E34.394
G1 X118.675 Y110.205 E34.40386
G1 X118.001 Y110.632 E34.41386
G1 X117.287 Y110.883 E34.42335
G1 X116.509 Y110.97 E34.43317
G0 F15000 X116.311 Y110.949
G0 X116.233 Y111.644
G0 X116.011 Y114.06
G0 X115.953 Y114.759
G1 F3000 X117.052 Y114.759 E34.44695
G1 X118.12 Y114.598 E34.4605
G1 X119.424 Y114.195 E34.47761
G1 X120.606 Y113.512 E34.49473
G1 X121.033 Y113.197 E34.50139
G1 X122.046 Y112.257 E34.51872
G1 X122.803 Y111.143 E34.53561
G1 X123.281 Y110.15 E34.54943
G1 X123.601 Y109.115 E34.56301
G1 X123.762 Y108.049 E34.57653
G1 X123.762 Y106.949 E34.59033
G1 X123.559 Y105.614 E34.60726
G1 X123.06 Y104.341 E34.62441
G1 X122.516 Y103.399 E34.63805
G1 X121.843 Y102.556 E34.65157
G1 X121.033 Y101.803 E34.66544
G1 X120.146 Y101.2 E34.67889
G1 X119.153 Y100.721 E34.69272
G1 X118.125 Y100.404 E34.70621
G1 X116.772 Y100.201 E34.72337
G1 X115.42 Y100.304 E34.74037
G1 X114.094 Y100.605 E34.75742
G1 X112.86 Y101.2 E34.7746
G1 X111.748 Y101.954 E34.79145
G1 X110.806 Y102.97 E34.80882
G1 X110.045 Y104.086 E34.82576
G1 X109.547 Y105.355 E34.84286
G1 X109.304 Y106.42 E34.85656
G1 X109.224 Y107.506 E34.87021
G1 X109.304 Y108.58 E34.88372
G1 X109.546 Y109.64 E34.89735
G1 X110.044 Y110.913 E34.9145
G1 X110.806 Y112.03 E34.93145
G1 X111.558 Y112.84 E34.94531
G1 X112.402 Y113.514 E34.95886
G1 X113.584 Y114.197 E34.97598
G1 X114.886 Y114.598 E34.99306
G1 X115.953 Y114.759 E35.00659
M204 S1500
G0 F15000 X116.153 Y114.759
G0 X115.983 Y114.359
;TYPE:WALL-INNER
G1 F3300 X117.022 Y114.359 E35.01962
G1 X118.031 Y114.207 E35.03242
G1 X119.263 Y113.826 E35.04859
G1 X120.596 Y113.055 E35.0679
G1 X121.738 Y111.997 E35.08742
G1 X122.455 Y110.943 E35.10341
G1 X122.907 Y110.004 E35.11648
G1 X123.21 Y109.025 E35.12933
G1 X123.362 Y108.019 E35.14209
G1 X123.362 Y106.979 E35.15513
G1 X123.17 Y105.718 E35.17113
G1 X122.698 Y104.515 E35.18733
G1 X122.185 Y103.625 E35.20021
G1 X121.549 Y102.829 E35.21299
G1 X120.783 Y102.117 E35.22611
G1 X119.946 Y101.548 E35.2388
G1 X119.006 Y101.095 E35.25188
G1 X118.036 Y100.795 E35.26462
G1 X116.759 Y100.604 E35.28081
G1 X115.48 Y100.7 E35.29689
G1 X114.227 Y100.985 E35.31301
G1 X113.06 Y101.548 E35.32926
G1 X112.008 Y102.261 E35.34519
G1 X111.12 Y103.22 E35.36158
G1 X110.399 Y104.279 E35.37765
G1 X109.93 Y105.473 E35.39374
G1 X109.701 Y106.48 E35.40669
G1 X109.625 Y107.506 E35.41959
G1 X109.701 Y108.52 E35.43234
G1 X109.929 Y109.522 E35.44523
G1 X110.4 Y110.725 E35.46143
G1 X111.12 Y111.78 E35.47745
G1 X111.831 Y112.546 E35.49055
G1 X112.628 Y113.182 E35.50334
G1 X113.745 Y113.828 E35.51952
G1 X114.975 Y114.207 E35.53566
G1 X115.983 Y114.359 E35.54844
G0 F15000 X116.011 Y114.06
G0 X116.475 Y111.671
G0 X116.509 Y111.37
G1 F3300 X115.642 Y111.276 E35.55938
G1 X114.827 Y110.995 E35.57019
G1 X114.09 Y110.527 E35.58114
G1 X113.474 Y109.909 E35.59208
G1 X113.018 Y109.188 E35.60278
G1 X112.727 Y108.359 E35.6138
G1 X112.629 Y107.506 E35.62456
G1 X112.727 Y106.64 E35.63549
G1 X113.017 Y105.812 E35.6465
G1 X113.473 Y105.087 E35.65724
G1 X114.082 Y104.48 E35.66802
G1 X114.823 Y104.011 E35.67902
G1 X115.643 Y103.724 E35.68991
G1 X116.501 Y103.627 E35.70074
G1 X117.367 Y103.72 E35.71166
G1 X118.182 Y104.01 E35.72251
G1 X118.916 Y104.468 E35.73336
G1 X119.533 Y105.09 E35.74435
G1 X119.996 Y105.82 E35.75519
G1 X120.279 Y106.633 E35.76598
G1 X120.374 Y107.492 E35.77682
G1 X120.28 Y108.365 E35.78783
G1 X119.993 Y109.178 E35.79864
G1 X119.538 Y109.907 E35.80942
G1 X118.895 Y110.543 E35.82076
G1 X118.161 Y110.999 E35.8316
G1 X117.361 Y111.28 E35.84223
G1 X116.509 Y111.37 E35.85297
M204 S1000
G0 F15000 X116.51 Y111.695
;TYPE:SKIN
G1 F2400 X115.567 Y111.592 E35.86428
G1 X114.674 Y111.277 E35.87556
G1 X113.888 Y110.774 E35.88667
G1 X113.234 Y110.129 E35.89762
G1 X112.725 Y109.322 E35.90898
G1 X112.414 Y108.425 E35.92029
G1 X112.307 Y107.49 E35.93151
G1 X112.414 Y106.573 E35.9425
G1 X112.709 Y105.704 E35.95344
G1 X113.217 Y104.901 E35.96476
G1 X113.918 Y104.199 E35.97658
G1 X114.679 Y103.723 E35.98727
G1 X115.579 Y103.411 E35.99862
G1 X116.481 Y103.307 E36.00943
G1 X117.465 Y103.414 E36.02123
G1 X118.323 Y103.721 E36.03208
G1 X119.102 Y104.206 E36.04301
G1 X119.783 Y104.89 E36.05451
G1 X120.29 Y105.689 E36.06579
G1 X120.594 Y106.574 E36.07694
G1 X120.692 Y107.488 E36.08789
G1 X120.589 Y108.454 E36.09946
G1 X120.281 Y109.321 E36.11042
G1 X119.785 Y110.113 E36.12155
G1 X119.127 Y110.77 E36.13263
G1 X118.339 Y111.274 E36.14378
G1 X117.448 Y111.589 E36.15503
G1 X116.51 Y111.695 E36.16628
G0 F15000 X116.001 Y114.039
G1 F2400 X117.005 Y114.039 E36.17824
G1 X117.955 Y113.895 E36.18969
G1 X119.136 Y113.529 E36.20442
G1 X120.401 Y112.8 E36.22181
G1 X121.496 Y111.781 E36.23963
G1 X122.172 Y110.787 E36.25395
G1 X122.611 Y109.878 E36.26598
G1 X122.898 Y108.948 E36.27757
G1 X123.042 Y108.001 E36.28898
G1 X123.042 Y106.997 E36.30095
G1 X122.859 Y105.801 E36.31536
G1 X122.405 Y104.648 E36.33012
G1 X121.92 Y103.808 E36.34168
G1 X121.317 Y103.052 E36.3532
G1 X120.577 Y102.364 E36.36524
G1 X119.79 Y101.831 E36.37656
G1 X118.881 Y101.391 E36.38859
G1 X117.97 Y101.111 E36.39995
G1 X116.738 Y100.928 E36.41478
G1 X115.529 Y101.02 E36.42923
G1 X114.337 Y101.288 E36.44378
G1 X113.216 Y101.83 E36.45862
G1 X112.224 Y102.503 E36.4729
G1 X111.366 Y103.427 E36.48792
G1 X110.685 Y104.427 E36.50233
G1 X110.239 Y105.561 E36.51685
G1 X110.018 Y106.535 E36.52875
G1 X109.947 Y107.511 E36.54041
G1 X110.018 Y108.465 E36.5518
G1 X110.238 Y109.431 E36.56361
G1 X110.684 Y110.572 E36.5782
G1 X111.366 Y111.573 E36.59263
G1 X112.054 Y112.315 E36.60469
G1 X112.805 Y112.914 E36.61613
G1 X113.879 Y113.534 E36.63091
G1 X115.051 Y113.895 E36.64551
G1 X116.001 Y114.039 E36.65696
G0 F15000 X122.171 Y110.324
G1 F2400 X119.286 Y113.21 E36.70558
G0 F15000 X118.375 Y113.555
G1 F2400 X122.555 Y109.375 E36.776
G0 F15000 X122.743 Y108.621
G1 F2400 X117.622 Y113.743 E36.86229
G0 F15000 X116.96 Y113.839
G1 F2400 X122.841 Y107.958 E36.96137
G0 F15000 X122.841 Y107.392
G1 F2400 X116.394 Y113.839 E37.06999
G0 F15000 X115.853 Y113.815
G1 F2400 X118.093 Y111.574 E37.10774
G0 F15000 X117.293 Y111.809
G1 F2400 X115.362 Y113.74 E37.14027
G0 F15000 X114.897 Y113.639
G1 F2400 X116.658 Y111.878 E37.16994
G0 F15000 X116.118 Y111.852
G1 F2400 X114.465 Y113.506 E37.1978
G0 F15000 X114.032 Y113.373
G1 F2400 X115.609 Y111.796 E37.22437
G0 F15000 X115.173 Y111.666
G1 F2400 X113.661 Y113.178 E37.24984
G0 F15000 X113.303 Y112.97
G1 F2400 X114.753 Y111.52 E37.27427
G0 F15000 X114.38 Y111.327
G1 F2400 X112.944 Y112.763 E37.29847
G0 F15000 X112.626 Y112.516
G1 F2400 X114.035 Y111.107 E37.32221
G0 F15000 X113.702 Y110.875
G1 F2400 X112.311 Y112.265 E37.34563
G0 F15000 X112.023 Y111.988
G1 F2400 X113.417 Y110.593 E37.36913
G0 F15000 X113.132 Y110.312
G1 F2400 X111.751 Y111.693 E37.3924
G0 F15000 X111.486 Y111.393
G1 F2400 X112.899 Y109.98 E37.4162
G0 F15000 X112.681 Y109.632
G1 F2400 X111.257 Y111.056 E37.44019
G0 F15000 X111.027 Y110.72
G1 F2400 X112.487 Y109.26 E37.46479
G0 F15000 X112.343 Y108.839
G1 F2400 X110.818 Y110.364 E37.49048
G0 F15000 X110.659 Y109.957
G1 F2400 X112.21 Y108.407 E37.51661
G0 F15000 X112.149 Y107.902
G1 F2400 X110.5 Y109.55 E37.54438
G0 F15000 X110.371 Y109.114
G1 F2400 X112.118 Y107.367 E37.57381
G0 F15000 X112.195 Y106.725
G1 F2400 X110.266 Y108.654 E37.60631
G0 F15000 X110.194 Y108.159
G1 F2400 X112.42 Y105.934 E37.64381
G0 F15000 X110.418 Y105.672
G1 F2400 X114.675 Y101.416 E37.71552
G0 F15000 X115.405 Y101.252
G1 F2400 X110.252 Y106.404 E37.80233
G0 F15000 X110.181 Y107.041
G1 F2400 X116.042 Y101.18 E37.90108
G0 F15000 X116.654 Y101.134
G1 F2400 X110.155 Y107.633 E38.01057
G0 F15000 X110.77 Y104.755
G1 F2400 X113.715 Y101.81 E38.06019
G0 F15000 X114.929 Y103.424
G1 F2400 X117.161 Y101.193 E38.09779
G0 F15000 X117.654 Y101.265
G1 F2400 X115.729 Y103.19 E38.13022
G0 F15000 X116.368 Y103.117
G1 F2400 X118.12 Y101.365 E38.15974
G0 F15000 X118.552 Y101.498
G1 F2400 X116.902 Y103.149 E38.18755
G0 F15000 X117.41 Y103.207
G1 F2400 X118.962 Y101.654 E38.2137
G0 F15000 X119.344 Y101.838
G1 F2400 X117.844 Y103.338 E38.23897
G0 F15000 X118.26 Y103.488
G1 F2400 X119.721 Y102.027 E38.26359
G0 F15000 X120.058 Y102.255
G1 F2400 X118.633 Y103.68 E38.2876
G0 F15000 X118.982 Y103.897
G1 F2400 X120.396 Y102.483 E38.31142
G0 F15000 X120.697 Y102.748
G1 F2400 X119.315 Y104.129 E38.3347
G0 F15000 X119.595 Y104.415
G1 F2400 X120.99 Y103.02 E38.3582
G0 F15000 X121.266 Y103.31
G1 F2400 X119.876 Y104.7 E38.38162
G0 F15000 X120.111 Y105.031
G1 F2400 X121.517 Y103.625 E38.40531
G0 F15000 X121.765 Y103.943
G1 F2400 X120.332 Y105.375 E38.42944
G0 F15000 X120.519 Y105.754
G1 F2400 X121.972 Y104.301 E38.45392
G0 F15000 X122.179 Y104.66
G1 F2400 X120.667 Y106.172 E38.4794
G0 F15000 X120.798 Y106.606
G1 F2400 X122.349 Y105.056 E38.50552
G0 F15000 X122.509 Y105.462
G1 F2400 X120.853 Y107.118 E38.53342
G0 F15000 X120.874 Y107.662
G1 F2400 X122.666 Y105.87 E38.56361
G0 F15000 X122.741 Y106.361
G1 F2400 X120.809 Y108.292 E38.59615
G0 F15000 X120.573 Y109.095
G1 F2400 X122.816 Y106.851 E38.63395
M204 S2000
G0 F15000 X122.737 Y106.861
G1 F1500 E32.13395
;MESH:NONMESH
G0 F600 X122.737 Y106.861 Z1
G0 F15000 X118.08 Y100.619
G0 X117.348 Y96.771
;TIME_ELAPSED:119.046164
;LAYER:4
;TYPE:SUPPORT
G1 F1500 E38.63395
G1 F3000 X117.735 Y96.79 E38.63881
G1 X119.101 Y97.041 E38.65623
G1 X120.015 Y97.329 E38.66824
G1 X120.015 Y99.911 E38.70062
G1 X120.682 Y100.232 E38.70991
G1 X121.726 Y100.944 E38.72575
G1 X122.642 Y101.795 E38.74143
G1 X122.682 Y101.845 E38.74224
G1 X123.43 Y102.784 E38.75729
G1 X124.052 Y103.857 E38.77284
G1 X124.524 Y105.075 E38.78922
G1 X124.666 Y105.603 E38.79608
G1 X124.862 Y106.867 E38.81212
G1 X124.862 Y108.125 E38.8279
G1 X124.675 Y109.363 E38.8436
G1 X124.309 Y110.55 E38.85918
G1 X123.76 Y111.695 E38.8751
G1 X123.092 Y112.672 E38.88994
G1 X122.682 Y113.156 E38.8979
G1 X122.682 Y116.322 E38.9376
G1 X121.68 Y116.959 E38.95249
G1 X120.425 Y117.545 E38.96986
G1 X120.015 Y117.675 E38.97525
G1 X120.015 Y115.099 E39.00756
G1 X119.521 Y115.318 E39.01433
G1 X118.357 Y115.673 E39.02959
G1 X117.348 Y115.825 E39.04239
G1 X117.348 Y118.23 E39.07255
G1 X116.316 Y118.279 E39.0855
G1 X114.932 Y118.165 E39.10292
G1 X114.681 Y118.111 E39.10614
G1 X114.681 Y115.679 E39.13664
G1 X114.632 Y115.671 E39.13726
G1 X113.416 Y115.29 E39.15324
G1 X112.81 Y115.021 E39.16155
G1 X112.014 Y114.56 E39.17309
G1 X112.014 Y117.287 E39.20729
G1 X111.003 Y116.772 E39.22152
G1 X109.851 Y115.988 E39.23899
G1 X109.347 Y115.534 E39.2475
G1 X109.347 Y111.846 E39.29375
G1 X109.284 Y111.753 E39.29515
G1 X108.929 Y111.083 E39.30466
G1 X108.492 Y109.97 E39.31966
G1 X108.214 Y108.751 E39.33534
G1 X108.121 Y107.503 E39.35103
G1 X108.214 Y106.246 E39.36684
G1 X108.494 Y105.028 E39.38251
G1 X108.973 Y103.823 E39.39877
G1 X109.276 Y103.259 E39.4068
G1 X109.347 Y103.157 E39.40836
G1 X109.978 Y102.245 E39.42227
G1 X110.83 Y101.332 E39.43793
G1 X111.259 Y100.963 E39.44502
G1 X112.014 Y100.448 E39.45648
G1 X112.014 Y97.713 E39.49078
G1 X112.262 Y97.589 E39.49426
G1 X113.584 Y97.122 E39.51184
G1 X114.681 Y96.888 E39.52591
G1 X114.681 Y99.345 E39.55672
G1 X115.254 Y99.212 E39.56409
G1 X116.521 Y99.12 E39.58003
G1 X117.116 Y99.143 E39.58749
G1 X117.348 Y99.177 E39.59043
G1 X117.348 Y96.771 E39.62061
G1 F1500 E33.12061
G0 F15000 X122.682 Y101.845
G1 F1500 E39.62061
G1 F3000 X122.682 Y98.637 E39.66083
G1 X123.945 Y99.7 E39.68154
G1 X125.132 Y100.994 E39.70356
G1 X126.042 Y102.473 E39.72533
G1 X126.607 Y103.733 E39.74265
G1 X127.009 Y105.081 E39.76029
G1 X127.23 Y106.446 E39.77763
G1 X127.277 Y107.861 E39.79539
G1 X127.144 Y109.24 E39.81276
G1 X126.832 Y110.597 E39.83022
G1 X126.6 Y111.273 E39.83918
G1 X126.031 Y112.547 E39.85668
G1 X125.349 Y113.655 E39.873
G1 X125.349 Y101.347 E40.02734
G1 F1500 E33.52734
G0 F15000 X123.065 Y99.268
G0 X121.766 Y98.383
G0 X120.347 Y97.698
G0 X118.846 Y97.236
G0 X117.344 Y97.01
G0 X116.447 Y96.977
G0 X114.936 Y97.09
G0 X113.454 Y97.427
G0 X112.605 Y97.725
G0 X111.241 Y98.383
G0 X109.984 Y99.238
G0 X109.303 Y99.825
G0 X108.467 Y100.727
G0 X107.578 Y101.952
G0 X109.347 Y103.157
G1 F1500 E40.02734
G1 F3000 X109.347 Y99.465 E40.07364
G1 X108.82 Y99.933 E40.08248
G1 X107.906 Y100.991 E40.10001
G1 X107.147 Y102.145 E40.11733
G1 X106.525 Y103.42 E40.13512
G1 X106.081 Y104.725 E40.15241
G1 X105.811 Y106.095 E40.16992
G1 X105.723 Y107.493 E40.18749
G1 X105.809 Y108.89 E40.20504
G1 X106.076 Y110.246 E40.22237
G1 X106.518 Y111.577 E40.23996
G1 X106.68 Y111.907 E40.24457
G1 X106.68 Y103.102 E40.35499
M204 S429
G1 F1500 E33.85499
;MESH:The cap.stl
G0 F15000 X109.758 Y105.417
G0 X113.603 Y109.815
G0 X114.19 Y110.404
G0 X116.431 Y111.666
G0 X116.509 Y110.97
;TYPE:WALL-OUTER
G1 F1500 E40.35499
G1 F3000 X115.731 Y110.886 E40.3648
G1 X114.978 Y110.618 E40.37482
G1 X114.34 Y110.214 E40.38429
G1 X113.788 Y109.661 E40.39409
G1 X113.367 Y108.99 E40.40403
G1 X113.117 Y108.269 E40.4136
G1 X113.033 Y107.492 E40.4234
G1 X113.117 Y106.729 E40.43302
G1 X113.367 Y106.01 E40.44257
G1 X113.779 Y105.351 E40.45231
G1 X114.337 Y104.788 E40.46225
G1 X114.997 Y104.371 E40.47204
G1 X115.731 Y104.114 E40.4818
G1 X116.493 Y104.03 E40.49141
G1 X117.287 Y104.117 E40.50143
G1 X118.008 Y104.371 E40.51101
G1 X118.65 Y104.775 E40.52053
G1 X119.219 Y105.34 E40.53058
G1 X119.638 Y106.009 E40.54048
G1 X119.881 Y106.705 E40.54973
G1 X119.974 Y107.492 E40.55966
G1 X119.882 Y108.29 E40.56974
G1 X119.632 Y109.004 E40.57922
G1 X119.228 Y109.647 E40.58875
G1 X118.675 Y110.205 E40.5986
G1 X118.001 Y110.632 E40.6086
G1 X117.287 Y110.883 E40.6181
G1 X116.509 Y110.97 E40.62791
G0 F15000 X116.311 Y110.949
G0 X116.233 Y111.644
G0 X116.011 Y114.06
G0 X115.953 Y114.759
G1 F3000 X117.052 Y114.759 E40.64169
G1 X118.12 Y114.598 E40.65524
G1 X119.424 Y114.195 E40.67235
G1 X120.606 Y113.512 E40.68947
G1 X121.033 Y113.197 E40.69613
G1 X122.046 Y112.257 E40.71346
G1 X122.803 Y111.143 E40.73035
G1 X123.281 Y110.15 E40.74417
G1 X123.601 Y109.115 E40.75775
G1 X123.762 Y108.049 E40.77127
G1 X123.762 Y106.949 E40.78507
G1 X123.559 Y105.614 E40.802
G1 X123.06 Y104.341 E40.81915
G1 X122.516 Y103.399 E40.83279
G1 X121.843 Y102.556 E40.84632
G1 X121.033 Y101.803 E40.86019
G1 X120.146 Y101.2 E40.87364
G1 X119.153 Y100.721 E40.88746
G1 X118.125 Y100.404 E40.90095
G1 X116.772 Y100.201 E40.91811
G1 X115.42 Y100.304 E40.93511
G1 X114.094 Y100.605 E40.95216
G1 X112.86 Y101.2 E40.96934
G1 X111.748 Y101.954 E40.98619
G1 X110.806 Y102.97 E41.00357
G1 X110.045 Y104.086 E41.02051
G1 X109.547 Y105.355 E41.0376
G1 X109.304 Y106.42 E41.0513
G1 X109.224 Y107.506 E41.06496
G1 X109.304 Y108.58 E41.07846
G1 X109.546 Y109.64 E41.0921
G1 X110.044 Y110.913 E41.10924
G1 X110.806 Y112.03 E41.1262
G1 X111.558 Y112.84 E41.14006
G1 X112.402 Y113.514 E41.1536
G1 X113.584 Y114.197 E41.17072
G1 X114.886 Y114.598 E41.1878
G1 X115.953 Y114.759 E41.20134
M204 S1500
G0 F15000 X116.153 Y114.759
G0 X115.983 Y114.359
;TYPE:WALL-INNER
G1 F3300 X117.022 Y114.359 E41.21437
G1 X118.031 Y114.207 E41.22716
G1 X119.263 Y113.826 E41.24333
G1 X120.596 Y113.055 E41.26264
G1 X121.738 Y111.997 E41.28217
G1 X122.455 Y110.943 E41.29815
G1 X122.907 Y110.004 E41.31122
G1 X123.21 Y109.025 E41.32407
G1 X123.362 Y108.019 E41.33683
G1 X123.362 Y106.979 E41.34987
G1 X123.17 Y105.718 E41.36587
G1 X122.698 Y104.515 E41.38208
G1 X122.185 Y103.625 E41.39496
G1 X121.549 Y102.829 E41.40773
G1 X120.783 Y102.117 E41.42085
G1 X119.946 Y101.548 E41.43354
G1 X119.006 Y101.095 E41.44663
G1 X118.036 Y100.795 E41.45936
G1 X116.759 Y100.604 E41.47555
G1 X115.48 Y100.7 E41.49164
G1 X114.227 Y100.985 E41.50775
G1 X113.06 Y101.548 E41.524
G1 X112.008 Y102.261 E41.53994
G1 X111.12 Y103.22 E41.55633
G1 X110.399 Y104.279 E41.57239
G1 X109.93 Y105.473 E41.58848
G1 X109.701 Y106.48 E41.60143
G1 X109.625 Y107.506 E41.61433
G1 X109.701 Y108.52 E41.62708
G1 X109.929 Y109.522 E41.63997
G1 X110.4 Y110.725 E41.65617
G1 X111.12 Y111.78 E41.67219
G1 X111.831 Y112.546 E41.68529
G1 X112.628 Y113.182 E41.69808
G1 X113.745 Y113.828 E41.71426
G1 X114.975 Y114.207 E41.7304
G1 X115.983 Y114.359 E41.74319
G0 F15000 X116.011 Y114.06
G0 X116.475 Y111.671
G0 X116.509 Y111.37
G1 F3300 X115.642 Y111.276 E41.75412
G1 X114.827 Y110.995 E41.76493
G1 X114.09 Y110.527 E41.77588
G1 X113.474 Y109.909 E41.78682
G1 X113.018 Y109.188 E41.79752
G1 X112.727 Y108.359 E41.80854
G1 X112.629 Y107.506 E41.81931
G1 X112.727 Y106.64 E41.83024
G1 X113.017 Y105.812 E41.84124
G1 X113.473 Y105.087 E41.85198
G1 X114.082 Y104.48 E41.86276
G1 X114.823 Y104.011 E41.87376
G1 X115.643 Y103.724 E41.88465
G1 X116.501 Y103.627 E41.89548
G1 X117.367 Y103.72 E41.9064
G1 X118.182 Y104.01 E41.91725
G1 X118.916 Y104.468 E41.9281
G1 X119.533 Y105.09 E41.93909
G1 X119.996 Y105.82 E41.94993
G1 X120.279 Y106.633 E41.96073
G1 X120.374 Y107.492 E41.97156
G1 X120.28 Y108.365 E41.98257
G1 X119.993 Y109.178 E41.99339
G1 X119.538 Y109.907 E42.00416
G1 X118.895 Y110.543 E42.0155
G1 X118.161 Y110.999 E42.02634
G1 X117.361 Y111.28 E42.03697
G1 X116.509 Y111.37 E42.04772
M204 S1000
G0 F15000 X116.51 Y111.695
;TYPE:SKIN
G1 F2400 X115.567 Y111.592 E42.05902
G1 X114.674 Y111.277 E42.0703
G1 X113.888 Y110.774 E42.08142
G1 X113.234 Y110.129 E42.09236
G1 X112.725 Y109.322 E42.10373
G1 X112.414 Y108.425 E42.11504
G1 X112.307 Y107.49 E42.12625
G1 X112.414 Y106.573 E42.13725
G1 X112.709 Y105.704 E42.14818
G1 X113.217 Y104.901 E42.1595
G1 X113.918 Y104.199 E42.17132
G1 X114.679 Y103.723 E42.18201
G1 X115.579 Y103.411 E42.19336
G1 X116.481 Y103.307 E42.20418
G1 X117.465 Y103.414 E42.21597
G1 X118.323 Y103.721 E42.22683
G1 X119.102 Y104.206 E42.23776
G1 X119.783 Y104.89 E42.24926
G1 X120.29 Y105.689 E42.26053
G1 X120.594 Y106.574 E42.27168
G1 X120.692 Y107.488 E42.28263
G1 X120.589 Y108.454 E42.2942
G1 X120.281 Y109.321 E42.30516
G1 X119.785 Y110.113 E42.3163
G1 X119.127 Y110.77 E42.32737
G1 X118.339 Y111.274 E42.33852
G1 X117.448 Y111.589 E42.34978
G1 X116.51 Y111.695 E42.36102
G0 F15000 X116.001 Y114.039
G1 F2400 X117.005 Y114.039 E42.37298
G1 X117.955 Y113.895 E42.38443
G1 X119.136 Y113.529 E42.39916
G1 X120.401 Y112.8 E42.41655
G1 X121.496 Y111.781 E42.43437
G1 X122.172 Y110.787 E42.4487
G1 X122.611 Y109.878 E42.46072
G1 X122.898 Y108.948 E42.47232
G1 X123.042 Y108.001 E42.48373
G1 X123.042 Y106.997 E42.49569
G1 X122.859 Y105.801 E42.5101
G1 X122.405 Y104.648 E42.52487
G1 X121.92 Y103.808 E42.53642
G1 X121.317 Y103.052 E42.54794
G1 X120.577 Y102.364 E42.55998
G1 X119.79 Y101.831 E42.5713
G1 X118.881 Y101.391 E42.58333
G1 X117.97 Y101.111 E42.59469
G1 X116.738 Y100.928 E42.60953
G1 X115.529 Y101.02 E42.62397
G1 X114.337 Y101.288 E42.63853
G1 X113.216 Y101.83 E42.65336
G1 X112.224 Y102.503 E42.66764
G1 X111.366 Y103.427 E42.68266
G1 X110.685 Y104.427 E42.69708
G1 X110.239 Y105.561 E42.71159
G1 X110.018 Y106.535 E42.72349
G1 X109.947 Y107.511 E42.73515
G1 X110.018 Y108.465 E42.74655
G1 X110.238 Y109.431 E42.75835
G1 X110.684 Y110.572 E42.77294
G1 X111.366 Y111.573 E42.78738
G1 X112.054 Y112.315 E42.79943
G1 X112.805 Y112.914 E42.81087
G1 X113.879 Y113.534 E42.82565
G1 X115.051 Y113.895 E42.84026
G1 X116.001 Y114.039 E42.8517
G0 F15000 X113.856 Y113.291
G1 F2400 X110.746 Y110.18 E42.90411
G0 F15000 X110.409 Y109.277
G1 F2400 X114.713 Y113.581 E42.97662
G0 F15000 X115.45 Y113.752
G1 F2400 X110.24 Y108.543 E43.06439
G0 F15000 X110.175 Y107.912
G1 F2400 X116.101 Y113.838 E43.16424
G0 F15000 X116.666 Y113.838
G1 F2400 X113.761 Y110.933 E43.21318
G0 F15000 X113.05 Y110.221
G1 F2400 X110.159 Y107.331 E43.26188
G0 F15000 X110.198 Y106.804
G1 F2400 X112.402 Y109.008 E43.29901
G0 F15000 X112.189 Y108.229
G1 F2400 X110.273 Y106.313 E43.33129
G0 F15000 X110.377 Y105.851
G1 F2400 X112.112 Y107.587 E43.36053
G0 F15000 X112.155 Y107.064
G1 F2400 X110.509 Y105.418 E43.38826
G0 F15000 X110.668 Y105.011
G1 F2400 X112.215 Y106.558 E43.41433
G0 F15000 X112.354 Y106.131
G1 F2400 X110.828 Y104.605 E43.44004
G0 F15000 X111.042 Y104.254
G1 F2400 X112.497 Y105.708 E43.46454
G0 F15000 X112.699 Y105.345
G1 F2400 X111.271 Y103.917 E43.4886
G0 F15000 X111.5 Y103.581
G1 F2400 X112.92 Y105.001 E43.51253
G0 F15000 X113.157 Y104.672
G1 F2400 X111.769 Y103.284 E43.53591
G0 F15000 X112.041 Y102.99
G1 F2400 X113.439 Y104.388 E43.55947
G0 F15000 X113.721 Y104.105
G1 F2400 X112.314 Y102.698 E43.58317
G0 F15000 X112.642 Y102.46
G1 F2400 X114.057 Y103.874 E43.607
G0 F15000 X114.405 Y103.657
G1 F2400 X112.98 Y102.232 E43.63101
G0 F15000 X113.317 Y102.003
G1 F2400 X114.788 Y103.474 E43.65579
G0 F15000 X115.206 Y103.327
G1 F2400 X113.698 Y101.819 E43.6812
G0 F15000 X114.079 Y101.634
G1 F2400 X115.645 Y103.2 E43.70758
G0 F15000 X116.152 Y103.142
G1 F2400 X114.472 Y101.462 E43.73589
G0 F15000 X114.934 Y101.358
G1 F2400 X116.703 Y103.126 E43.76568
G0 F15000 X117.341 Y103.199
G1 F2400 X115.396 Y101.254 E43.79845
G0 F15000 X115.9 Y101.192
G1 F2400 X118.158 Y103.451 E43.83651
G0 F15000 X118.433 Y101.462
G1 F2400 X122.56 Y105.59 E43.90605
G0 F15000 X122.737 Y106.332
G1 F2400 X117.674 Y101.269 E43.99135
G0 F15000 X117.009 Y101.17
G1 F2400 X122.84 Y107 E44.08958
G0 F15000 X122.841 Y107.567
G1 F2400 X116.425 Y101.152 E44.19767
G0 F15000 X119.402 Y101.866
G1 F2400 X122.157 Y104.621 E44.24408
G0 F15000 X120.551 Y105.843
G1 F2400 X122.822 Y108.114 E44.28235
G0 F15000 X122.747 Y108.605
G1 F2400 X120.804 Y106.662 E44.31508
G0 F15000 X120.871 Y107.294
G1 F2400 X122.649 Y109.072 E44.34504
G0 F15000 X122.516 Y109.505
G1 F2400 X120.855 Y107.844 E44.37302
G0 F15000 X120.802 Y108.357
G1 F2400 X122.366 Y109.921 E44.39937
G0 F15000 X122.183 Y110.303
G1 F2400 X120.677 Y108.798 E44.42474
G0 F15000 X120.529 Y109.215
G1 F2400 X121.998 Y110.684 E44.44949
G0 F15000 X121.769 Y111.021
G1 F2400 X120.343 Y109.595 E44.47351
G0 F15000 X120.127 Y109.945
G1 F2400 X121.539 Y111.357 E44.4973
G0 F15000 X121.302 Y111.686
G1 F2400 X119.899 Y110.282 E44.52095
G0 F15000 X119.616 Y110.565
G1 F2400 X121.009 Y111.958 E44.54442
G0 F15000 X120.716 Y112.231
G1 F2400 X119.332 Y110.847 E44.56774
G0 F15000 X119.003 Y111.083
G1 F2400 X120.423 Y112.503 E44.59166
G0 F15000 X120.096 Y112.742
G1 F2400 X118.659 Y111.305 E44.61587
G0 F15000 X118.294 Y111.505
G1 F2400 X119.737 Y112.949 E44.64019
G0 F15000 X119.379 Y113.156
G1 F2400 X117.873 Y111.651 E44.66555
G0 F15000 X117.449 Y111.792
G1 F2400 X119.014 Y113.357 E44.69192
G0 F15000 X118.581 Y113.49
G1 F2400 X116.939 Y111.848 E44.71959
G0 F15000 X116.409 Y111.884
G1 F2400 X118.149 Y113.624 E44.7489
G0 F15000 X117.691 Y113.731
G1 F2400 X115.774 Y111.814 E44.7812
G0 F15000 X114.999 Y111.605
G1 F2400 X117.2 Y113.806 E44.81828
M204 S2000
G0 F15000 X117.19 Y113.726
G1 F1500 E38.31828
;MESH:NONMESH
G0 F600 X117.19 Y113.726 Z1.2
G0 F15000 X119.849 Y109.108
G0 X120.122 Y108.322
G0 X120.216 Y107.498
G0 X120.12 Y106.672
G0 X117.019 Y100.459
G0 X117.348 Y96.771
;TIME_ELAPSED:137.253359
;LAYER:5
;TYPE:SUPPORT
G1 F1500 E44.81828
G1 F3000 X117.735 Y96.79 E44.82314
G1 X119.101 Y97.041 E44.84056
G1 X120.015 Y97.329 E44.85258
G1 X120.015 Y99.911 E44.88495
G1 X120.682 Y100.232 E44.89424
G1 X121.726 Y100.944 E44.91008
G1 X122.642 Y101.795 E44.92576
G1 X122.682 Y101.845 E44.92657
G1 X123.43 Y102.784 E44.94162
G1 X124.052 Y103.857 E44.95717
G1 X124.524 Y105.075 E44.97356
G1 X124.666 Y105.603 E44.98041
G1 X124.862 Y106.867 E44.99645
G1 X124.862 Y108.125 E45.01223
G1 X124.675 Y109.363 E45.02793
G1 X124.309 Y110.55 E45.04351
G1 X123.76 Y111.695 E45.05943
G1 X123.092 Y112.672 E45.07427
G1 X122.682 Y113.156 E45.08223
G1 X122.682 Y116.322 E45.12193
G1 X121.68 Y116.959 E45.13682
G1 X120.425 Y117.545 E45.15419
G1 X120.015 Y117.675 E45.15958
G1 X120.015 Y115.099 E45.19189
G1 X119.521 Y115.318 E45.19866
G1 X118.357 Y115.673 E45.21392
G1 X117.348 Y115.825 E45.22672
G1 X117.348 Y118.23 E45.25688
G1 X116.316 Y118.279 E45.26984
G1 X114.932 Y118.165 E45.28725
G1 X114.681 Y118.111 E45.29047
G1 X114.681 Y115.679 E45.32097
G1 X114.632 Y115.671 E45.32159
G1 X113.416 Y115.29 E45.33757
G1 X112.81 Y115.021 E45.34589
G1 X112.014 Y114.56 E45.35742
G1 X112.014 Y117.287 E45.39162
G1 X111.003 Y116.772 E45.40585
G1 X109.851 Y115.988 E45.42332
G1 X109.347 Y115.534 E45.43183
G1 X109.347 Y111.846 E45.47808
G1 X109.284 Y111.753 E45.47949
G1 X108.929 Y111.083 E45.48899
G1 X108.492 Y109.97 E45.50399
G1 X108.214 Y108.751 E45.51967
G1 X108.121 Y107.503 E45.53536
G1 X108.214 Y106.246 E45.55117
G1 X108.494 Y105.028 E45.56684
G1 X108.973 Y103.823 E45.5831
G1 X109.276 Y103.259 E45.59113
G1 X109.347 Y103.157 E45.59269
G1 X109.978 Y102.245 E45.6066
G1 X110.83 Y101.332 E45.62226
G1 X111.259 Y100.963 E45.62935
G1 X112.014 Y100.448 E45.64081
G1 X112.014 Y97.713 E45.67511
G1 X112.262 Y97.589 E45.67859
G1 X113.584 Y97.122 E45.69617
G1 X114.681 Y96.888 E45.71024
G1 X114.681 Y99.345 E45.74105
G1 X115.254 Y99.212 E45.74843
G1 X116.521 Y99.12 E45.76436
G1 X117.115 Y99.143 E45.77181
G1 X117.348 Y99.177 E45.77476
G1 X117.348 Y96.771 E45.80494
G1 F1500 E39.30494
G0 F15000 X122.682 Y101.845
G1 F1500 E45.80494
G1 F3000 X122.682 Y98.637 E45.84517
G1 X123.945 Y99.7 E45.86587
G1 X125.132 Y100.994 E45.88789
G1 X126.042 Y102.473 E45.90966
G1 X126.607 Y103.733 E45.92698
G1 X127.009 Y105.081 E45.94462
G1 X127.23 Y106.446 E45.96196
G1 X127.277 Y107.861 E45.97972
G1 X127.144 Y109.24 E45.99709
G1 X126.832 Y110.597 E46.01455
G1 X126.6 Y111.273 E46.02351
G1 X126.031 Y112.547 E46.04101
G1 X125.349 Y113.655 E46.05733
G1 X125.349 Y101.347 E46.21167
G1 F1500 E39.71167
G0 F15000 X123.065 Y99.268
G0 X121.766 Y98.383
G0 X120.347 Y97.698
G0 X118.846 Y97.236
G0 X117.344 Y97.01
G0 X116.447 Y96.977
G0 X114.936 Y97.09
G0 X113.454 Y97.427
G0 X112.605 Y97.725
G0 X111.241 Y98.383
G0 X109.984 Y99.238
G0 X109.303 Y99.825
G0 X108.467 Y100.727
G0 X107.578 Y101.952
G0 X109.347 Y103.157
G1 F1500 E46.21167
G1 F3000 X109.347 Y99.465 E46.25797
G1 X108.82 Y99.933 E46.26681
G1 X107.906 Y100.991 E46.28434
G1 X107.147 Y102.145 E46.30167
G1 X106.525 Y103.42 E46.31946
G1 X106.081 Y104.725 E46.33674
G1 X105.811 Y106.095 E46.35425
G1 X105.723 Y107.493 E46.37182
G1 X105.809 Y108.89 E46.38937
G1 X106.076 Y110.246 E46.4067
G1 X106.518 Y111.577 E46.42429
G1 X106.68 Y111.907 E46.4289
G1 X106.68 Y103.102 E46.53932
M204 S3500
G1 F1500 E40.03932
;MESH:The cap.stl
G0 F15000 X110.142 Y104.436
G0 X111.325 Y103.628
;TYPE:FILL
G1 F1500 E46.53932
G1 F4200 X110.082 Y108.267 E46.59954
G1 X110.026 Y107.506 E46.60911
G1 X110.097 Y106.542 E46.62124
G1 X110.314 Y105.59 E46.63348
G1 X110.755 Y104.467 E46.64861
G1 X111.433 Y103.471 E46.66372
G1 X111.93 Y102.932 E46.67291
G1 X113.499 Y104.5 E46.70073
G1 X113.16 Y104.84 E46.70675
G1 X112.642 Y105.656 E46.71887
G1 X112.336 Y106.552 E46.73075
G1 X112.226 Y107.508 E46.74281
G1 X112.355 Y108.61 E46.75673
G1 X110.225 Y109.18 E46.78438
G1 X110.754 Y110.531 E46.80257
G1 X111.433 Y111.528 E46.8177
G1 X112.105 Y112.254 E46.8301
G1 X112.854 Y112.852 E46.84212
G1 X113.906 Y113.459 E46.85736
G1 X114.001 Y113.487 E46.8586
G1 X110.566 Y110.052 E46.91952
G0 F15000 X115.734 Y113.916
G1 F4200 X120.438 Y112.655 E46.98059
G1 X120.356 Y112.733 E46.98201
G1 X119.103 Y113.457 E47.00016
G1 X117.944 Y113.815 E47.01537
G1 X116.99 Y113.959 E47.02747
G1 X116.015 Y113.959 E47.03969
G1 X114.817 Y113.778 E47.05489
G1 X115.386 Y111.653 E47.08247
G1 X116.51 Y111.777 E47.09666
G1 X117.451 Y111.672 E47.10853
G1 X118.362 Y111.352 E47.12064
G1 X119.17 Y110.842 E47.13262
G1 X119.504 Y110.505 E47.13857
G1 X121.068 Y112.07 E47.16632
G1 X121.433 Y111.734 E47.17254
G1 X122.108 Y110.742 E47.18758
G1 X122.534 Y109.857 E47.1999
G1 X122.818 Y108.939 E47.21195
G1 X122.962 Y107.987 E47.22403
G1 X122.962 Y107.011 E47.23626
G1 X122.918 Y106.727 E47.23987
G1 X121.67 Y111.384 E47.30033
G0 F15000 X122.441 Y104.957
G1 F4200 X119.037 Y101.553 E47.3607
G1 X119.749 Y101.897 E47.37062
G1 X120.529 Y102.427 E47.38244
G1 X121.257 Y103.103 E47.3949
G1 X121.854 Y103.851 E47.4069
G1 X122.336 Y104.689 E47.41902
G1 X122.78 Y105.816 E47.43421
G1 X120.619 Y106.395 E47.46227
G1 X120.358 Y105.644 E47.47224
G1 X119.846 Y104.84 E47.48419
G1 X119.165 Y104.152 E47.49633
G1 X118.357 Y103.649 E47.50827
G1 X117.603 Y103.378 E47.51832
G1 X118.181 Y101.222 E47.54631
G1 X117.261 Y101.083 E47.55798
G1 X112.624 Y102.326 E47.61818
G1 X113.262 Y101.895 E47.62783
G1 X114.359 Y101.365 E47.64311
G1 X115.542 Y101.097 E47.65832
G1 X116.738 Y101.006 E47.67337
M204 S429
G0 F15000 X119.721 Y104.937
G0 X120.209 Y105.713
G0 X120.513 Y106.582
G0 X120.618 Y107.498
G0 X120.515 Y108.412
G0 X120.212 Y109.283
G0 X119.722 Y110.063
G0 X119.066 Y110.718
G0 X118.291 Y111.206
G0 X116.431 Y111.666
G0 X116.509 Y110.97
;TYPE:WALL-OUTER
G1 F3000 X115.731 Y110.886 E47.68318
G1 X114.978 Y110.618 E47.6932
G1 X114.34 Y110.214 E47.70267
G1 X113.788 Y109.661 E47.71247
G1 X113.367 Y108.99 E47.7224
G1 X113.117 Y108.269 E47.73197
G1 X113.033 Y107.522 E47.7414
G1 X113.117 Y106.729 E47.7514
G1 X113.367 Y106.01 E47.76095
G1 X113.779 Y105.351 E47.77069
G1 X114.337 Y104.788 E47.78063
G1 X114.997 Y104.371 E47.79042
G1 X115.731 Y104.114 E47.80018
G1 X116.493 Y104.03 E47.80979
G1 X117.287 Y104.117 E47.81981
G1 X118.008 Y104.371 E47.82939
G1 X118.65 Y104.775 E47.8389
G1 X119.219 Y105.34 E47.84896
G1 X119.638 Y106.009 E47.85886
G1 X119.881 Y106.705 E47.8681
G1 X119.974 Y107.492 E47.87804
G1 X119.882 Y108.29 E47.88812
G1 X119.632 Y109.004 E47.8976
G1 X119.228 Y109.647 E47.90713
G1 X118.675 Y110.205 E47.91698
G1 X118.001 Y110.632 E47.92698
G1 X117.287 Y110.883 E47.93647
G1 X116.509 Y110.97 E47.94629
G0 F15000 X116.311 Y110.949
G0 X116.233 Y111.644
G0 X116.011 Y114.06
G0 X115.953 Y114.759
G1 F3000 X117.052 Y114.759 E47.96007
G1 X118.12 Y114.598 E47.97362
G1 X119.424 Y114.195 E47.99073
G1 X120.606 Y113.512 E48.00785
G1 X121.033 Y113.197 E48.01451
G1 X122.046 Y112.257 E48.03184
G1 X122.803 Y111.143 E48.04873
G1 X123.281 Y110.15 E48.06255
G1 X123.601 Y109.115 E48.07613
G1 X123.762 Y108.049 E48.08965
G1 X123.762 Y106.949 E48.10345
G1 X123.559 Y105.614 E48.12038
G1 X123.06 Y104.341 E48.13753
G1 X122.516 Y103.399 E48.15117
G1 X121.843 Y102.556 E48.1647
G1 X121.033 Y101.803 E48.17856
G1 X120.146 Y101.2 E48.19202
G1 X119.153 Y100.721 E48.20584
G1 X118.125 Y100.404 E48.21933
G1 X116.772 Y100.201 E48.23649
G1 X115.42 Y100.304 E48.25349
G1 X114.094 Y100.605 E48.27054
G1 X112.86 Y101.2 E48.28772
G1 X111.748 Y101.954 E48.30457
G1 X110.806 Y102.97 E48.32195
G1 X110.045 Y104.086 E48.33889
G1 X109.547 Y105.355 E48.35598
G1 X109.304 Y106.42 E48.36968
G1 X109.224 Y107.506 E48.38334
G1 X109.304 Y108.58 E48.39684
G1 X109.546 Y109.64 E48.41048
G1 X110.044 Y110.913 E48.42762
G1 X110.806 Y112.03 E48.44457
G1 X111.558 Y112.84 E48.45843
G1 X112.402 Y113.514 E48.47198
G1 X113.584 Y114.197 E48.4891
G1 X114.886 Y114.598 E48.50618
G1 X115.953 Y114.759 E48.51972
M204 S1500
G0 F15000 X116.153 Y114.759
G0 X115.983 Y114.359
;TYPE:WALL-INNER
G1 F3300 X117.022 Y114.359 E48.53274
G1 X118.031 Y114.207 E48.54554
G1 X119.263 Y113.826 E48.56171
G1 X120.596 Y113.055 E48.58102
G1 X121.738 Y111.997 E48.60055
G1 X122.455 Y110.943 E48.61653
G1 X122.907 Y110.004 E48.6296
G1 X123.21 Y109.025 E48.64245
G1 X123.362 Y108.019 E48.65521
G1 X123.362 Y106.979 E48.66825
G1 X123.17 Y105.718 E48.68425
G1 X122.698 Y104.515 E48.70045
G1 X122.185 Y103.625 E48.71334
G1 X121.549 Y102.829 E48.72611
G1 X120.783 Y102.117 E48.73923
G1 X119.946 Y101.548 E48.75192
G1 X119.006 Y101.095 E48.76501
G1 X118.036 Y100.795 E48.77774
G1 X116.759 Y100.604 E48.79393
G1 X115.48 Y100.7 E48.81001
G1 X114.227 Y100.985 E48.82613
G1 X113.06 Y101.548 E48.84238
G1 X112.008 Y102.261 E48.85831
G1 X111.12 Y103.22 E48.87471
G1 X110.399 Y104.279 E48.89077
G1 X109.93 Y105.473 E48.90686
G1 X109.701 Y106.48 E48.91981
G1 X109.625 Y107.506 E48.93271
G1 X109.701 Y108.52 E48.94546
G1 X109.929 Y109.522 E48.95835
G1 X110.4 Y110.725 E48.97455
G1 X111.12 Y111.78 E48.99057
G1 X111.831 Y112.546 E49.00367
G1 X112.628 Y113.182 E49.01646
G1 X113.745 Y113.828 E49.03264
G1 X114.975 Y114.207 E49.04878
G1 X115.983 Y114.359 E49.06157
G0 F15000 X116.011 Y114.06
G0 X116.475 Y111.671
G0 X116.509 Y111.37
G1 F3300 X115.642 Y111.276 E49.0725
G1 X114.827 Y110.995 E49.08331
G1 X114.09 Y110.527 E49.09426
G1 X113.474 Y109.909 E49.1052
G1 X113.018 Y109.188 E49.1159
G1 X112.727 Y108.359 E49.12692
G1 X112.629 Y107.506 E49.13769
G1 X112.727 Y106.64 E49.14862
G1 X113.017 Y105.812 E49.15962
G1 X113.473 Y105.087 E49.17036
G1 X114.082 Y104.48 E49.18114
G1 X114.823 Y104.011 E49.19214
G1 X115.643 Y103.724 E49.20303
G1 X116.501 Y103.627 E49.21386
G1 X117.367 Y103.72 E49.22478
G1 X118.182 Y104.01 E49.23563
G1 X118.916 Y104.468 E49.24648
G1 X119.533 Y105.09 E49.25747
G1 X119.996 Y105.82 E49.26831
G1 X120.279 Y106.633 E49.2791
G1 X120.374 Y107.492 E49.28994
G1 X120.28 Y108.365 E49.30095
G1 X119.993 Y109.178 E49.31176
G1 X119.538 Y109.907 E49.32254
G1 X118.895 Y110.543 E49.33388
G1 X118.161 Y110.999 E49.34472
G1 X117.361 Y111.28 E49.35535
G1 X116.509 Y111.37 E49.3661
M204 S2000
G0 F15000 X116.442 Y111.969
G1 F1500 E42.8661
;MESH:NONMESH
G0 F600 X116.442 Y111.969 Z1.4
G0 F15000 X118.815 Y110.404
G0 X119.407 Y109.812
G0 X119.849 Y109.108
G0 X120.122 Y108.322
G0 X120.216 Y107.498
G0 X120.12 Y106.672
G0 X117.019 Y100.459
G0 X117.348 Y96.771
;TIME_ELAPSED:148.358729
;LAYER:6
;TYPE:SUPPORT
G1 F1500 E49.3661
G1 F3000 X117.735 Y96.79 E49.37096
G1 X119.101 Y97.041 E49.38837
G1 X120.015 Y97.329 E49.40039
G1 X120.015 Y99.911 E49.43277
G1 X120.682 Y100.232 E49.44205
G1 X121.726 Y100.944 E49.4579
G1 X122.642 Y101.795 E49.47358
G1 X122.682 Y101.845 E49.47438
G1 X123.43 Y102.784 E49.48944
G1 X124.052 Y103.857 E49.50499
G1 X124.524 Y105.075 E49.52137
G1 X124.666 Y105.603 E49.52823
G1 X124.862 Y106.867 E49.54427
G1 X124.862 Y108.125 E49.56004
G1 X124.675 Y109.363 E49.57574
G1 X124.309 Y110.55 E49.59132
G1 X123.76 Y111.695 E49.60724
G1 X123.092 Y112.672 E49.62209
G1 X122.682 Y113.156 E49.63004
G1 X122.682 Y116.322 E49.66974
G1 X121.68 Y116.959 E49.68463
G1 X120.425 Y117.545 E49.702
G1 X120.015 Y117.675 E49.7074
G1 X120.015 Y115.099 E49.7397
G1 X119.521 Y115.318 E49.74648
G1 X118.357 Y115.673 E49.76174
G1 X117.348 Y115.825 E49.77453
G1 X117.348 Y118.23 E49.80469
G1 X116.316 Y118.279 E49.81765
G1 X114.932 Y118.165 E49.83506
G1 X114.681 Y118.111 E49.83828
G1 X114.681 Y115.679 E49.86878
G1 X114.632 Y115.671 E49.8694
G1 X113.416 Y115.29 E49.88538
G1 X112.81 Y115.021 E49.8937
G1 X112.014 Y114.56 E49.90523
G1 X112.014 Y117.287 E49.93943
G1 X111.003 Y116.772 E49.95366
G1 X109.851 Y115.988 E49.97114
G1 X109.347 Y115.534 E49.97964
G1 X109.347 Y111.846 E50.02589
G1 X109.284 Y111.753 E50.0273
G1 X108.929 Y111.083 E50.03681
G1 X108.492 Y109.97 E50.0518
G1 X108.214 Y108.751 E50.06748
G1 X108.121 Y107.503 E50.08318
G1 X108.214 Y106.246 E50.09898
G1 X108.494 Y105.028 E50.11465
G1 X108.973 Y103.823 E50.13092
G1 X109.276 Y103.259 E50.13894
G1 X109.347 Y103.157 E50.1405
G1 X109.978 Y102.245 E50.15441
G1 X110.83 Y101.332 E50.17007
G1 X111.259 Y100.963 E50.17717
G1 X112.014 Y100.448 E50.18863
G1 X112.014 Y97.713 E50.22293
G1 X112.262 Y97.589 E50.2264
G1 X113.584 Y97.122 E50.24399
G1 X114.681 Y96.888 E50.25805
G1 X114.681 Y99.345 E50.28886
G1 X115.254 Y99.212 E50.29624
G1 X116.521 Y99.12 E50.31217
G1 X117.115 Y99.143 E50.31962
G1 X117.348 Y99.177 E50.32258
G1 X117.348 Y96.771 E50.35275
G1 F1500 E43.85275
G0 F15000 X122.682 Y101.845
G1 F1500 E50.35275
G1 F3000 X122.682 Y98.637 E50.39298
G1 X123.945 Y99.7 E50.41368
G1 X125.132 Y100.994 E50.4357
G1 X126.042 Y102.473 E50.45748
G1 X126.607 Y103.733 E50.47479
G1 X127.009 Y105.081 E50.49243
G1 X127.23 Y106.446 E50.50978
G1 X127.277 Y107.861 E50.52753
G1 X127.144 Y109.24 E50.5449
G1 X126.832 Y110.597 E50.56236
G1 X126.6 Y111.273 E50.57133
G1 X126.031 Y112.547 E50.58882
G1 X125.349 Y113.655 E50.60514
G1 X125.349 Y101.347 E50.75949
G1 F1500 E44.25949
G0 F15000 X123.065 Y99.268
G0 X121.766 Y98.383
G0 X120.347 Y97.698
G0 X118.846 Y97.236
G0 X117.344 Y97.01
G0 X116.447 Y96.977
G0 X114.936 Y97.09
G0 X113.454 Y97.427
G0 X112.605 Y97.725
G0 X111.241 Y98.383
G0 X109.984 Y99.238
G0 X109.303 Y99.825
G0 X108.467 Y100.727
G0 X107.578 Y101.952
G0 X109.347 Y103.157
G1 F1500 E50.75949
G1 F3000 X109.347 Y99.465 E50.80579
G1 X108.82 Y99.933 E50.81463
G1 X107.906 Y100.991 E50.83216
G1 X107.147 Y102.145 E50.84948
G1 X106.525 Y103.42 E50.86727
G1 X106.081 Y104.725 E50.88456
G1 X105.811 Y106.095 E50.90207
G1 X105.723 Y107.493 E50.91963
G1 X105.809 Y108.89 E50.93718
G1 X106.076 Y110.246 E50.95452
G1 X106.518 Y111.577 E50.9721
G1 X106.68 Y111.907 E50.97671
G1 X106.68 Y103.102 E51.08713
M204 S3500
G1 F1500 E44.58713
;MESH:The cap.stl
G0 F15000 X110.142 Y104.436
G0 X111.325 Y103.628
;TYPE:FILL
G1 F1500 E51.08713
G1 F4200 X110.082 Y108.267 E51.14736
G1 X110.026 Y107.506 E51.15693
G1 X110.097 Y106.542 E51.16905
G1 X110.314 Y105.59 E51.18129
G1 X110.755 Y104.467 E51.19642
G1 X111.433 Y103.471 E51.21153
G1 X111.93 Y102.932 E51.22073
G1 X113.499 Y104.5 E51.24854
G1 X113.16 Y104.84 E51.25457
G1 X112.642 Y105.656 E51.26669
G1 X112.336 Y106.552 E51.27856
G1 X112.226 Y107.508 E51.29063
G1 X112.355 Y108.61 E51.30454
G1 X110.225 Y109.18 E51.33219
G1 X110.754 Y110.531 E51.35039
G1 X111.433 Y111.528 E51.36551
G1 X112.105 Y112.254 E51.37792
G1 X112.854 Y112.852 E51.38994
G1 X113.906 Y113.459 E51.40517
G1 X114.001 Y113.487 E51.40641
G1 X110.566 Y110.052 E51.46733
G0 F15000 X115.734 Y113.916
G1 F4200 X120.438 Y112.655 E51.5284
G1 X120.356 Y112.733 E51.52982
G1 X119.103 Y113.457 E51.54797
G1 X117.944 Y113.815 E51.56318
G1 X116.99 Y113.959 E51.57528
G1 X116.015 Y113.959 E51.58751
G1 X114.817 Y113.778 E51.6027
G1 X115.386 Y111.653 E51.63029
G1 X116.51 Y111.777 E51.64447
G1 X117.451 Y111.672 E51.65634
G1 X118.362 Y111.352 E51.66845
G1 X119.17 Y110.842 E51.68043
G1 X119.504 Y110.505 E51.68638
G1 X121.068 Y112.07 E51.71413
G1 X121.433 Y111.734 E51.72035
G1 X122.108 Y110.742 E51.7354
G1 X122.534 Y109.857 E51.74771
G1 X122.818 Y108.939 E51.75977
G1 X122.962 Y107.987 E51.77184
G1 X122.962 Y107.011 E51.78408
G1 X122.918 Y106.727 E51.78768
G1 X121.67 Y111.384 E51.84814
G0 F15000 X122.441 Y104.957
G1 F4200 X119.037 Y101.553 E51.90851
G1 X119.749 Y101.897 E51.91843
G1 X120.529 Y102.427 E51.93026
G1 X121.257 Y103.103 E51.94271
G1 X121.854 Y103.851 E51.95472
G1 X122.336 Y104.689 E51.96684
G1 X122.78 Y105.816 E51.98203
G1 X120.619 Y106.395 E52.01008
G1 X120.358 Y105.644 E52.02005
G1 X119.846 Y104.84 E52.03201
G1 X119.165 Y104.152 E52.04415
G1 X118.357 Y103.649 E52.05608
G1 X117.603 Y103.378 E52.06613
G1 X118.181 Y101.222 E52.09412
G1 X117.261 Y101.083 E52.10579
G1 X112.624 Y102.326 E52.16599
G1 X113.262 Y101.895 E52.17565
G1 X114.359 Y101.365 E52.19093
G1 X115.542 Y101.097 E52.20614
G1 X116.738 Y101.006 E52.22118
M204 S429
G0 F15000 X119.721 Y104.937
G0 X120.209 Y105.713
G0 X120.513 Y106.582
G0 X120.618 Y107.498
G0 X120.515 Y108.412
G0 X120.212 Y109.283
G0 X119.722 Y110.063
G0 X119.066 Y110.718
G0 X118.291 Y111.206
G0 X116.431 Y111.666
G0 X116.509 Y110.97
;TYPE:WALL-OUTER
G1 F3000 X115.731 Y110.886 E52.23099
G1 X114.978 Y110.618 E52.24102
G1 X114.34 Y110.214 E52.25049
G1 X113.788 Y109.661 E52.26028
G1 X113.367 Y108.99 E52.27022
G1 X113.117 Y108.269 E52.27979
G1 X113.033 Y107.492 E52.28959
G1 X113.117 Y106.729 E52.29921
G1 X113.367 Y106.01 E52.30876
G1 X113.779 Y105.351 E52.31851
G1 X114.337 Y104.788 E52.32845
G1 X114.997 Y104.371 E52.33824
G1 X115.731 Y104.114 E52.34799
G1 X116.493 Y104.03 E52.3576
G1 X117.287 Y104.117 E52.36762
G1 X118.008 Y104.371 E52.37721
G1 X118.65 Y104.775 E52.38672
G1 X119.219 Y105.34 E52.39677
G1 X119.638 Y106.009 E52.40667
G1 X119.881 Y106.705 E52.41592
G1 X119.974 Y107.492 E52.42586
G1 X119.882 Y108.29 E52.43593
G1 X119.632 Y109.004 E52.44542
G1 X119.228 Y109.647 E52.45494
G1 X118.675 Y110.205 E52.46479
G1 X118.001 Y110.632 E52.4748
G1 X117.287 Y110.883 E52.48429
G1 X116.509 Y110.97 E52.49411
G0 F15000 X116.311 Y110.949
G0 X116.233 Y111.644
G0 X116.011 Y114.06
G0 X115.953 Y114.759
G1 F3000 X117.052 Y114.759 E52.50789
G1 X118.12 Y114.598 E52.52143
G1 X119.424 Y114.195 E52.53855
G1 X120.606 Y113.512 E52.55567
G1 X121.033 Y113.197 E52.56232
G1 X122.046 Y112.257 E52.57965
G1 X122.803 Y111.143 E52.59654
G1 X123.281 Y110.15 E52.61036
G1 X123.601 Y109.115 E52.62395
G1 X123.762 Y108.049 E52.63747
G1 X123.762 Y106.949 E52.65126
G1 X123.559 Y105.614 E52.66819
G1 X123.06 Y104.341 E52.68534
G1 X122.516 Y103.399 E52.69898
G1 X121.843 Y102.556 E52.71251
G1 X121.033 Y101.803 E52.72638
G1 X120.146 Y101.2 E52.73983
G1 X119.153 Y100.721 E52.75365
G1 X118.125 Y100.404 E52.76715
G1 X116.772 Y100.201 E52.7843
G1 X115.42 Y100.304 E52.80131
G1 X114.094 Y100.605 E52.81836
G1 X112.86 Y101.2 E52.83554
G1 X111.748 Y101.954 E52.85239
G1 X110.806 Y102.97 E52.86976
G1 X110.045 Y104.086 E52.8867
G1 X109.547 Y105.355 E52.90379
G1 X109.304 Y106.42 E52.91749
G1 X109.224 Y107.506 E52.93115
G1 X109.304 Y108.58 E52.94465
G1 X109.546 Y109.64 E52.95829
G1 X110.044 Y110.913 E52.97543
G1 X110.806 Y112.03 E52.99239
G1 X111.558 Y112.84 E53.00625
G1 X112.402 Y113.514 E53.01979
G1 X113.584 Y114.197 E53.03691
G1 X114.886 Y114.598 E53.054
G1 X115.953 Y114.759 E53.06753
M204 S1500
G0 F15000 X116.153 Y114.759
G0 X115.983 Y114.359
;TYPE:WALL-INNER
G1 F3300 X117.022 Y114.359 E53.08056
G1 X118.031 Y114.207 E53.09335
G1 X119.263 Y113.826 E53.10953
G1 X120.596 Y113.055 E53.12884
G1 X121.738 Y111.997 E53.14836
G1 X122.455 Y110.943 E53.16435
G1 X122.907 Y110.004 E53.17741
G1 X123.21 Y109.025 E53.19027
G1 X123.362 Y108.019 E53.20302
G1 X123.362 Y106.979 E53.21607
G1 X123.17 Y105.718 E53.23206
G1 X122.698 Y104.515 E53.24827
G1 X122.185 Y103.625 E53.26115
G1 X121.549 Y102.829 E53.27393
G1 X120.783 Y102.117 E53.28704
G1 X119.946 Y101.548 E53.29973
G1 X119.006 Y101.095 E53.31282
G1 X118.036 Y100.795 E53.32555
G1 X116.759 Y100.604 E53.34174
G1 X115.48 Y100.7 E53.35783
G1 X114.227 Y100.985 E53.37394
G1 X113.06 Y101.548 E53.39019
G1 X112.008 Y102.261 E53.40613
G1 X111.12 Y103.22 E53.42252
G1 X110.399 Y104.279 E53.43858
G1 X109.93 Y105.473 E53.45467
G1 X109.701 Y106.48 E53.46762
G1 X109.625 Y107.506 E53.48052
G1 X109.701 Y108.52 E53.49328
G1 X109.929 Y109.522 E53.50616
G1 X110.4 Y110.725 E53.52236
G1 X111.12 Y111.78 E53.53838
G1 X111.831 Y112.546 E53.55149
G1 X112.628 Y113.182 E53.56427
G1 X113.745 Y113.828 E53.58046
G1 X114.975 Y114.207 E53.5966
G1 X115.983 Y114.359 E53.60938
G0 F15000 X116.011 Y114.06
G0 X116.475 Y111.671
G0 X116.509 Y111.37
G1 F3300 X115.642 Y111.276 E53.62032
G1 X114.827 Y110.995 E53.63113
G1 X114.09 Y110.527 E53.64207
G1 X113.474 Y109.909 E53.65302
G1 X113.018 Y109.188 E53.66372
G1 X112.727 Y108.359 E53.67473
G1 X112.629 Y107.506 E53.6855
G1 X112.727 Y106.64 E53.69643
G1 X113.017 Y105.812 E53.70743
G1 X113.473 Y105.087 E53.71817
G1 X114.082 Y104.48 E53.72895
G1 X114.823 Y104.011 E53.73995
G1 X115.643 Y103.724 E53.75085
G1 X116.501 Y103.627 E53.76167
G1 X117.367 Y103.72 E53.7726
G1 X118.182 Y104.01 E53.78345
G1 X118.916 Y104.468 E53.7943
G1 X119.533 Y105.09 E53.80528
G1 X119.996 Y105.82 E53.81612
G1 X120.279 Y106.633 E53.82692
G1 X120.374 Y107.492 E53.83776
G1 X120.28 Y108.365 E53.84877
G1 X119.993 Y109.178 E53.85958
G1 X119.538 Y109.907 E53.87035
G1 X118.895 Y110.543 E53.8817
G1 X118.161 Y110.999 E53.89253
G1 X117.361 Y111.28 E53.90317
G1 X116.509 Y111.37 E53.91391
M204 S2000
G0 F15000 X116.442 Y111.969
G1 F1500 E47.41391
;MESH:NONMESH
G0 F600 X116.442 Y111.969 Z1.6
G0 F15000 X118.815 Y110.404
G0 X119.407 Y109.812
G0 X119.849 Y109.108
G0 X120.122 Y108.322
G0 X120.216 Y107.498
G0 X120.12 Y106.672
G0 X117.019 Y100.459
G0 X117.348 Y96.771
;TIME_ELAPSED:159.464099
;LAYER:7
;TYPE:SUPPORT
G1 F1500 E53.91391
G1 F3000 X117.735 Y96.79 E53.91877
G1 X119.101 Y97.041 E53.93619
G1 X120.015 Y97.329 E53.9482
G1 X120.015 Y99.911 E53.98058
G1 X120.682 Y100.232 E53.98987
G1 X121.726 Y100.944 E54.00571
G1 X122.642 Y101.795 E54.02139
G1 X122.682 Y101.845 E54.02219
G1 X123.43 Y102.784 E54.03725
G1 X124.052 Y103.857 E54.0528
G1 X124.524 Y105.075 E54.06918
G1 X124.666 Y105.603 E54.07604
G1 X124.862 Y106.867 E54.09208
G1 X124.862 Y108.125 E54.10786
G1 X124.675 Y109.363 E54.12356
G1 X124.309 Y110.55 E54.13913
G1 X123.76 Y111.695 E54.15506
G1 X123.092 Y112.672 E54.1699
G1 X122.682 Y113.156 E54.17785
G1 X122.682 Y116.322 E54.21756
G1 X121.68 Y116.959 E54.23245
G1 X120.425 Y117.545 E54.24982
G1 X120.015 Y117.675 E54.25521
G1 X120.015 Y115.099 E54.28751
G1 X119.521 Y115.318 E54.29429
G1 X118.357 Y115.673 E54.30955
G1 X117.348 Y115.825 E54.32235
G1 X117.348 Y118.23 E54.35251
G1 X116.316 Y118.279 E54.36546
G1 X114.932 Y118.165 E54.38288
G1 X114.681 Y118.111 E54.3861
G1 X114.681 Y115.679 E54.4166
G1 X114.632 Y115.671 E54.41722
G1 X113.416 Y115.29 E54.4332
G1 X112.81 Y115.021 E54.44151
G1 X112.014 Y114.56 E54.45305
G1 X112.014 Y117.287 E54.48725
G1 X111.003 Y116.772 E54.50147
G1 X109.851 Y115.988 E54.51895
G1 X109.347 Y115.534 E54.52746
G1 X109.347 Y111.846 E54.5737
G1 X109.284 Y111.753 E54.57511
G1 X108.929 Y111.083 E54.58462
G1 X108.492 Y109.97 E54.59962
G1 X108.214 Y108.751 E54.6153
G1 X108.121 Y107.503 E54.63099
G1 X108.214 Y106.246 E54.6468
G1 X108.494 Y105.028 E54.66247
G1 X108.973 Y103.823 E54.67873
G1 X109.276 Y103.259 E54.68676
G1 X109.347 Y103.157 E54.68832
G1 X109.978 Y102.245 E54.70222
G1 X110.83 Y101.332 E54.71788
G1 X111.259 Y100.963 E54.72498
G1 X112.014 Y100.448 E54.73644
G1 X112.014 Y97.713 E54.77074
G1 X112.262 Y97.589 E54.77422
G1 X113.584 Y97.122 E54.7918
G1 X114.681 Y96.888 E54.80587
G1 X114.681 Y99.345 E54.83668
G1 X115.254 Y99.212 E54.84405
G1 X116.521 Y99.12 E54.85998
G1 X117.115 Y99.143 E54.86744
G1 X117.348 Y99.177 E54.87039
G1 X117.348 Y96.771 E54.90056
G1 F1500 E48.40056
G0 F15000 X122.682 Y101.845
G1 F1500 E54.90056
G1 F3000 X122.682 Y98.637 E54.94079
G1 X123.945 Y99.7 E54.96149
G1 X125.132 Y100.994 E54.98352
G1 X126.042 Y102.473 E55.00529
G1 X126.607 Y103.733 E55.02261
G1 X127.009 Y105.081 E55.04025
G1 X127.23 Y106.446 E55.05759
G1 X127.277 Y107.861 E55.07534
G1 X127.144 Y109.24 E55.09272
G1 X126.832 Y110.597 E55.11018
G1 X126.6 Y111.273 E55.11914
G1 X126.031 Y112.547 E55.13664
G1 X125.349 Y113.655 E55.15295
G1 X125.349 Y101.347 E55.3073
G1 F1500 E48.8073
G0 F15000 X123.065 Y99.268
G0 X121.766 Y98.383
G0 X120.347 Y97.698
G0 X118.846 Y97.236
G0 X117.344 Y97.01
G0 X116.447 Y96.977
G0 X114.936 Y97.09
G0 X113.454 Y97.427
G0 X112.605 Y97.725
G0 X111.241 Y98.383
G0 X109.984 Y99.238
G0 X109.303 Y99.825
G0 X108.467 Y100.727
G0 X107.578 Y101.952
G0 X109.347 Y103.157
G1 F1500 E55.3073
G1 F3000 X109.347 Y99.465 E55.3536
G1 X108.82 Y99.933 E55.36244
G1 X107.906 Y100.991 E55.37997
G1 X107.147 Y102.145 E55.39729
G1 X106.525 Y103.42 E55.41508
G1 X106.081 Y104.725 E55.43237
G1 X105.811 Y106.095 E55.44988
G1 X105.723 Y107.493 E55.46745
G1 X105.809 Y108.89 E55.485
G1 X106.076 Y110.246 E55.50233
G1 X106.518 Y111.577 E55.51992
G1 X106.68 Y111.907 E55.52453
G1 X106.68 Y103.102 E55.63495
M204 S3500
G1 F1500 E49.13495
;MESH:The cap.stl
G0 F15000 X110.142 Y104.436
G0 X111.325 Y103.628
;TYPE:FILL
G1 F1500 E55.63495
G1 F4200 X110.082 Y108.267 E55.69517
G1 X110.026 Y107.506 E55.70474
G1 X110.097 Y106.542 E55.71686
G1 X110.314 Y105.59 E55.72911
G1 X110.755 Y104.467 E55.74424
G1 X111.433 Y103.471 E55.75935
G1 X111.93 Y102.932 E55.76854
G1 X113.499 Y104.5 E55.79636
G1 X113.16 Y104.84 E55.80238
G1 X112.642 Y105.656 E55.8145
G1 X112.336 Y106.552 E55.82637
G1 X112.226 Y107.508 E55.83844
G1 X112.355 Y108.61 E55.85235
G1 X110.225 Y109.18 E55.88001
G1 X110.754 Y110.531 E55.8982
G1 X111.433 Y111.528 E55.91333
G1 X112.105 Y112.254 E55.92573
G1 X112.854 Y112.852 E55.93775
G1 X113.906 Y113.459 E55.95298
G1 X114.001 Y113.487 E55.95422
G1 X110.566 Y110.052 E56.01514
G0 F15000 X115.734 Y113.916
G1 F4200 X120.438 Y112.655 E56.07622
G1 X120.356 Y112.733 E56.07764
G1 X119.103 Y113.457 E56.09578
G1 X117.944 Y113.815 E56.111
G1 X116.99 Y113.959 E56.12309
G1 X116.015 Y113.959 E56.13532
G1 X114.817 Y113.778 E56.15051
G1 X115.386 Y111.653 E56.1781
G1 X116.51 Y111.777 E56.19228
G1 X117.451 Y111.672 E56.20416
G1 X118.362 Y111.352 E56.21627
G1 X119.17 Y110.842 E56.22825
G1 X119.504 Y110.505 E56.2342
G1 X121.068 Y112.07 E56.26194
G1 X121.433 Y111.734 E56.26816
G1 X122.108 Y110.742 E56.28321
G1 X122.534 Y109.857 E56.29553
G1 X122.818 Y108.939 E56.30758
G1 X122.962 Y107.987 E56.31965
G1 X122.962 Y107.011 E56.33189
G1 X122.918 Y106.727 E56.3355
G1 X121.67 Y111.384 E56.39596
G0 F15000 X122.441 Y104.957
G1 F4200 X119.037 Y101.553 E56.45633
G1 X119.749 Y101.897 E56.46624
G1 X120.529 Y102.427 E56.47807
G1 X121.257 Y103.103 E56.49053
G1 X121.854 Y103.851 E56.50253
G1 X122.336 Y104.689 E56.51465
G1 X122.78 Y105.816 E56.52984
G1 X120.619 Y106.395 E56.5579
G1 X120.358 Y105.644 E56.56787
G1 X119.846 Y104.84 E56.57982
G1 X119.165 Y104.152 E56.59196
G1 X118.357 Y103.649 E56.6039
G1 X117.603 Y103.378 E56.61394
G1 X118.181 Y101.222 E56.64194
G1 X117.261 Y101.083 E56.6536
G1 X112.624 Y102.326 E56.71381
G1 X113.262 Y101.895 E56.72346
G1 X114.359 Y101.365 E56.73874
G1 X115.542 Y101.097 E56.75395
G1 X116.738 Y101.006 E56.76899
M204 S429
G0 F15000 X119.721 Y104.937
G0 X120.209 Y105.713
G0 X120.513 Y106.582
G0 X120.618 Y107.498
G0 X120.515 Y108.412
G0 X120.212 Y109.283
G0 X119.722 Y110.063
G0 X119.066 Y110.718
G0 X118.291 Y111.206
G0 X116.431 Y111.666
G0 X116.509 Y110.97
;TYPE:WALL-OUTER
G1 F3000 X115.731 Y110.886 E56.77881
G1 X114.978 Y110.618 E56.78883
G1 X114.34 Y110.214 E56.7983
G1 X113.788 Y109.661 E56.8081
G1 X113.367 Y108.99 E56.81803
G1 X113.117 Y108.269 E56.8276
G1 X113.033 Y107.492 E56.8374
G1 X113.117 Y106.729 E56.84703
G1 X113.367 Y106.01 E56.85657
G1 X113.779 Y105.351 E56.86632
G1 X114.337 Y104.788 E56.87626
G1 X114.997 Y104.371 E56.88605
G1 X115.731 Y104.114 E56.8958
G1 X116.493 Y104.03 E56.90542
G1 X117.287 Y104.117 E56.91543
G1 X118.008 Y104.371 E56.92502
G1 X118.65 Y104.775 E56.93453
G1 X119.219 Y105.34 E56.94459
G1 X119.638 Y106.009 E56.95449
G1 X119.881 Y106.705 E56.96373
G1 X119.974 Y107.492 E56.97367
G1 X119.882 Y108.29 E56.98374
G1 X119.632 Y109.004 E56.99323
G1 X119.228 Y109.647 E57.00275
G1 X118.675 Y110.205 E57.01261
G1 X118.001 Y110.632 E57.02261
G1 X117.287 Y110.883 E57.0321
G1 X116.509 Y110.97 E57.04192
G0 F15000 X116.311 Y110.949
G0 X116.233 Y111.644
G0 X116.011 Y114.06
G0 X115.953 Y114.759
G1 F3000 X117.052 Y114.759 E57.0557
G1 X118.12 Y114.598 E57.06925
G1 X119.424 Y114.195 E57.08636
G1 X120.606 Y113.512 E57.10348
G1 X121.033 Y113.197 E57.11013
G1 X122.046 Y112.257 E57.12746
G1 X122.803 Y111.143 E57.14435
G1 X123.281 Y110.15 E57.15818
G1 X123.601 Y109.115 E57.17176
G1 X123.762 Y108.049 E57.18528
G1 X123.762 Y106.949 E57.19907
G1 X123.559 Y105.614 E57.21601
G1 X123.06 Y104.341 E57.23315
G1 X122.516 Y103.399 E57.2468
G1 X121.843 Y102.556 E57.26032
G1 X121.033 Y101.803 E57.27419
G1 X120.146 Y101.2 E57.28764
G1 X119.153 Y100.721 E57.30147
G1 X118.125 Y100.404 E57.31496
G1 X116.772 Y100.201 E57.33212
G1 X115.42 Y100.304 E57.34912
G1 X114.094 Y100.605 E57.36617
G1 X112.86 Y101.2 E57.38335
G1 X111.748 Y101.954 E57.4002
G1 X110.806 Y102.97 E57.41757
G1 X110.045 Y104.086 E57.43451
G1 X109.547 Y105.355 E57.45161
G1 X109.304 Y106.42 E57.46531
G1 X109.224 Y107.506 E57.47896
G1 X109.304 Y108.58 E57.49247
G1 X109.546 Y109.64 E57.5061
G1 X110.044 Y110.913 E57.52325
G1 X110.806 Y112.03 E57.5402
G1 X111.558 Y112.84 E57.55406
G1 X112.402 Y113.514 E57.56761
G1 X113.584 Y114.197 E57.58473
G1 X114.886 Y114.598 E57.60181
G1 X115.953 Y114.759 E57.61534
M204 S1500
G0 F15000 X116.153 Y114.759
G0 X115.983 Y114.359
;TYPE:WALL-INNER
G1 F3300 X117.022 Y114.359 E57.62837
G1 X118.031 Y114.207 E57.64117
G1 X119.263 Y113.826 E57.65734
G1 X120.596 Y113.055 E57.67665
G1 X121.738 Y111.997 E57.69617
G1 X122.455 Y110.943 E57.71216
G1 X122.907 Y110.004 E57.72523
G1 X123.21 Y109.025 E57.73808
G1 X123.362 Y108.019 E57.75084
G1 X123.362 Y106.979 E57.76388
G1 X123.17 Y105.718 E57.77988
G1 X122.698 Y104.515 E57.79608
G1 X122.185 Y103.625 E57.80896
G1 X121.549 Y102.829 E57.82174
G1 X120.783 Y102.117 E57.83486
G1 X119.946 Y101.548 E57.84755
G1 X119.006 Y101.095 E57.86063
G1 X118.036 Y100.795 E57.87337
G1 X116.759 Y100.604 E57.88956
G1 X115.48 Y100.7 E57.90564
G1 X114.227 Y100.985 E57.92176
G1 X113.06 Y101.548 E57.93801
G1 X112.008 Y102.261 E57.95394
G1 X111.12 Y103.22 E57.97033
G1 X110.399 Y104.279 E57.9864
G1 X109.93 Y105.473 E58.00249
G1 X109.701 Y106.48 E58.01544
G1 X109.625 Y107.506 E58.02834
G1 X109.701 Y108.52 E58.04109
G1 X109.929 Y109.522 E58.05398
G1 X110.4 Y110.725 E58.07018
G1 X111.12 Y111.78 E58.08619
G1 X111.831 Y112.546 E58.0993
G1 X112.628 Y113.182 E58.11209
G1 X113.745 Y113.828 E58.12827
G1 X114.975 Y114.207 E58.14441
G1 X115.983 Y114.359 E58.15719
G0 F15000 X116.011 Y114.06
G0 X116.475 Y111.671
G0 X116.509 Y111.37
G1 F3300 X115.642 Y111.276 E58.16813
G1 X114.827 Y110.995 E58.17894
G1 X114.09 Y110.527 E58.18989
G1 X113.474 Y109.909 E58.20083
G1 X113.018 Y109.188 E58.21153
G1 X112.727 Y108.359 E58.22255
G1 X112.629 Y107.506 E58.23331
G1 X112.727 Y106.64 E58.24424
G1 X113.017 Y105.812 E58.25525
G1 X113.473 Y105.087 E58.26599
G1 X114.082 Y104.48 E58.27677
G1 X114.823 Y104.011 E58.28777
G1 X115.643 Y103.724 E58.29866
G1 X116.501 Y103.627 E58.30949
G1 X117.367 Y103.72 E58.32041
G1 X118.182 Y104.01 E58.33126
G1 X118.916 Y104.468 E58.34211
G1 X119.533 Y105.09 E58.3531
G1 X119.996 Y105.82 E58.36394
G1 X120.279 Y106.633 E58.37473
G1 X120.374 Y107.492 E58.38557
G1 X120.28 Y108.365 E58.39658
G1 X119.993 Y109.178 E58.40739
G1 X119.538 Y109.907 E58.41817
G1 X118.895 Y110.543 E58.42951
G1 X118.161 Y110.999 E58.44035
G1 X117.361 Y111.28 E58.45098
G1 X116.509 Y111.37 E58.46172
M204 S2000
G0 F15000 X116.442 Y111.969
G1 F1500 E51.96172
;MESH:NONMESH
G0 F600 X116.442 Y111.969 Z1.8
G0 F15000 X118.815 Y110.404
G0 X119.407 Y109.812
G0 X119.849 Y109.108
G0 X120.122 Y108.322
G0 X120.216 Y107.498
G0 X120.12 Y106.672
G0 X117.019 Y100.459
G0 X117.348 Y96.771
;TIME_ELAPSED:170.569468
;LAYER:8
;TYPE:SUPPORT
G1 F1500 E58.46172
G1 F3000 X117.735 Y96.79 E58.46658
G1 X119.101 Y97.041 E58.484
G1 X120.015 Y97.329 E58.49602
G1 X120.015 Y99.911 E58.5284
G1 X120.682 Y100.232 E58.53768
G1 X121.726 Y100.944 E58.55353
G1 X122.642 Y101.795 E58.56921
G1 X122.682 Y101.845 E58.57001
G1 X123.43 Y102.784 E58.58506
G1 X124.052 Y103.857 E58.60062
G1 X124.524 Y105.075 E58.617
G1 X124.666 Y105.603 E58.62385
G1 X124.862 Y106.867 E58.63989
G1 X124.862 Y108.125 E58.65567
G1 X124.675 Y109.363 E58.67137
G1 X124.309 Y110.55 E58.68695
G1 X123.76 Y111.695 E58.70287
G1 X123.092 Y112.672 E58.71771
G1 X122.682 Y113.156 E58.72567
G1 X122.682 Y116.322 E58.76537
G1 X121.68 Y116.959 E58.78026
G1 X120.425 Y117.545 E58.79763
G1 X120.015 Y117.675 E58.80302
G1 X120.015 Y115.099 E58.83533
G1 X119.521 Y115.318 E58.8421
G1 X118.357 Y115.673 E58.85737
G1 X117.348 Y115.825 E58.87016
G1 X117.348 Y118.23 E58.90032
G1 X116.316 Y118.279 E58.91328
G1 X114.932 Y118.165 E58.93069
G1 X114.681 Y118.111 E58.93391
G1 X114.681 Y115.679 E58.96441
G1 X114.632 Y115.671 E58.96503
G1 X113.416 Y115.29 E58.98101
G1 X112.81 Y115.021 E58.98933
G1 X112.014 Y114.56 E59.00086
G1 X112.014 Y117.287 E59.03506
G1 X111.003 Y116.772 E59.04929
G1 X109.851 Y115.988 E59.06676
G1 X109.347 Y115.534 E59.07527
G1 X109.347 Y111.846 E59.12152
G1 X109.284 Y111.753 E59.12293
G1 X108.929 Y111.083 E59.13244
G1 X108.492 Y109.97 E59.14743
G1 X108.214 Y108.751 E59.16311
G1 X108.121 Y107.503 E59.1788
G1 X108.214 Y106.246 E59.19461
G1 X108.494 Y105.028 E59.21028
G1 X108.973 Y103.823 E59.22654
G1 X109.276 Y103.259 E59.23457
G1 X109.347 Y103.157 E59.23613
G1 X109.978 Y102.245 E59.25004
G1 X110.83 Y101.332 E59.2657
G1 X111.259 Y100.963 E59.27279
G1 X112.014 Y100.448 E59.28426
G1 X112.014 Y97.713 E59.31855
G1 X112.262 Y97.589 E59.32203
G1 X113.584 Y97.122 E59.33961
G1 X114.681 Y96.888 E59.35368
G1 X114.681 Y99.345 E59.38449
G1 X115.254 Y99.212 E59.39187
G1 X116.521 Y99.12 E59.4078
G1 X117.115 Y99.143 E59.41525
G1 X117.348 Y99.177 E59.41821
G1 X117.348 Y96.771 E59.44838
G1 F1500 E52.94838
G0 F15000 X122.682 Y101.845
G1 F1500 E59.44838
G1 F3000 X122.682 Y98.637 E59.48861
G1 X123.945 Y99.7 E59.50931
G1 X125.132 Y100.994 E59.53133
G1 X126.042 Y102.473 E59.55311
G1 X126.607 Y103.733 E59.57042
G1 X127.009 Y105.081 E59.58806
G1 X127.23 Y106.446 E59.6054
G1 X127.277 Y107.861 E59.62316
G1 X127.144 Y109.24 E59.64053
G1 X126.832 Y110.597 E59.65799
G1 X126.6 Y111.273 E59.66695
G1 X126.031 Y112.547 E59.68445
G1 X125.349 Y113.655 E59.70077
G1 X125.349 Y101.347 E59.85512
G1 F1500 E53.35512
G0 F15000 X123.065 Y99.268
G0 X121.766 Y98.383
G0 X120.347 Y97.698
G0 X118.846 Y97.236
G0 X117.344 Y97.01
G0 X116.447 Y96.977
G0 X114.936 Y97.09
G0 X113.454 Y97.427
G0 X112.605 Y97.725
G0 X111.241 Y98.383
G0 X109.984 Y99.238
G0 X109.303 Y99.825
G0 X108.467 Y100.727
G0 X107.578 Y101.952
G0 X109.347 Y103.157
G1 F1500 E59.85512
G1 F3000 X109.347 Y99.465 E59.90141
G1 X108.82 Y99.933 E59.91025
G1 X107.906 Y100.991 E59.92779
G1 X107.147 Y102.145 E59.94511
G1 X106.525 Y103.42 E59.9629
G1 X106.081 Y104.725 E59.98018
G1 X105.811 Y106.095 E59.99769
G1 X105.723 Y107.493 E60.01526
G1 X105.809 Y108.89 E60.03281
G1 X106.076 Y110.246 E60.05014
G1 X106.518 Y111.577 E60.06773
G1 X106.68 Y111.907 E60.07234
G1 X106.68 Y103.102 E60.18276
M204 S3500
G1 F1500 E53.68276
;MESH:The cap.stl
G0 F15000 X110.142 Y104.436
G0 X111.325 Y103.628
;TYPE:FILL
G1 F1500 E60.18276
G1 F4200 X110.082 Y108.267 E60.24299
G1 X110.026 Y107.506 E60.25256
G1 X110.097 Y106.542 E60.26468
G1 X110.314 Y105.59 E60.27692
G1 X110.755 Y104.467 E60.29205
G1 X111.433 Y103.471 E60.30716
G1 X111.93 Y102.932 E60.31635
G1 X113.499 Y104.5 E60.34417
G1 X113.16 Y104.84 E60.35019
G1 X112.642 Y105.656 E60.36231
G1 X112.336 Y106.552 E60.37419
G1 X112.226 Y107.508 E60.38625
G1 X112.355 Y108.61 E60.40017
G1 X110.225 Y109.18 E60.42782
G1 X110.754 Y110.531 E60.44601
G1 X111.433 Y111.528 E60.46114
G1 X112.105 Y112.254 E60.47355
G1 X112.854 Y112.852 E60.48557
G1 X113.906 Y113.459 E60.5008
G1 X114.001 Y113.487 E60.50204
G1 X110.566 Y110.052 E60.56296
G0 F15000 X115.734 Y113.916
G1 F4200 X120.438 Y112.655 E60.62403
G1 X120.356 Y112.733 E60.62545
G1 X119.103 Y113.457 E60.6436
G1 X117.944 Y113.815 E60.65881
G1 X116.99 Y113.959 E60.67091
G1 X116.015 Y113.959 E60.68313
G1 X114.817 Y113.778 E60.69833
G1 X115.386 Y111.653 E60.72592
G1 X116.51 Y111.777 E60.7401
G1 X117.451 Y111.672 E60.75197
G1 X118.362 Y111.352 E60.76408
G1 X119.17 Y110.842 E60.77606
G1 X119.504 Y110.505 E60.78201
G1 X121.068 Y112.07 E60.80976
G1 X121.433 Y111.734 E60.81598
G1 X122.108 Y110.742 E60.83103
G1 X122.534 Y109.857 E60.84334
G1 X122.818 Y108.939 E60.85539
G1 X122.962 Y107.987 E60.86747
G1 X122.962 Y107.011 E60.87971
G1 X122.918 Y106.727 E60.88331
G1 X121.67 Y111.384 E60.94377
G0 F15000 X122.441 Y104.957
G1 F4200 X119.037 Y101.553 E61.00414
G1 X119.749 Y101.897 E61.01406
G1 X120.529 Y102.427 E61.02588
G1 X121.257 Y103.103 E61.03834
G1 X121.854 Y103.851 E61.05034
G1 X122.336 Y104.689 E61.06247
G1 X122.78 Y105.816 E61.07766
G1 X120.619 Y106.395 E61.10571
G1 X120.358 Y105.644 E61.11568
G1 X119.846 Y104.84 E61.12764
G1 X119.165 Y104.152 E61.13978
G1 X118.357 Y103.649 E61.15171
G1 X117.603 Y103.378 E61.16176
G1 X118.181 Y101.222 E61.18975
G1 X117.261 Y101.083 E61.20142
G1 X112.624 Y102.326 E61.26162
G1 X113.262 Y101.895 E61.27128
G1 X114.359 Y101.365 E61.28655
G1 X115.542 Y101.097 E61.30177
G1 X116.738 Y101.006 E61.31681
M204 S429
G0 F15000 X119.721 Y104.937
G0 X120.209 Y105.713
G0 X120.513 Y106.582
G0 X120.618 Y107.498
G0 X120.515 Y108.412
G0 X120.212 Y109.283
G0 X119.722 Y110.063
G0 X119.066 Y110.718
G0 X118.291 Y111.206
G0 X116.431 Y111.666
G0 X116.509 Y110.97
;TYPE:WALL-OUTER
G1 F3000 X115.731 Y110.886 E61.32662
G1 X114.978 Y110.618 E61.33664
G1 X114.34 Y110.214 E61.34611
G1 X113.788 Y109.661 E61.35591
G1 X113.367 Y108.99 E61.36585
G1 X113.117 Y108.269 E61.37542
G1 X113.033 Y107.492 E61.38522
G1 X113.117 Y106.729 E61.39484
G1 X113.367 Y106.01 E61.40439
G1 X113.779 Y105.351 E61.41413
G1 X114.337 Y104.788 E61.42407
G1 X114.997 Y104.371 E61.43386
G1 X115.731 Y104.114 E61.44362
G1 X116.493 Y104.03 E61.45323
G1 X117.287 Y104.117 E61.46325
G1 X118.008 Y104.371 E61.47283
G1 X118.65 Y104.775 E61.48235
G1 X119.219 Y105.34 E61.4924
G1 X119.638 Y106.009 E61.5023
G1 X119.881 Y106.705 E61.51155
G1 X119.974 Y107.492 E61.52148
G1 X119.882 Y108.29 E61.53156
G1 X119.632 Y109.004 E61.54104
G1 X119.228 Y109.647 E61.55057
G1 X118.675 Y110.205 E61.56042
G1 X118.001 Y110.632 E61.57042
G1 X117.287 Y110.883 E61.57992
G1 X116.509 Y110.97 E61.58973
G0 F15000 X116.311 Y110.949
G0 X116.233 Y111.644
G0 X116.011 Y114.06
G0 X115.953 Y114.759
G1 F3000 X117.052 Y114.759 E61.60351
G1 X118.12 Y114.598 E61.61706
G1 X119.424 Y114.195 E61.63417
G1 X120.606 Y113.512 E61.65129
G1 X121.033 Y113.197 E61.65795
G1 X122.046 Y112.257 E61.67528
G1 X122.803 Y111.143 E61.69217
G1 X123.281 Y110.15 E61.70599
G1 X123.601 Y109.115 E61.71957
G1 X123.762 Y108.049 E61.73309
G1 X123.762 Y106.949 E61.74689
G1 X123.559 Y105.614 E61.76382
G1 X123.06 Y104.341 E61.78097
G1 X122.516 Y103.399 E61.79461
G1 X121.843 Y102.556 E61.80814
G1 X121.033 Y101.803 E61.82201
G1 X120.146 Y101.2 E61.83546
G1 X119.153 Y100.721 E61.84928
G1 X118.125 Y100.404 E61.86277
G1 X116.772 Y100.201 E61.87993
G1 X115.42 Y100.304 E61.89693
G1 X114.094 Y100.605 E61.91399
G1 X112.86 Y101.2 E61.93116
G1 X111.748 Y101.954 E61.94801
G1 X110.806 Y102.97 E61.96539
G1 X110.045 Y104.086 E61.98233
G1 X109.547 Y105.355 E61.99942
G1 X109.304 Y106.42 E62.01312
G1 X109.224 Y107.506 E62.02678
G1 X109.304 Y108.58 E62.04028
G1 X109.546 Y109.64 E62.05392
G1 X110.044 Y110.913 E62.07106
G1 X110.806 Y112.03 E62.08802
G1 X111.558 Y112.84 E62.10188
G1 X112.402 Y113.514 E62.11542
G1 X113.584 Y114.197 E62.13254
G1 X114.886 Y114.598 E62.14962
G1 X115.953 Y114.759 E62.16316
M204 S1500
G0 F15000 X116.153 Y114.759
G0 X115.983 Y114.359
;TYPE:WALL-INNER
G1 F3300 X117.022 Y114.359 E62.17619
G1 X118.031 Y114.207 E62.18898
G1 X119.263 Y113.826 E62.20515
G1 X120.596 Y113.055 E62.22447
G1 X121.738 Y111.997 E62.24399
G1 X122.455 Y110.943 E62.25997
G1 X122.907 Y110.004 E62.27304
G1 X123.21 Y109.025 E62.28589
G1 X123.362 Y108.019 E62.29865
G1 X123.362 Y106.979 E62.31169
G1 X123.17 Y105.718 E62.32769
G1 X122.698 Y104.515 E62.3439
G1 X122.185 Y103.625 E62.35678
G1 X121.549 Y102.829 E62.36956
G1 X120.783 Y102.117 E62.38267
G1 X119.946 Y101.548 E62.39536
G1 X119.006 Y101.095 E62.40845
G1 X118.036 Y100.795 E62.42118
G1 X116.759 Y100.604 E62.43737
G1 X115.48 Y100.7 E62.45346
G1 X114.227 Y100.985 E62.46957
G1 X113.06 Y101.548 E62.48582
G1 X112.008 Y102.261 E62.50176
G1 X111.12 Y103.22 E62.51815
G1 X110.399 Y104.279 E62.53421
G1 X109.93 Y105.473 E62.5503
G1 X109.701 Y106.48 E62.56325
G1 X109.625 Y107.506 E62.57615
G1 X109.701 Y108.52 E62.5889
G1 X109.929 Y109.522 E62.60179
G1 X110.4 Y110.725 E62.61799
G1 X111.12 Y111.78 E62.63401
G1 X111.831 Y112.546 E62.64711
G1 X112.628 Y113.182 E62.6599
G1 X113.745 Y113.828 E62.67608
G1 X114.975 Y114.207 E62.69222
G1 X115.983 Y114.359 E62.70501
G0 F15000 X116.011 Y114.06
G0 X116.475 Y111.671
G0 X116.509 Y111.37
G1 F3300 X115.642 Y111.276 E62.71594
G1 X114.827 Y110.995 E62.72675
G1 X114.09 Y110.527 E62.7377
G1 X113.474 Y109.909 E62.74864
G1 X113.018 Y109.188 E62.75934
G1 X112.727 Y108.359 E62.77036
G1 X112.629 Y107.506 E62.78113
G1 X112.727 Y106.64 E62.79206
G1 X113.017 Y105.812 E62.80306
G1 X113.473 Y105.087 E62.8138
G1 X114.082 Y104.48 E62.82458
G1 X114.823 Y104.011 E62.83558
G1 X115.643 Y103.724 E62.84647
G1 X116.501 Y103.627 E62.8573
G1 X117.367 Y103.72 E62.86823
G1 X118.182 Y104.01 E62.87907
G1 X118.916 Y104.468 E62.88992
G1 X119.533 Y105.09 E62.90091
G1 X119.996 Y105.82 E62.91175
G1 X120.279 Y106.633 E62.92255
G1 X120.374 Y107.492 E62.93338
G1 X120.28 Y108.365 E62.94439
G1 X119.993 Y109.178 E62.95521
G1 X119.538 Y109.907 E62.96598
G1 X118.895 Y110.543 E62.97732
G1 X118.161 Y110.999 E62.98816
G1 X117.361 Y111.28 E62.99879
G1 X116.509 Y111.37 E63.00954
M204 S2000
G0 F15000 X116.442 Y111.969
G1 F1500 E56.50954
;MESH:NONMESH
G0 F600 X116.442 Y111.969 Z2
G0 F15000 X118.815 Y110.404
G0 X119.407 Y109.812
G0 X119.849 Y109.108
G0 X120.122 Y108.322
G0 X120.216 Y107.498
G0 X120.12 Y106.672
G0 X117.019 Y100.459
G0 X117.348 Y96.771
;TIME_ELAPSED:181.674838
;LAYER:9
;TYPE:SUPPORT
G1 F1500 E63.00954
G1 F3000 X117.735 Y96.79 E63.0144
G1 X119.101 Y97.041 E63.03181
G1 X120.015 Y97.329 E63.04383
G1 X120.015 Y99.911 E63.07621
G1 X120.682 Y100.232 E63.08549
G1 X121.726 Y100.944 E63.10134
G1 X122.642 Y101.795 E63.11702
G1 X122.682 Y101.845 E63.11782
G1 X123.43 Y102.784 E63.13288
G1 X124.052 Y103.857 E63.14843
G1 X124.524 Y105.075 E63.16481
G1 X124.666 Y105.603 E63.17167
G1 X124.862 Y106.867 E63.18771
G1 X124.862 Y108.125 E63.20348
G1 X124.675 Y109.363 E63.21918
G1 X124.309 Y110.55 E63.23476
G1 X123.76 Y111.695 E63.25069
G1 X123.092 Y112.672 E63.26553
G1 X122.682 Y113.156 E63.27348
G1 X122.682 Y116.322 E63.31319
G1 X121.68 Y116.959 E63.32807
G1 X120.425 Y117.545 E63.34544
G1 X120.015 Y117.675 E63.35084
G1 X120.015 Y115.099 E63.38314
G1 X119.521 Y115.318 E63.38992
G1 X118.357 Y115.673 E63.40518
G1 X117.348 Y115.825 E63.41798
G1 X117.348 Y118.23 E63.44813
G1 X116.316 Y118.279 E63.46109
G1 X114.932 Y118.165 E63.47851
G1 X114.681 Y118.111 E63.48173
G1 X114.681 Y115.679 E63.51222
G1 X114.632 Y115.671 E63.51285
G1 X113.416 Y115.29 E63.52883
G1 X112.81 Y115.021 E63.53714
G1 X112.014 Y114.56 E63.54868
G1 X112.014 Y117.287 E63.58287
G1 X111.003 Y116.772 E63.5971
G1 X109.851 Y115.988 E63.61458
G1 X109.347 Y115.534 E63.62308
G1 X109.347 Y111.846 E63.66933
G1 X109.284 Y111.753 E63.67074
G1 X108.929 Y111.083 E63.68025
G1 X108.492 Y109.97 E63.69524
G1 X108.214 Y108.751 E63.71092
G1 X108.121 Y107.503 E63.72662
G1 X108.214 Y106.246 E63.74242
G1 X108.494 Y105.028 E63.7581
G1 X108.973 Y103.823 E63.77436
G1 X109.276 Y103.259 E63.78239
G1 X109.347 Y103.157 E63.78394
G1 X109.978 Y102.245 E63.79785
G1 X110.83 Y101.332 E63.81351
G1 X111.259 Y100.963 E63.82061
G1 X112.014 Y100.448 E63.83207
G1 X112.014 Y97.713 E63.86637
G1 X112.262 Y97.589 E63.86984
G1 X113.584 Y97.122 E63.88743
G1 X114.681 Y96.888 E63.90149
G1 X114.681 Y99.345 E63.9323
G1 X115.254 Y99.212 E63.93968
G1 X116.521 Y99.12 E63.95561
G1 X117.115 Y99.143 E63.96307
G1 X117.348 Y99.177 E63.96602
G1 X117.348 Y96.771 E63.99619
G1 F1500 E57.49619
G0 F15000 X122.682 Y101.845
G1 F1500 E63.99619
G1 F3000 X122.682 Y98.637 E64.03642
G1 X123.945 Y99.7 E64.05712
G1 X125.132 Y100.994 E64.07914
G1 X126.042 Y102.473 E64.10092
G1 X126.607 Y103.733 E64.11824
G1 X127.009 Y105.081 E64.13588
G1 X127.23 Y106.446 E64.15322
G1 X127.277 Y107.861 E64.17097
G1 X127.144 Y109.24 E64.18834
G1 X126.832 Y110.597 E64.20581
G1 X126.6 Y111.273 E64.21477
G1 X126.031 Y112.547 E64.23227
G1 X125.349 Y113.655 E64.24858
G1 X125.349 Y101.347 E64.40293
G1 F1500 E57.90293
G0 F15000 X123.065 Y99.268
G0 X121.766 Y98.383
G0 X120.347 Y97.698
G0 X118.846 Y97.236
G0 X117.344 Y97.01
G0 X116.447 Y96.977
G0 X114.936 Y97.09
G0 X113.454 Y97.427
G0 X112.605 Y97.725
G0 X111.241 Y98.383
G0 X109.984 Y99.238
G0 X109.303 Y99.825
G0 X108.467 Y100.727
G0 X107.578 Y101.952
G0 X109.347 Y103.157
G1 F1500 E64.40293
G1 F3000 X109.347 Y99.465 E64.44923
G1 X108.82 Y99.933 E64.45807
G1 X107.906 Y100.991 E64.4756
G1 X107.147 Y102.145 E64.49292
G1 X106.525 Y103.42 E64.51071
G1 X106.081 Y104.725 E64.528
G1 X105.811 Y106.095 E64.54551
G1 X105.723 Y107.493 E64.56307
G1 X105.809 Y108.89 E64.58063
G1 X106.076 Y110.246 E64.59796
G1 X106.518 Y111.577 E64.61554
G1 X106.68 Y111.907 E64.62016
G1 X106.68 Y103.102 E64.73057
M204 S3500
G1 F1500 E58.23057
;MESH:The cap.stl
G0 F15000 X110.142 Y104.436
G0 X111.325 Y103.628
;TYPE:FILL
G1 F1500 E64.73057
G1 F4200 X110.082 Y108.267 E64.7908
G1 X110.026 Y107.506 E64.80037
G1 X110.097 Y106.542 E64.81249
G1 X110.314 Y105.59 E64.82474
G1 X110.755 Y104.467 E64.83987
G1 X111.433 Y103.471 E64.85497
G1 X111.93 Y102.932 E64.86417
G1 X113.499 Y104.5 E64.89199
G1 X113.16 Y104.84 E64.89801
G1 X112.642 Y105.656 E64.91013
G1 X112.336 Y106.552 E64.922
G1 X112.226 Y107.508 E64.93407
G1 X112.355 Y108.61 E64.94798
G1 X110.225 Y109.18 E64.97563
G1 X110.754 Y110.531 E64.99383
G1 X111.433 Y111.528 E65.00895
G1 X112.105 Y112.254 E65.02136
G1 X112.854 Y112.852 E65.03338
G1 X113.906 Y113.459 E65.04861
G1 X114.001 Y113.487 E65.04985
G1 X110.566 Y110.052 E65.11077
G0 F15000 X115.734 Y113.916
G1 F4200 X120.438 Y112.655 E65.17184
G1 X120.356 Y112.733 E65.17326
G1 X119.103 Y113.457 E65.19141
G1 X117.944 Y113.815 E65.20662
G1 X116.99 Y113.959 E65.21872
G1 X116.015 Y113.959 E65.23095
G1 X114.817 Y113.778 E65.24614
G1 X115.386 Y111.653 E65.27373
G1 X116.51 Y111.777 E65.28791
G1 X117.451 Y111.672 E65.29978
G1 X118.362 Y111.352 E65.31189
G1 X119.17 Y110.842 E65.32387
G1 X119.504 Y110.505 E65.32983
G1 X121.068 Y112.07 E65.35757
G1 X121.433 Y111.734 E65.36379
G1 X122.108 Y110.742 E65.37884
G1 X122.534 Y109.857 E65.39116
G1 X122.818 Y108.939 E65.40321
G1 X122.962 Y107.987 E65.41528
G1 X122.962 Y107.011 E65.42752
G1 X122.918 Y106.727 E65.43112
G1 X121.67 Y111.384 E65.49159
G0 F15000 X122.441 Y104.957
G1 F4200 X119.037 Y101.553 E65.55195
G1 X119.749 Y101.897 E65.56187
G1 X120.529 Y102.427 E65.5737
G1 X121.257 Y103.103 E65.58616
G1 X121.854 Y103.851 E65.59816
G1 X122.336 Y104.689 E65.61028
G1 X122.78 Y105.816 E65.62547
G1 X120.619 Y106.395 E65.65353
G1 X120.358 Y105.644 E65.6635
G1 X119.846 Y104.84 E65.67545
G1 X119.165 Y104.152 E65.68759
G1 X118.357 Y103.649 E65.69952
G1 X117.603 Y103.378 E65.70957
G1 X118.181 Y101.222 E65.73756
G1 X117.261 Y101.083 E65.74923
G1 X112.624 Y102.326 E65.80943
G1 X113.262 Y101.895 E65.81909
G1 X114.359 Y101.365 E65.83437
G1 X115.542 Y101.097 E65.84958
G1 X116.738 Y101.006 E65.86462
M204 S429
G0 F15000 X119.721 Y104.937
G0 X120.209 Y105.713
G0 X120.513 Y106.582
G0 X120.618 Y107.498
G0 X120.515 Y108.412
G0 X120.212 Y109.283
G0 X119.722 Y110.063
G0 X119.066 Y110.718
G0 X118.291 Y111.206
G0 X116.431 Y111.666
G0 X116.509 Y110.97
;TYPE:WALL-OUTER
G1 F3000 X115.731 Y110.886 E65.87443
G1 X114.978 Y110.618 E65.88446
G1 X114.34 Y110.214 E65.89393
G1 X113.788 Y109.661 E65.90373
G1 X113.367 Y108.99 E65.91366
G1 X113.117 Y108.269 E65.92323
G1 X113.033 Y107.492 E65.93303
G1 X113.117 Y106.729 E65.94266
G1 X113.367 Y106.01 E65.9522
G1 X113.779 Y105.351 E65.96195
G1 X114.337 Y104.788 E65.97189
G1 X114.997 Y104.371 E65.98168
G1 X115.731 Y104.114 E65.99143
G1 X116.493 Y104.03 E66.00104
G1 X117.287 Y104.117 E66.01106
G1 X118.008 Y104.371 E66.02065
G1 X118.65 Y104.775 E66.03016
G1 X119.219 Y105.34 E66.04022
G1 X119.638 Y106.009 E66.05011
G1 X119.881 Y106.705 E66.05936
G1 X119.974 Y107.492 E66.0693
G1 X119.882 Y108.29 E66.07937
G1 X119.632 Y109.004 E66.08886
G1 X119.228 Y109.647 E66.09838
G1 X118.675 Y110.205 E66.10823
G1 X118.001 Y110.632 E66.11824
G1 X117.287 Y110.883 E66.12773
G1 X116.509 Y110.97 E66.13755
G0 F15000 X116.311 Y110.949
G0 X116.233 Y111.644
G0 X116.011 Y114.06
G0 X115.953 Y114.759
G1 F3000 X117.052 Y114.759 E66.15133
G1 X118.12 Y114.598 E66.16487
G1 X119.424 Y114.195 E66.18199
G1 X120.606 Y113.512 E66.19911
G1 X121.033 Y113.197 E66.20576
G1 X122.046 Y112.257 E66.22309
G1 X122.803 Y111.143 E66.23998
G1 X123.281 Y110.15 E66.2538
G1 X123.601 Y109.115 E66.26739
G1 X123.762 Y108.049 E66.28091
G1 X123.762 Y106.949 E66.2947
G1 X123.559 Y105.614 E66.31164
G1 X123.06 Y104.341 E66.32878
G1 X122.516 Y103.399 E66.34242
G1 X121.843 Y102.556 E66.35595
G1 X121.033 Y101.803 E66.36982
G1 X120.146 Y101.2 E66.38327
G1 X119.153 Y100.721 E66.3971
G1 X118.125 Y100.404 E66.41059
G1 X116.772 Y100.201 E66.42774
G1 X115.42 Y100.304 E66.44475
G1 X114.094 Y100.605 E66.4618
G1 X112.86 Y101.2 E66.47898
G1 X111.748 Y101.954 E66.49583
G1 X110.806 Y102.97 E66.5132
G1 X110.045 Y104.086 E66.53014
G1 X109.547 Y105.355 E66.54724
G1 X109.304 Y106.42 E66.56093
G1 X109.224 Y107.506 E66.57459
G1 X109.304 Y108.58 E66.5881
G1 X109.546 Y109.64 E66.60173
G1 X110.044 Y110.913 E66.61887
G1 X110.806 Y112.03 E66.63583
G1 X111.558 Y112.84 E66.64969
G1 X112.402 Y113.514 E66.66323
G1 X113.584 Y114.197 E66.68035
G1 X114.886 Y114.598 E66.69744
G1 X115.953 Y114.759 E66.71097
M204 S1500
G0 F15000 X116.153 Y114.759
G0 X115.983 Y114.359
;TYPE:WALL-INNER
G1 F3300 X117.022 Y114.359 E66.724
G1 X118.031 Y114.207 E66.7368
G1 X119.263 Y113.826 E66.75297
G1 X120.596 Y113.055 E66.77228
G1 X121.738 Y111.997 E66.7918
G1 X122.455 Y110.943 E66.80779
G1 X122.907 Y110.004 E66.82086
G1 X123.21 Y109.025 E66.83371
G1 X123.362 Y108.019 E66.84647
G1 X123.362 Y106.979 E66.85951
G1 X123.17 Y105.718 E66.8755
G1 X122.698 Y104.515 E66.89171
G1 X122.185 Y103.625 E66.90459
G1 X121.549 Y102.829 E66.91737
G1 X120.783 Y102.117 E66.93048
G1 X119.946 Y101.548 E66.94318
G1 X119.006 Y101.095 E66.95626
G1 X118.036 Y100.795 E66.96899
G1 X116.759 Y100.604 E66.98519
G1 X115.48 Y100.7 E67.00127
G1 X114.227 Y100.985 E67.01738
G1 X113.06 Y101.548 E67.03363
G1 X112.008 Y102.261 E67.04957
G1 X111.12 Y103.22 E67.06596
G1 X110.399 Y104.279 E67.08203
G1 X109.93 Y105.473 E67.09811
G1 X109.701 Y106.48 E67.11106
G1 X109.625 Y107.506 E67.12397
G1 X109.701 Y108.52 E67.13672
G1 X109.929 Y109.522 E67.1496
G1 X110.4 Y110.725 E67.1658
G1 X111.12 Y111.78 E67.18182
G1 X111.831 Y112.546 E67.19493
G1 X112.628 Y113.182 E67.20772
G1 X113.745 Y113.828 E67.2239
G1 X114.975 Y114.207 E67.24004
G1 X115.983 Y114.359 E67.25282
G0 F15000 X116.011 Y114.06
G0 X116.475 Y111.671
G0 X116.509 Y111.37
G1 F3300 X115.642 Y111.276 E67.26376
G1 X114.827 Y110.995 E67.27457
G1 X114.09 Y110.527 E67.28552
G1 X113.474 Y109.909 E67.29646
G1 X113.018 Y109.188 E67.30716
G1 X112.727 Y108.359 E67.31817
G1 X112.629 Y107.506 E67.32894
G1 X112.727 Y106.64 E67.33987
G1 X113.017 Y105.812 E67.35087
G1 X113.473 Y105.087 E67.36161
G1 X114.082 Y104.48 E67.3724
G1 X114.823 Y104.011 E67.38339
G1 X115.643 Y103.724 E67.39429
G1 X116.501 Y103.627 E67.40512
G1 X117.367 Y103.72 E67.41604
G1 X118.182 Y104.01 E67.42689
G1 X118.916 Y104.468 E67.43774
G1 X119.533 Y105.09 E67.44872
G1 X119.996 Y105.82 E67.45956
G1 X120.279 Y106.633 E67.47036
G1 X120.374 Y107.492 E67.4812
G1 X120.28 Y108.365 E67.49221
G1 X119.993 Y109.178 E67.50302
G1 X119.538 Y109.907 E67.5138
G1 X118.895 Y110.543 E67.52514
G1 X118.161 Y110.999 E67.53597
G1 X117.361 Y111.28 E67.54661
G1 X116.509 Y111.37 E67.55735
M204 S2000
G0 F15000 X116.442 Y111.969
G1 F1500 E61.05735
;MESH:NONMESH
G0 F600 X116.442 Y111.969 Z2.2
G0 F15000 X118.815 Y110.404
G0 X119.407 Y109.812
G0 X119.849 Y109.108
G0 X120.122 Y108.322
G0 X120.216 Y107.498
G0 X120.12 Y106.672
G0 X117.019 Y100.459
G0 X117.348 Y96.771
;TIME_ELAPSED:192.780207
;LAYER:10
;TYPE:SUPPORT
G1 F1500 E67.55735
G1 F3000 X117.735 Y96.79 E67.56221
G1 X119.101 Y97.041 E67.57963
G1 X120.015 Y97.329 E67.59164
G1 X120.015 Y99.911 E67.62402
G1 X120.682 Y100.232 E67.63331
G1 X121.726 Y100.944 E67.64915
G1 X122.642 Y101.795 E67.66483
G1 X122.682 Y101.845 E67.66564
G1 X123.43 Y102.784 E67.68069
G1 X124.052 Y103.857 E67.69624
G1 X124.524 Y105.075 E67.71262
G1 X124.666 Y105.603 E67.71948
G1 X124.862 Y106.867 E67.73552
G1 X124.862 Y108.125 E67.7513
G1 X124.675 Y109.363 E67.767
G1 X124.309 Y110.55 E67.78258
G1 X123.76 Y111.695 E67.7985
G1 X123.092 Y112.672 E67.81334
G1 X122.682 Y113.156 E67.8213
G1 X122.682 Y116.322 E67.861
G1 X121.68 Y116.959 E67.87589
G1 X120.425 Y117.545 E67.89326
G1 X120.015 Y117.675 E67.89865
G1 X120.015 Y115.099 E67.93096
G1 X119.521 Y115.318 E67.93773
G1 X118.357 Y115.673 E67.95299
G1 X117.348 Y115.825 E67.96579
G1 X117.348 Y118.23 E67.99595
G1 X116.316 Y118.279 E68.0089
G1 X114.932 Y118.165 E68.02632
G1 X114.681 Y118.111 E68.02954
G1 X114.681 Y115.679 E68.06004
G1 X114.632 Y115.671 E68.06066
G1 X113.416 Y115.29 E68.07664
G1 X112.81 Y115.021 E68.08495
G1 X112.014 Y114.56 E68.09649
G1 X112.014 Y117.287 E68.13069
G1 X111.003 Y116.772 E68.14492
G1 X109.851 Y115.988 E68.16239
G1 X109.347 Y115.534 E68.1709
G1 X109.347 Y111.846 E68.21715
G1 X109.284 Y111.753 E68.21855
G1 X108.929 Y111.083 E68.22806
G1 X108.492 Y109.97 E68.24306
G1 X108.214 Y108.751 E68.25874
G1 X108.121 Y107.503 E68.27443
G1 X108.214 Y106.246 E68.29024
G1 X108.494 Y105.028 E68.30591
G1 X108.973 Y103.823 E68.32217
G1 X109.276 Y103.259 E68.3302
G1 X109.347 Y103.157 E68.33176
G1 X109.978 Y102.245 E68.34567
G1 X110.83 Y101.332 E68.36133
G1 X111.259 Y100.963 E68.36842
G1 X112.014 Y100.448 E68.37988
G1 X112.014 Y97.713 E68.41418
G1 X112.262 Y97.589 E68.41766
G1 X113.584 Y97.122 E68.43524
G1 X114.681 Y96.888 E68.44931
G1 X114.681 Y99.345 E68.48012
G1 X115.254 Y99.212 E68.48749
G1 X116.521 Y99.12 E68.50343
G1 X117.115 Y99.143 E68.51088
G1 X117.348 Y99.177 E68.51383
G1 X117.348 Y96.771 E68.54401
G1 F1500 E62.04401
G0 F15000 X122.682 Y101.845
G1 F1500 E68.54401
G1 F3000 X122.682 Y98.637 E68.58423
G1 X123.945 Y99.7 E68.60494
G1 X125.132 Y100.994 E68.62696
G1 X126.042 Y102.473 E68.64873
G1 X126.607 Y103.733 E68.66605
G1 X127.009 Y105.081 E68.68369
G1 X127.23 Y106.446 E68.70103
G1 X127.277 Y107.861 E68.71879
G1 X127.144 Y109.24 E68.73616
G1 X126.832 Y110.597 E68.75362
G1 X126.6 Y111.273 E68.76258
G1 X126.031 Y112.547 E68.78008
G1 X125.349 Y113.655 E68.7964
G1 X125.349 Y101.347 E68.95074
G1 F1500 E62.45074
G0 F15000 X123.065 Y99.268
G0 X121.766 Y98.383
G0 X120.347 Y97.698
G0 X118.846 Y97.236
G0 X117.344 Y97.01
G0 X116.447 Y96.977
G0 X114.936 Y97.09
G0 X113.454 Y97.427
G0 X112.605 Y97.725
G0 X111.241 Y98.383
G0 X109.984 Y99.238
G0 X109.303 Y99.825
G0 X108.467 Y100.727
G0 X107.578 Y101.952
G0 X109.347 Y103.157
G1 F1500 E68.95074
G1 F3000 X109.347 Y99.465 E68.99704
G1 X108.82 Y99.933 E69.00588
G1 X107.906 Y100.991 E69.02341
G1 X107.147 Y102.145 E69.04073
G1 X106.525 Y103.42 E69.05852
G1 X106.081 Y104.725 E69.07581
G1 X105.811 Y106.095 E69.09332
G1 X105.723 Y107.493 E69.11089
G1 X105.809 Y108.89 E69.12844
G1 X106.076 Y110.246 E69.14577
G1 X106.518 Y111.577 E69.16336
G1 X106.68 Y111.907 E69.16797
G1 X106.68 Y103.102 E69.27839
M204 S3500
G1 F1500 E62.77839
;MESH:The cap.stl
G0 F15000 X110.142 Y104.436
G0 X111.325 Y103.628
;TYPE:FILL
G1 F1500 E69.27839
G1 F4200 X110.082 Y108.267 E69.33861
G1 X110.026 Y107.506 E69.34818
G1 X110.097 Y106.542 E69.3603
G1 X110.314 Y105.59 E69.37255
G1 X110.755 Y104.467 E69.38768
G1 X111.433 Y103.471 E69.40279
G1 X111.93 Y102.932 E69.41198
G1 X113.499 Y104.5 E69.4398
G1 X113.16 Y104.84 E69.44582
G1 X112.642 Y105.656 E69.45794
G1 X112.336 Y106.552 E69.46981
G1 X112.226 Y107.508 E69.48188
G1 X112.355 Y108.61 E69.4958
G1 X110.225 Y109.18 E69.52345
G1 X110.754 Y110.531 E69.54164
G1 X111.433 Y111.528 E69.55677
G1 X112.105 Y112.254 E69.56917
G1 X112.854 Y112.852 E69.58119
G1 X113.906 Y113.459 E69.59642
G1 X114.001 Y113.487 E69.59767
G1 X110.566 Y110.052 E69.65859
G0 F15000 X115.734 Y113.916
G1 F4200 X120.438 Y112.655 E69.71966
G1 X120.356 Y112.733 E69.72108
G1 X119.103 Y113.457 E69.73922
G1 X117.944 Y113.815 E69.75444
G1 X116.99 Y113.959 E69.76654
G1 X116.015 Y113.959 E69.77876
G1 X114.817 Y113.778 E69.79396
G1 X115.386 Y111.653 E69.82154
G1 X116.51 Y111.777 E69.83572
G1 X117.451 Y111.672 E69.8476
G1 X118.362 Y111.352 E69.85971
G1 X119.17 Y110.842 E69.87169
G1 X119.504 Y110.505 E69.87764
G1 X121.068 Y112.07 E69.90538
G1 X121.433 Y111.734 E69.91161
G1 X122.108 Y110.742 E69.92665
G1 X122.534 Y109.857 E69.93897
G1 X122.818 Y108.939 E69.95102
G1 X122.962 Y107.987 E69.96309
G1 X122.962 Y107.011 E69.97533
G1 X122.918 Y106.727 E69.97894
G1 X121.67 Y111.384 E70.0394
G0 F15000 X122.441 Y104.957
G1 F4200 X119.037 Y101.553 E70.09977
G1 X119.749 Y101.897 E70.10968
G1 X120.529 Y102.427 E70.12151
G1 X121.257 Y103.103 E70.13397
G1 X121.854 Y103.851 E70.14597
G1 X122.336 Y104.689 E70.15809
G1 X122.78 Y105.816 E70.17328
G1 X120.619 Y106.395 E70.20134
G1 X120.358 Y105.644 E70.21131
G1 X119.846 Y104.84 E70.22326
G1 X119.165 Y104.152 E70.2354
G1 X118.357 Y103.649 E70.24734
G1 X117.603 Y103.378 E70.25739
G1 X118.181 Y101.222 E70.28538
G1 X117.261 Y101.083 E70.29705
G1 X112.624 Y102.326 E70.35725
G1 X113.262 Y101.895 E70.3669
G1 X114.359 Y101.365 E70.38218
G1 X115.542 Y101.097 E70.39739
G1 X116.738 Y101.006 E70.41243
M204 S429
G0 F15000 X119.721 Y104.937
G0 X120.209 Y105.713
G0 X120.513 Y106.582
G0 X120.618 Y107.498
G0 X120.515 Y108.412
G0 X120.212 Y109.283
G0 X119.722 Y110.063
G0 X119.066 Y110.718
G0 X118.291 Y111.206
G0 X116.431 Y111.666
G0 X116.509 Y110.97
;TYPE:WALL-OUTER
G1 F3000 X115.731 Y110.886 E70.42225
G1 X114.978 Y110.618 E70.43227
G1 X114.34 Y110.214 E70.44174
G1 X113.788 Y109.661 E70.45154
G1 X113.367 Y108.99 E70.46147
G1 X113.117 Y108.269 E70.47104
G1 X113.033 Y107.492 E70.48084
G1 X113.117 Y106.729 E70.49047
G1 X113.367 Y106.01 E70.50002
G1 X113.779 Y105.351 E70.50976
G1 X114.337 Y104.788 E70.5197
G1 X114.997 Y104.371 E70.52949
G1 X115.731 Y104.114 E70.53925
G1 X116.493 Y104.03 E70.54886
G1 X117.287 Y104.117 E70.55888
G1 X118.008 Y104.371 E70.56846
G1 X118.65 Y104.775 E70.57797
G1 X119.219 Y105.34 E70.58803
G1 X119.638 Y106.009 E70.59793
G1 X119.881 Y106.705 E70.60717
G1 X119.974 Y107.492 E70.61711
G1 X119.882 Y108.29 E70.62719
G1 X119.632 Y109.004 E70.63667
G1 X119.228 Y109.647 E70.64619
G1 X118.675 Y110.205 E70.65605
G1 X118.001 Y110.632 E70.66605
G1 X117.287 Y110.883 E70.67554
G1 X116.509 Y110.97 E70.68536
G0 F15000 X116.311 Y110.949
G0 X116.233 Y111.644
G0 X116.011 Y114.06
G0 X115.953 Y114.759
G1 F3000 X117.052 Y114.759 E70.69914
G1 X118.12 Y114.598 E70.71269
G1 X119.424 Y114.195 E70.7298
G1 X120.606 Y113.512 E70.74692
G1 X121.033 Y113.197 E70.75358
G1 X122.046 Y112.257 E70.77091
G1 X122.803 Y111.143 E70.7878
G1 X123.281 Y110.15 E70.80162
G1 X123.601 Y109.115 E70.8152
G1 X123.762 Y108.049 E70.82872
G1 X123.762 Y106.949 E70.84252
G1 X123.559 Y105.614 E70.85945
G1 X123.06 Y104.341 E70.8766
G1 X122.516 Y103.399 E70.89024
G1 X121.843 Y102.556 E70.90377
G1 X121.033 Y101.803 E70.91763
G1 X120.146 Y101.2 E70.93108
G1 X119.153 Y100.721 E70.94491
G1 X118.125 Y100.404 E70.9584
G1 X116.772 Y100.201 E70.97556
G1 X115.42 Y100.304 E70.99256
G1 X114.094 Y100.605 E71.00961
G1 X112.86 Y101.2 E71.02679
G1 X111.748 Y101.954 E71.04364
G1 X110.806 Y102.97 E71.06102
G1 X110.045 Y104.086 E71.07795
G1 X109.547 Y105.355 E71.09505
G1 X109.304 Y106.42 E71.10875
G1 X109.224 Y107.506 E71.1224
G1 X109.304 Y108.58 E71.13591
G1 X109.546 Y109.64 E71.14954
G1 X110.044 Y110.913 E71.16669
G1 X110.806 Y112.03 E71.18364
G1 X111.558 Y112.84 E71.1975
G1 X112.402 Y113.514 E71.21105
G1 X113.584 Y114.197 E71.22817
G1 X114.886 Y114.598 E71.24525
G1 X115.953 Y114.759 E71.25878
M204 S1500
G0 F15000 X116.153 Y114.759
G0 X115.983 Y114.359
;TYPE:WALL-INNER
G1 F3300 X117.022 Y114.359 E71.27181
G1 X118.031 Y114.207 E71.28461
G1 X119.263 Y113.826 E71.30078
G1 X120.596 Y113.055 E71.32009
G1 X121.738 Y111.997 E71.33962
G1 X122.455 Y110.943 E71.3556
G1 X122.907 Y110.004 E71.36867
G1 X123.21 Y109.025 E71.38152
G1 X123.362 Y108.019 E71.39428
G1 X123.362 Y106.979 E71.40732
G1 X123.17 Y105.718 E71.42332
G1 X122.698 Y104.515 E71.43952
G1 X122.185 Y103.625 E71.45241
G1 X121.549 Y102.829 E71.46518
G1 X120.783 Y102.117 E71.4783
G1 X119.946 Y101.548 E71.49099
G1 X119.006 Y101.095 E71.50407
G1 X118.036 Y100.795 E71.51681
G1 X116.759 Y100.604 E71.533
G1 X115.48 Y100.7 E71.54908
G1 X114.227 Y100.985 E71.5652
G1 X113.06 Y101.548 E71.58145
G1 X112.008 Y102.261 E71.59738
G1 X111.12 Y103.22 E71.61377
G1 X110.399 Y104.279 E71.62984
G1 X109.93 Y105.473 E71.64593
G1 X109.701 Y106.48 E71.65888
G1 X109.625 Y107.506 E71.67178
G1 X109.701 Y108.52 E71.68453
G1 X109.929 Y109.522 E71.69742
G1 X110.4 Y110.725 E71.71362
G1 X111.12 Y111.78 E71.72964
G1 X111.831 Y112.546 E71.74274
G1 X112.628 Y113.182 E71.75553
G1 X113.745 Y113.828 E71.77171
G1 X114.975 Y114.207 E71.78785
G1 X115.983 Y114.359 E71.80063
G0 F15000 X116.011 Y114.06
G0 X116.475 Y111.671
G0 X116.509 Y111.37
G1 F3300 X115.642 Y111.276 E71.81157
G1 X114.827 Y110.995 E71.82238
G1 X114.09 Y110.527 E71.83333
G1 X113.474 Y109.909 E71.84427
G1 X113.018 Y109.188 E71.85497
G1 X112.727 Y108.359 E71.86599
G1 X112.629 Y107.506 E71.87676
G1 X112.727 Y106.64 E71.88768
G1 X113.017 Y105.812 E71.89869
G1 X113.473 Y105.087 E71.90943
G1 X114.082 Y104.48 E71.92021
G1 X114.823 Y104.011 E71.93121
G1 X115.643 Y103.724 E71.9421
G1 X116.501 Y103.627 E71.95293
G1 X117.367 Y103.72 E71.96385
G1 X118.182 Y104.01 E71.9747
G1 X118.916 Y104.468 E71.98555
G1 X119.533 Y105.09 E71.99654
G1 X119.996 Y105.82 E72.00738
G1 X120.279 Y106.633 E72.01817
G1 X120.374 Y107.492 E72.02901
G1 X120.28 Y108.365 E72.04002
G1 X119.993 Y109.178 E72.05083
G1 X119.538 Y109.907 E72.06161
G1 X118.895 Y110.543 E72.07295
G1 X118.161 Y110.999 E72.08379
G1 X117.361 Y111.28 E72.09442
G1 X116.509 Y111.37 E72.10517
M204 S2000
G0 F15000 X116.442 Y111.969
G1 F1500 E65.60517
;MESH:NONMESH
G0 F600 X116.442 Y111.969 Z2.4
G0 F15000 X118.815 Y110.404
G0 X119.407 Y109.812
G0 X119.849 Y109.108
G0 X120.122 Y108.322
G0 X120.216 Y107.498
G0 X120.12 Y106.672
G0 X117.019 Y100.459
G0 X117.348 Y96.771
;TIME_ELAPSED:203.885577
;LAYER:11
;TYPE:SUPPORT
G1 F1500 E72.10517
G1 F3000 X117.735 Y96.79 E72.11002
G1 X119.101 Y97.041 E72.12744
G1 X120.015 Y97.329 E72.13946
G1 X120.015 Y99.911 E72.17184
G1 X120.682 Y100.232 E72.18112
G1 X121.726 Y100.944 E72.19697
G1 X122.642 Y101.795 E72.21265
G1 X122.682 Y101.845 E72.21345
G1 X123.43 Y102.784 E72.2285
G1 X124.052 Y103.857 E72.24406
G1 X124.524 Y105.075 E72.26044
G1 X124.666 Y105.603 E72.2673
G1 X124.862 Y106.867 E72.28334
G1 X124.862 Y108.125 E72.29911
G1 X124.675 Y109.363 E72.31481
G1 X124.309 Y110.55 E72.33039
G1 X123.76 Y111.695 E72.34631
G1 X123.092 Y112.672 E72.36116
G1 X122.682 Y113.156 E72.36911
G1 X122.682 Y116.322 E72.40881
G1 X121.68 Y116.959 E72.4237
G1 X120.425 Y117.545 E72.44107
G1 X120.015 Y117.675 E72.44647
G1 X120.015 Y115.099 E72.47877
G1 X119.521 Y115.318 E72.48555
G1 X118.357 Y115.673 E72.50081
G1 X117.348 Y115.825 E72.5136
G1 X117.348 Y118.23 E72.54376
G1 X116.316 Y118.279 E72.55672
G1 X114.932 Y118.165 E72.57413
G1 X114.681 Y118.111 E72.57735
G1 X114.681 Y115.679 E72.60785
G1 X114.632 Y115.671 E72.60847
G1 X113.416 Y115.29 E72.62445
G1 X112.81 Y115.021 E72.63277
G1 X112.014 Y114.56 E72.6443
G1 X112.014 Y117.287 E72.6785
G1 X111.003 Y116.772 E72.69273
G1 X109.851 Y115.988 E72.7102
G1 X109.347 Y115.534 E72.71871
G1 X109.347 Y111.846 E72.76496
G1 X109.284 Y111.753 E72.76637
G1 X108.929 Y111.083 E72.77588
G1 X108.492 Y109.97 E72.79087
G1 X108.214 Y108.751 E72.80655
G1 X108.121 Y107.503 E72.82224
G1 X108.214 Y106.246 E72.83805
G1 X108.494 Y105.028 E72.85372
G1 X108.973 Y103.823 E72.86998
G1 X109.276 Y103.259 E72.87801
G1 X109.347 Y103.157 E72.87957
G1 X109.978 Y102.245 E72.89348
G1 X110.83 Y101.332 E72.90914
G1 X111.259 Y100.963 E72.91624
G1 X112.014 Y100.448 E72.9277
G1 X112.014 Y97.713 E72.96199
G1 X112.262 Y97.589 E72.96547
G1 X113.584 Y97.122 E72.98305
G1 X114.681 Y96.888 E72.99712
G1 X114.681 Y99.345 E73.02793
G1 X115.254 Y99.212 E73.03531
G1 X116.521 Y99.12 E73.05124
G1 X117.115 Y99.143 E73.05869
G1 X117.348 Y99.177 E73.06165
G1 X117.348 Y96.771 E73.09182
G1 F1500 E66.59182
G0 F15000 X122.682 Y101.845
G1 F1500 E73.09182
G1 F3000 X122.682 Y98.637 E73.13205
G1 X123.945 Y99.7 E73.15275
G1 X125.132 Y100.994 E73.17477
G1 X126.042 Y102.473 E73.19655
G1 X126.607 Y103.733 E73.21386
G1 X127.009 Y105.081 E73.2315
G1 X127.23 Y106.446 E73.24884
G1 X127.277 Y107.861 E73.2666
G1 X127.144 Y109.24 E73.28397
G1 X126.832 Y110.597 E73.30143
G1 X126.6 Y111.273 E73.3104
G1 X126.031 Y112.547 E73.32789
G1 X125.349 Y113.655 E73.34421
G1 X125.349 Y101.347 E73.49856
G1 F1500 E66.99856
G0 F15000 X123.065 Y99.268
G0 X121.766 Y98.383
G0 X120.347 Y97.698
G0 X118.846 Y97.236
G0 X117.344 Y97.01
G0 X116.447 Y96.977
G0 X114.936 Y97.09
G0 X113.454 Y97.427
G0 X112.605 Y97.725
G0 X111.241 Y98.383
G0 X109.984 Y99.238
G0 X109.303 Y99.825
G0 X108.467 Y100.727
G0 X107.578 Y101.952
G0 X109.347 Y103.157
G1 F1500 E73.49856
G1 F3000 X109.347 Y99.465 E73.54486
G1 X108.82 Y99.933 E73.55369
G1 X107.906 Y100.991 E73.57123
G1 X107.147 Y102.145 E73.58855
G1 X106.525 Y103.42 E73.60634
G1 X106.081 Y104.725 E73.62362
G1 X105.811 Y106.095 E73.64114
G1 X105.723 Y107.493 E73.6587
G1 X105.809 Y108.89 E73.67625
G1 X106.076 Y110.246 E73.69359
G1 X106.518 Y111.577 E73.71117
G1 X106.68 Y111.907 E73.71578
G1 X106.68 Y103.102 E73.8262
M204 S3500
G1 F1500 E67.3262
;MESH:The cap.stl
G0 F15000 X110.142 Y104.436
G0 X111.325 Y103.628
;TYPE:FILL
G1 F1500 E73.8262
G1 F4200 X110.082 Y108.267 E73.88643
G1 X110.026 Y107.506 E73.896
G1 X110.097 Y106.542 E73.90812
G1 X110.314 Y105.59 E73.92036
G1 X110.755 Y104.467 E73.93549
G1 X111.433 Y103.471 E73.9506
G1 X111.93 Y102.932 E73.9598
G1 X113.499 Y104.5 E73.98761
G1 X113.16 Y104.84 E73.99363
G1 X112.642 Y105.656 E74.00575
G1 X112.336 Y106.552 E74.01763
G1 X112.226 Y107.508 E74.0297
G1 X112.355 Y108.61 E74.04361
G1 X110.225 Y109.18 E74.07126
G1 X110.754 Y110.531 E74.08946
G1 X111.433 Y111.528 E74.10458
G1 X112.105 Y112.254 E74.11699
G1 X112.854 Y112.852 E74.12901
G1 X113.906 Y113.459 E74.14424
G1 X114.001 Y113.487 E74.14548
G1 X110.566 Y110.052 E74.2064
G0 F15000 X115.734 Y113.916
G1 F4200 X120.438 Y112.655 E74.26747
G1 X120.356 Y112.733 E74.26889
G1 X119.103 Y113.457 E74.28704
G1 X117.944 Y113.815 E74.30225
G1 X116.99 Y113.959 E74.31435
G1 X116.015 Y113.959 E74.32658
G1 X114.817 Y113.778 E74.34177
G1 X115.386 Y111.653 E74.36936
G1 X116.51 Y111.777 E74.38354
G1 X117.451 Y111.672 E74.39541
G1 X118.362 Y111.352 E74.40752
G1 X119.17 Y110.842 E74.4195
G1 X119.504 Y110.505 E74.42545
G1 X121.068 Y112.07 E74.4532
G1 X121.433 Y111.734 E74.45942
G1 X122.108 Y110.742 E74.47447
G1 X122.534 Y109.857 E74.48678
G1 X122.818 Y108.939 E74.49883
G1 X122.962 Y107.987 E74.51091
G1 X122.962 Y107.011 E74.52315
G1 X122.918 Y106.727 E74.52675
G1 X121.67 Y111.384 E74.58721
G0 F15000 X122.441 Y104.957
G1 F4200 X119.037 Y101.553 E74.64758
G1 X119.749 Y101.897 E74.6575
G1 X120.529 Y102.427 E74.66932
G1 X121.257 Y103.103 E74.68178
G1 X121.854 Y103.851 E74.69378
G1 X122.336 Y104.689 E74.70591
G1 X122.78 Y105.816 E74.7211
G1 X120.619 Y106.395 E74.74915
G1 X120.358 Y105.644 E74.75912
G1 X119.846 Y104.84 E74.77108
G1 X119.165 Y104.152 E74.78322
G1 X118.357 Y103.649 E74.79515
G1 X117.603 Y103.378 E74.8052
G1 X118.181 Y101.222 E74.83319
G1 X117.261 Y101.083 E74.84486
G1 X112.624 Y102.326 E74.90506
G1 X113.262 Y101.895 E74.91472
G1 X114.359 Y101.365 E74.93
G1 X115.542 Y101.097 E74.94521
G1 X116.738 Y101.006 E74.96025
M204 S429
G0 F15000 X119.721 Y104.937
G0 X120.209 Y105.713
G0 X120.513 Y106.582
G0 X120.618 Y107.498
G0 X120.515 Y108.412
G0 X120.212 Y109.283
G0 X119.722 Y110.063
G0 X119.066 Y110.718
G0 X118.291 Y111.206
G0 X116.431 Y111.666
G0 X116.509 Y110.97
;TYPE:WALL-OUTER
G1 F3000 X115.731 Y110.886 E74.97006
G1 X114.978 Y110.618 E74.98008
G1 X114.34 Y110.214 E74.98955
G1 X113.788 Y109.661 E74.99935
G1 X113.367 Y108.99 E75.00929
G1 X113.117 Y108.269 E75.01886
G1 X113.033 Y107.492 E75.02866
G1 X113.117 Y106.729 E75.03828
G1 X113.367 Y106.01 E75.04783
G1 X113.779 Y105.351 E75.05758
G1 X114.337 Y104.788 E75.06752
G1 X114.997 Y104.371 E75.07731
G1 X115.731 Y104.114 E75.08706
G1 X116.493 Y104.03 E75.09667
G1 X117.287 Y104.117 E75.10669
G1 X118.008 Y104.371 E75.11628
G1 X118.65 Y104.775 E75.12579
G1 X119.219 Y105.34 E75.13584
G1 X119.638 Y106.009 E75.14574
G1 X119.881 Y106.705 E75.15499
G1 X119.974 Y107.492 E75.16493
G1 X119.882 Y108.29 E75.175
G1 X119.632 Y109.004 E75.18449
G1 X119.228 Y109.647 E75.19401
G1 X118.675 Y110.205 E75.20386
G1 X118.001 Y110.632 E75.21387
G1 X117.287 Y110.883 E75.22336
G1 X116.509 Y110.97 E75.23317
G0 F15000 X116.311 Y110.949
G0 X116.233 Y111.644
G0 X116.011 Y114.06
G0 X115.953 Y114.759
G1 F3000 X117.052 Y114.759 E75.24696
G1 X118.12 Y114.598 E75.2605
G1 X119.424 Y114.195 E75.27762
G1 X120.606 Y113.512 E75.29474
G1 X121.033 Y113.197 E75.30139
G1 X122.046 Y112.257 E75.31872
G1 X122.803 Y111.143 E75.33561
G1 X123.281 Y110.15 E75.34943
G1 X123.601 Y109.115 E75.36302
G1 X123.762 Y108.049 E75.37654
G1 X123.762 Y106.949 E75.39033
G1 X123.559 Y105.614 E75.40726
G1 X123.06 Y104.341 E75.42441
G1 X122.516 Y103.399 E75.43805
G1 X121.843 Y102.556 E75.45158
G1 X121.033 Y101.803 E75.46545
G1 X120.146 Y101.2 E75.4789
G1 X119.153 Y100.721 E75.49272
G1 X118.125 Y100.404 E75.50621
G1 X116.772 Y100.201 E75.52337
G1 X115.42 Y100.304 E75.54037
G1 X114.094 Y100.605 E75.55743
G1 X112.86 Y101.2 E75.57461
G1 X111.748 Y101.954 E75.59145
G1 X110.806 Y102.97 E75.60883
G1 X110.045 Y104.086 E75.62577
G1 X109.547 Y105.355 E75.64286
G1 X109.304 Y106.42 E75.65656
G1 X109.224 Y107.506 E75.67022
G1 X109.304 Y108.58 E75.68372
G1 X109.546 Y109.64 E75.69736
G1 X110.044 Y110.913 E75.7145
G1 X110.806 Y112.03 E75.73146
G1 X111.558 Y112.84 E75.74532
G1 X112.402 Y113.514 E75.75886
G1 X113.584 Y114.197 E75.77598
G1 X114.886 Y114.598 E75.79307
G1 X115.953 Y114.759 E75.8066
M204 S1500
G0 F15000 X116.153 Y114.759
G0 X115.983 Y114.359
;TYPE:WALL-INNER
G1 F3300 X117.022 Y114.359 E75.81963
G1 X118.031 Y114.207 E75.83242
G1 X119.263 Y113.826 E75.8486
G1 X120.596 Y113.055 E75.86791
G1 X121.738 Y111.997 E75.88743
G1 X122.455 Y110.943 E75.90341
G1 X122.907 Y110.004 E75.91648
G1 X123.21 Y109.025 E75.92934
G1 X123.362 Y108.019 E75.94209
G1 X123.362 Y106.979 E75.95514
G1 X123.17 Y105.718 E75.97113
G1 X122.698 Y104.515 E75.98734
G1 X122.185 Y103.625 E76.00022
G1 X121.549 Y102.829 E76.013
G1 X120.783 Y102.117 E76.02611
G1 X119.946 Y101.548 E76.0388
G1 X119.006 Y101.095 E76.05189
G1 X118.036 Y100.795 E76.06462
G1 X116.759 Y100.604 E76.08081
G1 X115.48 Y100.7 E76.0969
G1 X114.227 Y100.985 E76.11301
G1 X113.06 Y101.548 E76.12926
G1 X112.008 Y102.261 E76.1452
G1 X111.12 Y103.22 E76.16159
G1 X110.399 Y104.279 E76.17765
G1 X109.93 Y105.473 E76.19374
G1 X109.701 Y106.48 E76.20669
G1 X109.625 Y107.506 E76.21959
G1 X109.701 Y108.52 E76.23234
G1 X109.929 Y109.522 E76.24523
G1 X110.4 Y110.725 E76.26143
G1 X111.12 Y111.78 E76.27745
G1 X111.831 Y112.546 E76.29056
G1 X112.628 Y113.182 E76.30334
G1 X113.745 Y113.828 E76.31952
G1 X114.975 Y114.207 E76.33566
G1 X115.983 Y114.359 E76.34845
G0 F15000 X116.011 Y114.06
G0 X116.475 Y111.671
G0 X116.509 Y111.37
G1 F3300 X115.642 Y111.276 E76.35938
G1 X114.827 Y110.995 E76.3702
G1 X114.09 Y110.527 E76.38114
G1 X113.474 Y109.909 E76.39209
G1 X113.018 Y109.188 E76.40278
G1 X112.727 Y108.359 E76.4138
G1 X112.629 Y107.506 E76.42457
G1 X112.727 Y106.64 E76.4355
G1 X113.017 Y105.812 E76.4465
G1 X113.473 Y105.087 E76.45724
G1 X114.082 Y104.48 E76.46802
G1 X114.823 Y104.011 E76.47902
G1 X115.643 Y103.724 E76.48992
G1 X116.501 Y103.627 E76.50074
G1 X117.367 Y103.72 E76.51167
G1 X118.182 Y104.01 E76.52251
G1 X118.916 Y104.468 E76.53336
G1 X119.533 Y105.09 E76.54435
G1 X119.996 Y105.82 E76.55519
G1 X120.279 Y106.633 E76.56599
G1 X120.374 Y107.492 E76.57682
G1 X120.28 Y108.365 E76.58784
G1 X119.993 Y109.178 E76.59865
G1 X119.538 Y109.907 E76.60942
G1 X118.895 Y110.543 E76.62077
G1 X118.161 Y110.999 E76.6316
G1 X117.361 Y111.28 E76.64224
G1 X116.509 Y111.37 E76.65298
M204 S2000
G0 F15000 X116.442 Y111.969
G1 F1500 E70.15298
;MESH:NONMESH
G0 F600 X116.442 Y111.969 Z2.6
G0 F15000 X118.815 Y110.404
G0 X119.407 Y109.812
G0 X119.849 Y109.108
G0 X120.122 Y108.322
G0 X120.216 Y107.498
G0 X120.12 Y106.672
G0 X117.019 Y100.459
G0 X117.348 Y96.771
;TIME_ELAPSED:214.990947
;LAYER:12
;TYPE:SUPPORT
G1 F1500 E76.65298
G1 F3000 X117.735 Y96.79 E76.65784
G1 X119.101 Y97.041 E76.67525
G1 X120.015 Y97.329 E76.68727
G1 X120.015 Y99.911 E76.71965
G1 X120.682 Y100.232 E76.72893
G1 X121.726 Y100.944 E76.74478
G1 X122.642 Y101.795 E76.76046
G1 X122.682 Y101.845 E76.76126
G1 X123.43 Y102.784 E76.77632
G1 X124.052 Y103.857 E76.79187
G1 X124.524 Y105.075 E76.80825
G1 X124.666 Y105.603 E76.81511
G1 X124.862 Y106.867 E76.83115
G1 X124.862 Y108.125 E76.84693
G1 X124.675 Y109.363 E76.86263
G1 X124.309 Y110.55 E76.8782
G1 X123.76 Y111.695 E76.89413
G1 X123.092 Y112.672 E76.90897
G1 X122.682 Y113.156 E76.91692
G1 X122.682 Y116.322 E76.95663
G1 X121.68 Y116.959 E76.97152
G1 X120.425 Y117.545 E76.98889
G1 X120.015 Y117.675 E76.99428
G1 X120.015 Y115.099 E77.02658
G1 X119.521 Y115.318 E77.03336
G1 X118.357 Y115.673 E77.04862
G1 X117.348 Y115.825 E77.06142
G1 X117.348 Y118.23 E77.09158
G1 X116.316 Y118.279 E77.10453
G1 X114.932 Y118.165 E77.12195
G1 X114.681 Y118.111 E77.12517
G1 X114.681 Y115.679 E77.15566
G1 X114.632 Y115.671 E77.15629
G1 X113.416 Y115.29 E77.17227
G1 X112.81 Y115.021 E77.18058
G1 X112.014 Y114.56 E77.19212
G1 X112.014 Y117.287 E77.22631
G1 X111.003 Y116.772 E77.24054
G1 X109.851 Y115.988 E77.25802
G1 X109.347 Y115.534 E77.26652
G1 X109.347 Y111.846 E77.31277
G1 X109.284 Y111.753 E77.31418
G1 X108.929 Y111.083 E77.32369
G1 X108.492 Y109.97 E77.33869
G1 X108.214 Y108.751 E77.35436
G1 X108.121 Y107.503 E77.37006
G1 X108.214 Y106.246 E77.38586
G1 X108.494 Y105.028 E77.40154
G1 X108.973 Y103.823 E77.4178
G1 X109.276 Y103.259 E77.42583
G1 X109.347 Y103.157 E77.42739
G1 X109.978 Y102.245 E77.44129
G1 X110.83 Y101.332 E77.45695
G1 X111.259 Y100.963 E77.46405
G1 X112.014 Y100.448 E77.47551
G1 X112.014 Y97.713 E77.50981
G1 X112.262 Y97.589 E77.51329
G1 X113.584 Y97.122 E77.53087
G1 X114.681 Y96.888 E77.54493
G1 X114.681 Y99.345 E77.57575
G1 X115.254 Y99.212 E77.58312
G1 X116.521 Y99.12 E77.59905
G1 X117.115 Y99.143 E77.60651
G1 X117.348 Y99.177 E77.60946
G1 X117.348 Y96.771 E77.63963
G1 F1500 E71.13963
G0 F15000 X122.682 Y101.845
G1 F1500 E77.63963
G1 F3000 X122.682 Y98.637 E77.67986
G1 X123.945 Y99.7 E77.70056
G1 X125.132 Y100.994 E77.72258
G1 X126.042 Y102.473 E77.74436
G1 X126.607 Y103.733 E77.76168
G1 X127.009 Y105.081 E77.77932
G1 X127.23 Y106.446 E77.79666
G1 X127.277 Y107.861 E77.81441
G1 X127.144 Y109.24 E77.83179
G1 X126.832 Y110.597 E77.84925
G1 X126.6 Y111.273 E77.85821
G1 X126.031 Y112.547 E77.87571
G1 X125.349 Y113.655 E77.89202
G1 X125.349 Y101.347 E78.04637
G1 F1500 E71.54637
G0 F15000 X123.065 Y99.268
G0 X121.766 Y98.383
G0 X120.347 Y97.698
G0 X118.846 Y97.236
G0 X117.344 Y97.01
G0 X116.447 Y96.977
G0 X114.936 Y97.09
G0 X113.454 Y97.427
G0 X112.605 Y97.725
G0 X111.241 Y98.383
G0 X109.984 Y99.238
G0 X109.303 Y99.825
G0 X108.467 Y100.727
G0 X107.578 Y101.952
G0 X109.347 Y103.157
G1 F1500 E78.04637
G1 F3000 X109.347 Y99.465 E78.09267
G1 X108.82 Y99.933 E78.10151
G1 X107.906 Y100.991 E78.11904
G1 X107.147 Y102.145 E78.13636
G1 X106.525 Y103.42 E78.15415
G1 X106.081 Y104.725 E78.17144
G1 X105.811 Y106.095 E78.18895
G1 X105.723 Y107.493 E78.20652
G1 X105.809 Y108.89 E78.22407
G1 X106.076 Y110.246 E78.2414
G1 X106.518 Y111.577 E78.25899
G1 X106.68 Y111.907 E78.2636
G1 X106.68 Y103.102 E78.37401
M204 S3500
G1 F1500 E71.87401
;MESH:The cap.stl
G0 F15000 X110.142 Y104.436
G0 X111.325 Y103.628
;TYPE:FILL
G1 F1500 E78.37401
G1 F4200 X110.082 Y108.267 E78.43424
G1 X110.026 Y107.506 E78.44381
G1 X110.097 Y106.542 E78.45593
G1 X110.314 Y105.59 E78.46818
G1 X110.755 Y104.467 E78.48331
G1 X111.433 Y103.471 E78.49842
G1 X111.93 Y102.932 E78.50761
G1 X113.499 Y104.5 E78.53543
G1 X113.16 Y104.84 E78.54145
G1 X112.642 Y105.656 E78.55357
G1 X112.336 Y106.552 E78.56544
G1 X112.226 Y107.508 E78.57751
G1 X112.355 Y108.61 E78.59142
G1 X110.225 Y109.18 E78.61907
G1 X110.754 Y110.531 E78.63727
G1 X111.433 Y111.528 E78.6524
G1 X112.105 Y112.254 E78.6648
G1 X112.854 Y112.852 E78.67682
G1 X113.906 Y113.459 E78.69205
G1 X114.001 Y113.487 E78.69329
G1 X110.566 Y110.052 E78.75421
G0 F15000 X115.734 Y113.916
G1 F4200 X120.438 Y112.655 E78.81529
G1 X120.356 Y112.733 E78.8167
G1 X119.103 Y113.457 E78.83485
G1 X117.944 Y113.815 E78.85006
G1 X116.99 Y113.959 E78.86216
G1 X116.015 Y113.959 E78.87439
G1 X114.817 Y113.778 E78.88958
G1 X115.386 Y111.653 E78.91717
G1 X116.51 Y111.777 E78.93135
G1 X117.451 Y111.672 E78.94323
G1 X118.362 Y111.352 E78.95533
G1 X119.17 Y110.842 E78.96732
G1 X119.504 Y110.505 E78.97327
G1 X121.068 Y112.07 E79.00101
G1 X121.433 Y111.734 E79.00723
G1 X122.108 Y110.742 E79.02228
G1 X122.534 Y109.857 E79.0346
G1 X122.818 Y108.939 E79.04665
G1 X122.962 Y107.987 E79.05872
G1 X122.962 Y107.011 E79.07096
G1 X122.918 Y106.727 E79.07457
G1 X121.67 Y111.384 E79.13503
G0 F15000 X122.441 Y104.957
G1 F4200 X119.037 Y101.553 E79.1954
G1 X119.749 Y101.897 E79.20531
G1 X120.529 Y102.427 E79.21714
G1 X121.257 Y103.103 E79.2296
G1 X121.854 Y103.851 E79.2416
G1 X122.336 Y104.689 E79.25372
G1 X122.78 Y105.816 E79.26891
G1 X120.619 Y106.395 E79.29697
G1 X120.358 Y105.644 E79.30694
G1 X119.846 Y104.84 E79.31889
G1 X119.165 Y104.152 E79.33103
G1 X118.357 Y103.649 E79.34297
G1 X117.603 Y103.378 E79.35301
G1 X118.181 Y101.222 E79.38101
G1 X117.261 Y101.083 E79.39267
G1 X112.624 Y102.326 E79.45288
G1 X113.262 Y101.895 E79.46253
G1 X114.359 Y101.365 E79.47781
G1 X115.542 Y101.097 E79.49302
G1 X116.738 Y101.006 E79.50806
M204 S429
G0 F15000 X119.721 Y104.937
G0 X120.209 Y105.713
G0 X120.513 Y106.582
G0 X120.618 Y107.498
G0 X120.515 Y108.412
G0 X120.212 Y109.283
G0 X119.722 Y110.063
G0 X119.066 Y110.718
G0 X118.291 Y111.206
G0 X116.431 Y111.666
G0 X116.509 Y110.97
;TYPE:WALL-OUTER
G1 F3000 X115.731 Y110.886 E79.51788
G1 X114.978 Y110.618 E79.5279
G1 X114.34 Y110.214 E79.53737
G1 X113.788 Y109.661 E79.54717
G1 X113.367 Y108.99 E79.5571
G1 X113.117 Y108.269 E79.56667
G1 X113.033 Y107.492 E79.57647
G1 X113.117 Y106.729 E79.5861
G1 X113.367 Y106.01 E79.59564
G1 X113.779 Y105.351 E79.60539
G1 X114.337 Y104.788 E79.61533
G1 X114.997 Y104.371 E79.62512
G1 X115.731 Y104.114 E79.63487
G1 X116.493 Y104.03 E79.64449
G1 X117.287 Y104.117 E79.6545
G1 X118.008 Y104.371 E79.66409
G1 X118.65 Y104.775 E79.6736
G1 X119.219 Y105.34 E79.68366
G1 X119.638 Y106.009 E79.69356
G1 X119.881 Y106.705 E79.7028
G1 X119.974 Y107.492 E79.71274
G1 X119.882 Y108.29 E79.72281
G1 X119.632 Y109.004 E79.7323
G1 X119.228 Y109.647 E79.74182
G1 X118.675 Y110.205 E79.75167
G1 X118.001 Y110.632 E79.76168
G1 X117.287 Y110.883 E79.77117
G1 X116.509 Y110.97 E79.78099
G0 F15000 X116.311 Y110.949
G0 X116.233 Y111.644
G0 X116.011 Y114.06
G0 X115.953 Y114.759
G1 F3000 X117.052 Y114.759 E79.79477
G1 X118.12 Y114.598 E79.80831
G1 X119.424 Y114.195 E79.82543
G1 X120.606 Y113.512 E79.84255
G1 X121.033 Y113.197 E79.8492
G1 X122.046 Y112.257 E79.86653
G1 X122.803 Y111.143 E79.88342
G1 X123.281 Y110.15 E79.89724
G1 X123.601 Y109.115 E79.91083
G1 X123.762 Y108.049 E79.92435
G1 X123.762 Y106.949 E79.93814
G1 X123.559 Y105.614 E79.95508
G1 X123.06 Y104.341 E79.97222
G1 X122.516 Y103.399 E79.98587
G1 X121.843 Y102.556 E79.99939
G1 X121.033 Y101.803 E80.01326
G1 X120.146 Y101.2 E80.02671
G1 X119.153 Y100.721 E80.04054
G1 X118.125 Y100.404 E80.05403
G1 X116.772 Y100.201 E80.07119
G1 X115.42 Y100.304 E80.08819
G1 X114.094 Y100.605 E80.10524
G1 X112.86 Y101.2 E80.12242
G1 X111.748 Y101.954 E80.13927
G1 X110.806 Y102.97 E80.15664
G1 X110.045 Y104.086 E80.17358
G1 X109.547 Y105.355 E80.19068
G1 X109.304 Y106.42 E80.20438
G1 X109.224 Y107.506 E80.21803
G1 X109.304 Y108.58 E80.23154
G1 X109.546 Y109.64 E80.24517
G1 X110.044 Y110.913 E80.26231
G1 X110.806 Y112.03 E80.27927
G1 X111.558 Y112.84 E80.29313
G1 X112.402 Y113.514 E80.30668
G1 X113.584 Y114.197 E80.3238
G1 X114.886 Y114.598 E80.34088
G1 X115.953 Y114.759 E80.35441
M204 S1500
G0 F15000 X116.153 Y114.759
G0 X115.983 Y114.359
;TYPE:WALL-INNER
G1 F3300 X117.022 Y114.359 E80.36744
G1 X118.031 Y114.207 E80.38024
G1 X119.263 Y113.826 E80.39641
G1 X120.596 Y113.055 E80.41572
G1 X121.738 Y111.997 E80.43524
G1 X122.455 Y110.943 E80.45123
G1 X122.907 Y110.004 E80.4643
G1 X123.21 Y109.025 E80.47715
G1 X123.362 Y108.019 E80.48991
G1 X123.362 Y106.979 E80.50295
G1 X123.17 Y105.718 E80.51895
G1 X122.698 Y104.515 E80.53515
G1 X122.185 Y103.625 E80.54803
G1 X121.549 Y102.829 E80.56081
G1 X120.783 Y102.117 E80.57393
G1 X119.946 Y101.548 E80.58662
G1 X119.006 Y101.095 E80.5997
G1 X118.036 Y100.795 E80.61244
G1 X116.759 Y100.604 E80.62863
G1 X115.48 Y100.7 E80.64471
G1 X114.227 Y100.985 E80.66083
G1 X113.06 Y101.548 E80.67707
G1 X112.008 Y102.261 E80.69301
G1 X111.12 Y103.22 E80.7094
G1 X110.399 Y104.279 E80.72547
G1 X109.93 Y105.473 E80.74155
G1 X109.701 Y106.48 E80.75451
G1 X109.625 Y107.506 E80.76741
G1 X109.701 Y108.52 E80.78016
G1 X109.929 Y109.522 E80.79305
G1 X110.4 Y110.725 E80.80925
G1 X111.12 Y111.78 E80.82526
G1 X111.831 Y112.546 E80.83837
G1 X112.628 Y113.182 E80.85116
G1 X113.745 Y113.828 E80.86734
G1 X114.975 Y114.207 E80.88348
G1 X115.983 Y114.359 E80.89626
G0 F15000 X116.011 Y114.06
G0 X116.475 Y111.671
G0 X116.509 Y111.37
G1 F3300 X115.642 Y111.276 E80.9072
G1 X114.827 Y110.995 E80.91801
G1 X114.09 Y110.527 E80.92896
G1 X113.474 Y109.909 E80.9399
G1 X113.018 Y109.188 E80.9506
G1 X112.727 Y108.359 E80.96162
G1 X112.629 Y107.506 E80.97238
G1 X112.727 Y106.64 E80.98331
G1 X113.017 Y105.812 E80.99431
G1 X113.473 Y105.087 E81.00505
G1 X114.082 Y104.48 E81.01584
G1 X114.823 Y104.011 E81.02683
G1 X115.643 Y103.724 E81.03773
G1 X116.501 Y103.627 E81.04856
G1 X117.367 Y103.72 E81.05948
G1 X118.182 Y104.01 E81.07033
G1 X118.916 Y104.468 E81.08118
G1 X119.533 Y105.09 E81.09216
G1 X119.996 Y105.82 E81.10301
G1 X120.279 Y106.633 E81.1138
G1 X120.374 Y107.492 E81.12464
G1 X120.28 Y108.365 E81.13565
G1 X119.993 Y109.178 E81.14646
G1 X119.538 Y109.907 E81.15724
G1 X118.895 Y110.543 E81.16858
G1 X118.161 Y110.999 E81.17942
G1 X117.361 Y111.28 E81.19005
G1 X116.509 Y111.37 E81.20079
M204 S2000
G0 F15000 X116.442 Y111.969
G1 F1500 E74.70079
;MESH:NONMESH
G0 F600 X116.442 Y111.969 Z2.8
G0 F15000 X118.815 Y110.404
G0 X119.407 Y109.812
G0 X119.849 Y109.108
G0 X120.122 Y108.322
G0 X120.216 Y107.498
G0 X120.12 Y106.672
G0 X117.019 Y100.459
G0 X117.348 Y96.771
;TIME_ELAPSED:226.096316
;LAYER:13
;TYPE:SUPPORT
G1 F1500 E81.20079
G1 F3000 X117.735 Y96.79 E81.20565
G1 X119.101 Y97.041 E81.22307
G1 X120.015 Y97.329 E81.23509
G1 X120.015 Y99.911 E81.26747
G1 X120.682 Y100.232 E81.27675
G1 X121.726 Y100.944 E81.29259
G1 X122.642 Y101.795 E81.30827
G1 X122.682 Y101.845 E81.30908
G1 X123.43 Y102.784 E81.32413
G1 X124.052 Y103.857 E81.33969
G1 X124.524 Y105.075 E81.35607
G1 X124.666 Y105.603 E81.36292
G1 X124.862 Y106.867 E81.37896
G1 X124.862 Y108.125 E81.39474
G1 X124.675 Y109.363 E81.41044
G1 X124.309 Y110.55 E81.42602
G1 X123.76 Y111.695 E81.44194
G1 X123.092 Y112.672 E81.45678
G1 X122.682 Y113.156 E81.46474
G1 X122.682 Y116.322 E81.50444
G1 X121.68 Y116.959 E81.51933
G1 X120.425 Y117.545 E81.5367
G1 X120.015 Y117.675 E81.54209
G1 X120.015 Y115.099 E81.5744
G1 X119.521 Y115.318 E81.58117
G1 X118.357 Y115.673 E81.59643
G1 X117.348 Y115.825 E81.60923
G1 X117.348 Y118.23 E81.63939
G1 X116.316 Y118.279 E81.65235
G1 X114.932 Y118.165 E81.66976
G1 X114.681 Y118.111 E81.67298
G1 X114.681 Y115.679 E81.70348
G1 X114.632 Y115.671 E81.7041
G1 X113.416 Y115.29 E81.72008
G1 X112.81 Y115.021 E81.7284
G1 X112.014 Y114.56 E81.73993
G1 X112.014 Y117.287 E81.77413
G1 X111.003 Y116.772 E81.78836
G1 X109.851 Y115.988 E81.80583
G1 X109.347 Y115.534 E81.81434
G1 X109.347 Y111.846 E81.86059
G1 X109.284 Y111.753 E81.862
G1 X108.929 Y111.083 E81.8715
G1 X108.492 Y109.97 E81.8865
G1 X108.214 Y108.751 E81.90218
G1 X108.121 Y107.503 E81.91787
G1 X108.214 Y106.246 E81.93368
G1 X108.494 Y105.028 E81.94935
G1 X108.973 Y103.823 E81.96561
G1 X109.276 Y103.259 E81.97364
G1 X109.347 Y103.157 E81.9752
G1 X109.978 Y102.245 E81.98911
G1 X110.83 Y101.332 E82.00477
G1 X111.259 Y100.963 E82.01186
G1 X112.014 Y100.448 E82.02332
G1 X112.014 Y97.713 E82.05762
G1 X112.262 Y97.589 E82.0611
G1 X113.584 Y97.122 E82.07868
G1 X114.681 Y96.888 E82.09275
G1 X114.681 Y99.345 E82.12356
G1 X115.254 Y99.212 E82.13094
G1 X116.521 Y99.12 E82.14687
G1 X117.115 Y99.143 E82.15432
G1 X117.348 Y99.177 E82.15727
G1 X117.348 Y96.771 E82.18745
G1 F1500 E75.68745
G0 F15000 X122.682 Y101.845
G1 F1500 E82.18745
G1 F3000 X122.682 Y98.637 E82.22768
G1 X123.945 Y99.7 E82.24838
G1 X125.132 Y100.994 E82.2704
G1 X126.042 Y102.473 E82.29217
G1 X126.607 Y103.733 E82.30949
G1 X127.009 Y105.081 E82.32713
G1 X127.23 Y106.446 E82.34447
G1 X127.277 Y107.861 E82.36223
G1 X127.144 Y109.24 E82.3796
G1 X126.832 Y110.597 E82.39706
G1 X126.6 Y111.273 E82.40602
G1 X126.031 Y112.547 E82.42352
G1 X125.349 Y113.655 E82.43984
G1 X125.349 Y101.347 E82.59418
G1 F1500 E76.09418
G0 F15000 X123.065 Y99.268
G0 X121.766 Y98.383
G0 X120.347 Y97.698
G0 X118.846 Y97.236
G0 X117.344 Y97.01
G0 X116.447 Y96.977
G0 X114.936 Y97.09
G0 X113.454 Y97.427
G0 X112.605 Y97.725
G0 X111.241 Y98.383
G0 X109.984 Y99.238
G0 X109.303 Y99.825
G0 X108.467 Y100.727
G0 X107.578 Y101.952
G0 X109.347 Y103.157
G1 F1500 E82.59418
G1 F3000 X109.347 Y99.465 E82.64048
G1 X108.82 Y99.933 E82.64932
G1 X107.906 Y100.991 E82.66685
G1 X107.147 Y102.145 E82.68418
G1 X106.525 Y103.42 E82.70197
G1 X106.081 Y104.725 E82.71925
G1 X105.811 Y106.095 E82.73676
G1 X105.723 Y107.493 E82.75433
G1 X105.809 Y108.89 E82.77188
G1 X106.076 Y110.246 E82.78921
G1 X106.518 Y111.577 E82.8068
G1 X106.68 Y111.907 E82.81141
G1 X106.68 Y103.102 E82.92183
M204 S3500
G1 F1500 E76.42183
;MESH:The cap.stl
G0 F15000 X110.142 Y104.436
G0 X111.325 Y103.628
;TYPE:FILL
G1 F1500 E82.92183
G1 F4200 X110.082 Y108.267 E82.98206
G1 X110.026 Y107.506 E82.99162
G1 X110.097 Y106.542 E83.00375
G1 X110.314 Y105.59 E83.01599
G1 X110.755 Y104.467 E83.03112
G1 X111.433 Y103.471 E83.04623
G1 X111.93 Y102.932 E83.05542
G1 X113.499 Y104.5 E83.08324
G1 X113.16 Y104.84 E83.08926
G1 X112.642 Y105.656 E83.10138
G1 X112.336 Y106.552 E83.11326
G1 X112.226 Y107.508 E83.12532
G1 X112.355 Y108.61 E83.13924
G1 X110.225 Y109.18 E83.16689
G1 X110.754 Y110.531 E83.18508
G1 X111.433 Y111.528 E83.20021
G1 X112.105 Y112.254 E83.21262
G1 X112.854 Y112.852 E83.22463
G1 X113.906 Y113.459 E83.23987
G1 X114.001 Y113.487 E83.24111
G1 X110.566 Y110.052 E83.30203
G0 F15000 X115.734 Y113.916
G1 F4200 X120.438 Y112.655 E83.3631
G1 X120.356 Y112.733 E83.36452
G1 X119.103 Y113.457 E83.38267
G1 X117.944 Y113.815 E83.39788
G1 X116.99 Y113.959 E83.40998
G1 X116.015 Y113.959 E83.4222
G1 X114.817 Y113.778 E83.4374
G1 X115.386 Y111.653 E83.46498
G1 X116.51 Y111.777 E83.47917
G1 X117.451 Y111.672 E83.49104
G1 X118.362 Y111.352 E83.50315
G1 X119.17 Y110.842 E83.51513
G1 X119.504 Y110.505 E83.52108
G1 X121.068 Y112.07 E83.54883
G1 X121.433 Y111.734 E83.55505
G1 X122.108 Y110.742 E83.57009
G1 X122.534 Y109.857 E83.58241
G1 X122.818 Y108.939 E83.59446
G1 X122.962 Y107.987 E83.60654
G1 X122.962 Y107.011 E83.61878
G1 X122.918 Y106.727 E83.62238
G1 X121.67 Y111.384 E83.68284
G0 F15000 X122.441 Y104.957
G1 F4200 X119.037 Y101.553 E83.74321
G1 X119.749 Y101.897 E83.75313
G1 X120.529 Y102.427 E83.76495
G1 X121.257 Y103.103 E83.77741
G1 X121.854 Y103.851 E83.78941
G1 X122.336 Y104.689 E83.80154
G1 X122.78 Y105.816 E83.81673
G1 X120.619 Y106.395 E83.84478
G1 X120.358 Y105.644 E83.85475
G1 X119.846 Y104.84 E83.8667
G1 X119.165 Y104.152 E83.87884
G1 X118.357 Y103.649 E83.89078
G1 X117.603 Y103.378 E83.90083
G1 X118.181 Y101.222 E83.92882
G1 X117.261 Y101.083 E83.94049
G1 X112.624 Y102.326 E84.00069
G1 X113.262 Y101.895 E84.01035
G1 X114.359 Y101.365 E84.02562
G1 X115.542 Y101.097 E84.04083
G1 X116.738 Y101.006 E84.05588
M204 S429
G0 F15000 X119.721 Y104.937
G0 X120.209 Y105.713
G0 X120.513 Y106.582
G0 X120.618 Y107.498
G0 X120.515 Y108.412
G0 X120.212 Y109.283
G0 X119.722 Y110.063
G0 X119.066 Y110.718
G0 X118.291 Y111.206
G0 X116.431 Y111.666
G0 X116.509 Y110.97
;TYPE:WALL-OUTER
G1 F3000 X115.731 Y110.886 E84.06569
G1 X114.978 Y110.618 E84.07571
G1 X114.34 Y110.214 E84.08518
G1 X113.788 Y109.661 E84.09498
G1 X113.367 Y108.99 E84.10491
G1 X113.117 Y108.269 E84.11448
G1 X113.033 Y107.492 E84.12428
G1 X113.117 Y106.729 E84.13391
G1 X113.367 Y106.01 E84.14346
G1 X113.779 Y105.351 E84.1532
G1 X114.337 Y104.788 E84.16314
G1 X114.997 Y104.371 E84.17293
G1 X115.731 Y104.114 E84.18269
G1 X116.493 Y104.03 E84.1923
G1 X117.287 Y104.117 E84.20232
G1 X118.008 Y104.371 E84.2119
G1 X118.65 Y104.775 E84.22142
G1 X119.219 Y105.34 E84.23147
G1 X119.638 Y106.009 E84.24137
G1 X119.881 Y106.705 E84.25062
G1 X119.974 Y107.492 E84.26055
G1 X119.882 Y108.29 E84.27063
G1 X119.632 Y109.004 E84.28011
G1 X119.228 Y109.647 E84.28964
G1 X118.675 Y110.205 E84.29949
G1 X118.001 Y110.632 E84.30949
G1 X117.287 Y110.883 E84.31898
G1 X116.509 Y110.97 E84.3288
G0 F15000 X116.311 Y110.949
G0 X116.233 Y111.644
G0 X116.011 Y114.06
G0 X115.953 Y114.759
G1 F3000 X117.052 Y114.759 E84.34258
G1 X118.12 Y114.598 E84.35613
G1 X119.424 Y114.195 E84.37324
G1 X120.606 Y113.512 E84.39036
G1 X121.033 Y113.197 E84.39702
G1 X122.046 Y112.257 E84.41435
G1 X122.803 Y111.143 E84.43124
G1 X123.281 Y110.15 E84.44506
G1 X123.601 Y109.115 E84.45864
G1 X123.762 Y108.049 E84.47216
G1 X123.762 Y106.949 E84.48596
G1 X123.559 Y105.614 E84.50289
G1 X123.06 Y104.341 E84.52004
G1 X122.516 Y103.399 E84.53368
G1 X121.843 Y102.556 E84.54721
G1 X121.033 Y101.803 E84.56108
G1 X120.146 Y101.2 E84.57453
G1 X119.153 Y100.721 E84.58835
G1 X118.125 Y100.404 E84.60184
G1 X116.772 Y100.201 E84.619
G1 X115.42 Y100.304 E84.636
G1 X114.094 Y100.605 E84.65305
G1 X112.86 Y101.2 E84.67023
G1 X111.748 Y101.954 E84.68708
G1 X110.806 Y102.97 E84.70446
G1 X110.045 Y104.086 E84.7214
G1 X109.547 Y105.355 E84.73849
G1 X109.304 Y106.42 E84.75219
G1 X109.224 Y107.506 E84.76585
G1 X109.304 Y108.58 E84.77935
G1 X109.546 Y109.64 E84.79299
G1 X110.044 Y110.913 E84.81013
G1 X110.806 Y112.03 E84.82708
G1 X111.558 Y112.84 E84.84095
G1 X112.402 Y113.514 E84.85449
G1 X113.584 Y114.197 E84.87161
G1 X114.886 Y114.598 E84.88869
G1 X115.953 Y114.759 E84.90223
M204 S1500
G0 F15000 X116.153 Y114.759
G0 X115.983 Y114.359
;TYPE:WALL-INNER
G1 F3300 X117.022 Y114.359 E84.91526
G1 X118.031 Y114.207 E84.92805
G1 X119.263 Y113.826 E84.94422
G1 X120.596 Y113.055 E84.96353
G1 X121.738 Y111.997 E84.98306
G1 X122.455 Y110.943 E84.99904
G1 X122.907 Y110.004 E85.01211
G1 X123.21 Y109.025 E85.02496
G1 X123.362 Y108.019 E85.03772
G1 X123.362 Y106.979 E85.05076
G1 X123.17 Y105.718 E85.06676
G1 X122.698 Y104.515 E85.08296
G1 X122.185 Y103.625 E85.09585
G1 X121.549 Y102.829 E85.10862
G1 X120.783 Y102.117 E85.12174
G1 X119.946 Y101.548 E85.13443
G1 X119.006 Y101.095 E85.14752
G1 X118.036 Y100.795 E85.16025
G1 X116.759 Y100.604 E85.17644
G1 X115.48 Y100.7 E85.19253
G1 X114.227 Y100.985 E85.20864
G1 X113.06 Y101.548 E85.22489
G1 X112.008 Y102.261 E85.24083
G1 X111.12 Y103.22 E85.25722
G1 X110.399 Y104.279 E85.27328
G1 X109.93 Y105.473 E85.28937
G1 X109.701 Y106.48 E85.30232
G1 X109.625 Y107.506 E85.31522
G1 X109.701 Y108.52 E85.32797
G1 X109.929 Y109.522 E85.34086
G1 X110.4 Y110.725 E85.35706
G1 X111.12 Y111.78 E85.37308
G1 X111.831 Y112.546 E85.38618
G1 X112.628 Y113.182 E85.39897
G1 X113.745 Y113.828 E85.41515
G1 X114.975 Y114.207 E85.43129
G1 X115.983 Y114.359 E85.44408
G0 F15000 X116.011 Y114.06
G0 X116.475 Y111.671
G0 X116.509 Y111.37
G1 F3300 X115.642 Y111.276 E85.45501
G1 X114.827 Y110.995 E85.46582
G1 X114.09 Y110.527 E85.47677
G1 X113.474 Y109.909 E85.48771
G1 X113.018 Y109.188 E85.49841
G1 X112.727 Y108.359 E85.50943
G1 X112.629 Y107.506 E85.5202
G1 X112.727 Y106.64 E85.53113
G1 X113.017 Y105.812 E85.54213
G1 X113.473 Y105.087 E85.55287
G1 X114.082 Y104.48 E85.56365
G1 X114.823 Y104.011 E85.57465
G1 X115.643 Y103.724 E85.58554
G1 X116.501 Y103.627 E85.59637
G1 X117.367 Y103.72 E85.60729
G1 X118.182 Y104.01 E85.61814
G1 X118.916 Y104.468 E85.62899
G1 X119.533 Y105.09 E85.63998
G1 X119.996 Y105.82 E85.65082
G1 X120.279 Y106.633 E85.66161
G1 X120.374 Y107.492 E85.67245
G1 X120.28 Y108.365 E85.68346
G1 X119.993 Y109.178 E85.69428
G1 X119.538 Y109.907 E85.70505
G1 X118.895 Y110.543 E85.71639
G1 X118.161 Y110.999 E85.72723
G1 X117.361 Y111.28 E85.73786
G1 X116.509 Y111.37 E85.74861
M204 S2000
G0 F15000 X116.442 Y111.969
G1 F1500 E79.24861
;MESH:NONMESH
G0 F600 X116.442 Y111.969 Z3
G0 F15000 X118.815 Y110.404
G0 X119.407 Y109.812
G0 X119.849 Y109.108
G0 X120.122 Y108.322
G0 X120.216 Y107.498
G0 X120.12 Y106.672
G0 X117.019 Y100.459
G0 X117.348 Y96.771
;TIME_ELAPSED:237.201686
;LAYER:14
;TYPE:SUPPORT
G1 F1500 E85.74861
G1 F3000 X117.735 Y96.79 E85.75347
G1 X119.101 Y97.041 E85.77088
G1 X120.015 Y97.329 E85.7829
G1 X120.015 Y99.911 E85.81528
G1 X120.682 Y100.232 E85.82456
G1 X121.726 Y100.944 E85.84041
G1 X122.642 Y101.795 E85.85609
G1 X122.682 Y101.845 E85.85689
G1 X123.43 Y102.784 E85.87195
G1 X124.052 Y103.857 E85.8875
G1 X124.524 Y105.075 E85.90388
G1 X124.666 Y105.603 E85.91074
G1 X124.862 Y106.867 E85.92678
G1 X124.862 Y108.125 E85.94255
G1 X124.675 Y109.363 E85.95825
G1 X124.309 Y110.55 E85.97383
G1 X123.76 Y111.695 E85.98975
G1 X123.092 Y112.672 E86.0046
G1 X122.682 Y113.156 E86.01255
G1 X122.682 Y116.322 E86.05225
G1 X121.68 Y116.959 E86.06714
G1 X120.425 Y117.545 E86.08451
G1 X120.015 Y117.675 E86.08991
G1 X120.015 Y115.099 E86.12221
G1 X119.521 Y115.318 E86.12899
G1 X118.357 Y115.673 E86.14425
G1 X117.348 Y115.825 E86.15704
G1 X117.348 Y118.23 E86.1872
G1 X116.316 Y118.279 E86.20016
G1 X114.932 Y118.165 E86.21757
G1 X114.681 Y118.111 E86.22079
G1 X114.681 Y115.679 E86.25129
G1 X114.632 Y115.671 E86.25192
G1 X113.416 Y115.29 E86.2679
G1 X112.81 Y115.021 E86.27621
G1 X112.014 Y114.56 E86.28775
G1 X112.014 Y117.287 E86.32194
G1 X111.003 Y116.772 E86.33617
G1 X109.851 Y115.988 E86.35365
G1 X109.347 Y115.534 E86.36215
G1 X109.347 Y111.846 E86.4084
G1 X109.284 Y111.753 E86.40981
G1 X108.929 Y111.083 E86.41932
G1 X108.492 Y109.97 E86.43431
G1 X108.214 Y108.751 E86.44999
G1 X108.121 Y107.503 E86.46569
G1 X108.214 Y106.246 E86.48149
G1 X108.494 Y105.028 E86.49716
G1 X108.973 Y103.823 E86.51343
G1 X109.276 Y103.259 E86.52146
G1 X109.347 Y103.157 E86.52301
G1 X109.978 Y102.245 E86.53692
G1 X110.83 Y101.332 E86.55258
G1 X111.259 Y100.963 E86.55968
G1 X112.014 Y100.448 E86.57114
G1 X112.014 Y97.713 E86.60544
G1 X112.262 Y97.589 E86.60891
G1 X113.584 Y97.122 E86.6265
G1 X114.681 Y96.888 E86.64056
G1 X114.681 Y99.345 E86.67137
G1 X115.254 Y99.212 E86.67875
G1 X116.521 Y99.12 E86.69468
G1 X117.115 Y99.143 E86.70214
G1 X117.348 Y99.177 E86.70509
G1 X117.348 Y96.771 E86.73526
G1 F1500 E80.23526
G0 F15000 X122.682 Y101.845
G1 F1500 E86.73526
G1 F3000 X122.682 Y98.637 E86.77549
G1 X123.945 Y99.7 E86.79619
G1 X125.132 Y100.994 E86.81821
G1 X126.042 Y102.473 E86.83999
G1 X126.607 Y103.733 E86.85731
G1 X127.009 Y105.081 E86.87495
G1 X127.23 Y106.446 E86.89229
G1 X127.277 Y107.861 E86.91004
G1 X127.144 Y109.24 E86.92741
G1 X126.832 Y110.597 E86.94488
G1 X126.6 Y111.273 E86.95384
G1 X126.031 Y112.547 E86.97134
G1 X125.349 Y113.655 E86.98765
G1 X125.349 Y101.347 E87.142
G1 F1500 E80.642
G0 F15000 X123.065 Y99.268
G0 X121.766 Y98.383
G0 X120.347 Y97.698
G0 X118.846 Y97.236
G0 X117.344 Y97.01
G0 X116.447 Y96.977
G0 X114.936 Y97.09
G0 X113.454 Y97.427
G0 X112.605 Y97.725
G0 X111.241 Y98.383
G0 X109.984 Y99.238
G0 X109.303 Y99.825
G0 X108.467 Y100.727
G0 X107.578 Y101.952
G0 X109.347 Y103.157
G1 F1500 E87.142
G1 F3000 X109.347 Y99.465 E87.1883
G1 X108.82 Y99.933 E87.19714
G1 X107.906 Y100.991 E87.21467
G1 X107.147 Y102.145 E87.23199
G1 X106.525 Y103.42 E87.24978
G1 X106.081 Y104.725 E87.26707
G1 X105.811 Y106.095 E87.28458
G1 X105.723 Y107.493 E87.30214
G1 X105.809 Y108.89 E87.3197
G1 X106.076 Y110.246 E87.33703
G1 X106.518 Y111.577 E87.35461
G1 X106.68 Y111.907 E87.35922
G1 X106.68 Y103.102 E87.46964
M204 S3500
G1 F1500 E80.96964
;MESH:The cap.stl
G0 F15000 X110.142 Y104.436
G0 X111.325 Y103.628
;TYPE:FILL
G1 F1500 E87.46964
G1 F4200 X110.082 Y108.267 E87.52987
G1 X110.026 Y107.506 E87.53944
G1 X110.097 Y106.542 E87.55156
G1 X110.314 Y105.59 E87.5638
G1 X110.755 Y104.467 E87.57893
G1 X111.433 Y103.471 E87.59404
G1 X111.93 Y102.932 E87.60324
G1 X113.499 Y104.5 E87.63105
G1 X113.16 Y104.84 E87.63708
G1 X112.642 Y105.656 E87.6492
G1 X112.336 Y106.552 E87.66107
G1 X112.226 Y107.508 E87.67314
G1 X112.355 Y108.61 E87.68705
G1 X110.225 Y109.18 E87.7147
G1 X110.754 Y110.531 E87.7329
G1 X111.433 Y111.528 E87.74802
G1 X112.105 Y112.254 E87.76043
G1 X112.854 Y112.852 E87.77245
G1 X113.906 Y113.459 E87.78768
G1 X114.001 Y113.487 E87.78892
G1 X110.566 Y110.052 E87.84984
G0 F15000 X115.734 Y113.916
G1 F4200 X120.438 Y112.655 E87.91091
G1 X120.356 Y112.733 E87.91233
G1 X119.103 Y113.457 E87.93048
G1 X117.944 Y113.815 E87.94569
G1 X116.99 Y113.959 E87.95779
G1 X116.015 Y113.959 E87.97002
G1 X114.817 Y113.778 E87.98521
G1 X115.386 Y111.653 E88.0128
G1 X116.51 Y111.777 E88.02698
G1 X117.451 Y111.672 E88.03885
G1 X118.362 Y111.352 E88.05096
G1 X119.17 Y110.842 E88.06294
G1 X119.504 Y110.505 E88.06889
G1 X121.068 Y112.07 E88.09664
G1 X121.433 Y111.734 E88.10286
G1 X122.108 Y110.742 E88.11791
G1 X122.534 Y109.857 E88.13023
G1 X122.818 Y108.939 E88.14228
G1 X122.962 Y107.987 E88.15435
G1 X122.962 Y107.011 E88.16659
G1 X122.918 Y106.727 E88.17019
G1 X121.67 Y111.384 E88.23065
G0 F15000 X122.441 Y104.957
G1 F4200 X119.037 Y101.553 E88.29102
G1 X119.749 Y101.897 E88.30094
G1 X120.529 Y102.427 E88.31277
G1 X121.257 Y103.103 E88.32522
G1 X121.854 Y103.851 E88.33723
G1 X122.336 Y104.689 E88.34935
G1 X122.78 Y105.816 E88.36454
G1 X120.619 Y106.395 E88.39259
G1 X120.358 Y105.644 E88.40257
G1 X119.846 Y104.84 E88.41452
G1 X119.165 Y104.152 E88.42666
G1 X118.357 Y103.649 E88.43859
G1 X117.603 Y103.378 E88.44864
G1 X118.181 Y101.222 E88.47663
G1 X117.261 Y101.083 E88.4883
G1 X112.624 Y102.326 E88.5485
G1 X113.262 Y101.895 E88.55816
G1 X114.359 Y101.365 E88.57344
G1 X115.542 Y101.097 E88.58865
G1 X116.738 Y101.006 E88.60369
M204 S429
G0 F15000 X119.721 Y104.937
G0 X120.209 Y105.713
G0 X120.513 Y106.582
G0 X120.618 Y107.498
G0 X120.515 Y108.412
G0 X120.212 Y109.283
G0 X119.722 Y110.063
G0 X119.066 Y110.718
G0 X118.291 Y111.206
G0 X116.431 Y111.666
G0 X116.509 Y110.97
;TYPE:WALL-OUTER
G1 F3000 X115.731 Y110.886 E88.6135
G1 X114.978 Y110.618 E88.62353
G1 X114.34 Y110.214 E88.633
G1 X113.788 Y109.661 E88.64279
G1 X113.367 Y108.99 E88.65273
G1 X113.117 Y108.269 E88.6623
G1 X113.033 Y107.492 E88.6721
G1 X113.117 Y106.729 E88.68172
G1 X113.367 Y106.01 E88.69127
G1 X113.779 Y105.351 E88.70102
G1 X114.337 Y104.788 E88.71096
G1 X114.997 Y104.371 E88.72075
G1 X115.731 Y104.114 E88.7305
G1 X116.493 Y104.03 E88.74011
G1 X117.287 Y104.117 E88.75013
G1 X118.008 Y104.371 E88.75972
G1 X118.65 Y104.775 E88.76923
G1 X119.219 Y105.34 E88.77928
G1 X119.638 Y106.009 E88.78918
G1 X119.881 Y106.705 E88.79843
G1 X119.974 Y107.492 E88.80837
G1 X119.882 Y108.29 E88.81844
G1 X119.632 Y109.004 E88.82793
G1 X119.228 Y109.647 E88.83745
G1 X118.675 Y110.205 E88.8473
G1 X118.001 Y110.632 E88.85731
G1 X117.287 Y110.883 E88.8668
G1 X116.509 Y110.97 E88.87662
G0 F15000 X116.311 Y110.949
G0 X116.233 Y111.644
G0 X116.011 Y114.06
G0 X115.953 Y114.759
G1 F3000 X117.052 Y114.759 E88.8904
G1 X118.12 Y114.598 E88.90394
G1 X119.424 Y114.195 E88.92106
G1 X120.606 Y113.512 E88.93818
G1 X121.033 Y113.197 E88.94483
G1 X122.046 Y112.257 E88.96216
G1 X122.803 Y111.143 E88.97905
G1 X123.281 Y110.15 E88.99287
G1 X123.601 Y109.115 E89.00646
G1 X123.762 Y108.049 E89.01998
G1 X123.762 Y106.949 E89.03377
G1 X123.559 Y105.614 E89.05071
G1 X123.06 Y104.341 E89.06785
G1 X122.516 Y103.399 E89.08149
G1 X121.843 Y102.556 E89.09502
G1 X121.033 Y101.803 E89.10889
G1 X120.146 Y101.2 E89.12234
G1 X119.153 Y100.721 E89.13617
G1 X118.125 Y100.404 E89.14966
G1 X116.772 Y100.201 E89.16681
G1 X115.42 Y100.304 E89.18382
G1 X114.094 Y100.605 E89.20087
G1 X112.86 Y101.2 E89.21805
G1 X111.748 Y101.954 E89.2349
G1 X110.806 Y102.97 E89.25227
G1 X110.045 Y104.086 E89.26921
G1 X109.547 Y105.355 E89.28631
G1 X109.304 Y106.42 E89.3
G1 X109.224 Y107.506 E89.31366
G1 X109.304 Y108.58 E89.32717
G1 X109.546 Y109.64 E89.3408
G1 X110.044 Y110.913 E89.35794
G1 X110.806 Y112.03 E89.3749
G1 X111.558 Y112.84 E89.38876
G1 X112.402 Y113.514 E89.4023
G1 X113.584 Y114.197 E89.41942
G1 X114.886 Y114.598 E89.43651
G1 X115.953 Y114.759 E89.45004
M204 S1500
G0 F15000 X116.153 Y114.759
G0 X115.983 Y114.359
;TYPE:WALL-INNER
G1 F3300 X117.022 Y114.359 E89.46307
G1 X118.031 Y114.207 E89.47587
G1 X119.263 Y113.826 E89.49204
G1 X120.596 Y113.055 E89.51135
G1 X121.738 Y111.997 E89.53087
G1 X122.455 Y110.943 E89.54686
G1 X122.907 Y110.004 E89.55992
G1 X123.21 Y109.025 E89.57278
G1 X123.362 Y108.019 E89.58554
G1 X123.362 Y106.979 E89.59858
G1 X123.17 Y105.718 E89.61457
G1 X122.698 Y104.515 E89.63078
G1 X122.185 Y103.625 E89.64366
G1 X121.549 Y102.829 E89.65644
G1 X120.783 Y102.117 E89.66955
G1 X119.946 Y101.548 E89.68224
G1 X119.006 Y101.095 E89.69533
G1 X118.036 Y100.795 E89.70806
G1 X116.759 Y100.604 E89.72425
G1 X115.48 Y100.7 E89.74034
G1 X114.227 Y100.985 E89.75645
G1 X113.06 Y101.548 E89.7727
G1 X112.008 Y102.261 E89.78864
G1 X111.12 Y103.22 E89.80503
G1 X110.399 Y104.279 E89.8211
G1 X109.93 Y105.473 E89.83718
G1 X109.701 Y106.48 E89.85013
G1 X109.625 Y107.506 E89.86303
G1 X109.701 Y108.52 E89.87579
G1 X109.929 Y109.522 E89.88867
G1 X110.4 Y110.725 E89.90487
G1 X111.12 Y111.78 E89.92089
G1 X111.831 Y112.546 E89.934
G1 X112.628 Y113.182 E89.94678
G1 X113.745 Y113.828 E89.96297
G1 X114.975 Y114.207 E89.97911
G1 X115.983 Y114.359 E89.99189
G0 F15000 X116.011 Y114.06
G0 X116.475 Y111.671
G0 X116.509 Y111.37
G1 F3300 X115.642 Y111.276 E90.00283
G1 X114.827 Y110.995 E90.01364
G1 X114.09 Y110.527 E90.02459
G1 X113.474 Y109.909 E90.03553
G1 X113.018 Y109.188 E90.04623
G1 X112.727 Y108.359 E90.05724
G1 X112.629 Y107.506 E90.06801
G1 X112.727 Y106.64 E90.07894
G1 X113.017 Y105.812 E90.08994
G1 X113.473 Y105.087 E90.10068
G1 X114.082 Y104.48 E90.11147
G1 X114.823 Y104.011 E90.12246
G1 X115.643 Y103.724 E90.13336
G1 X116.501 Y103.627 E90.14419
G1 X117.367 Y103.72 E90.15511
G1 X118.182 Y104.01 E90.16596
G1 X118.916 Y104.468 E90.17681
G1 X119.533 Y105.09 E90.18779
G1 X119.996 Y105.82 E90.19863
G1 X120.279 Y106.633 E90.20943
G1 X120.374 Y107.492 E90.22027
G1 X120.28 Y108.365 E90.23128
G1 X119.993 Y109.178 E90.24209
G1 X119.538 Y109.907 E90.25287
G1 X118.895 Y110.543 E90.26421
G1 X118.161 Y110.999 E90.27504
G1 X117.361 Y111.28 E90.28568
G1 X116.509 Y111.37 E90.29642
M204 S2000
G0 F15000 X116.442 Y111.969
G1 F1500 E83.79642
;MESH:NONMESH
G0 F600 X116.442 Y111.969 Z3.2
G0 F15000 X118.815 Y110.404
G0 X119.407 Y109.812
G0 X119.849 Y109.108
G0 X120.122 Y108.322
G0 X120.216 Y107.498
G0 X120.12 Y106.672
G0 X117.019 Y100.459
G0 X117.348 Y96.771
;TIME_ELAPSED:248.307055
;LAYER:15
;TYPE:SUPPORT
G1 F1500 E90.29642
G1 F3000 X117.735 Y96.79 E90.30128
G1 X119.101 Y97.041 E90.3187
G1 X120.015 Y97.329 E90.33071
G1 X120.015 Y99.911 E90.36309
G1 X120.682 Y100.232 E90.37238
G1 X121.726 Y100.944 E90.38822
G1 X122.642 Y101.795 E90.4039
G1 X122.682 Y101.845 E90.4047
G1 X123.43 Y102.784 E90.41976
G1 X124.052 Y103.857 E90.43531
G1 X124.524 Y105.075 E90.45169
G1 X124.666 Y105.603 E90.45855
G1 X124.862 Y106.867 E90.47459
G1 X124.862 Y108.125 E90.49037
G1 X124.675 Y109.363 E90.50607
G1 X124.309 Y110.55 E90.52164
G1 X123.76 Y111.695 E90.53757
G1 X123.092 Y112.672 E90.55241
G1 X122.682 Y113.156 E90.56037
G1 X122.682 Y116.322 E90.60007
G1 X121.68 Y116.959 E90.61496
G1 X120.425 Y117.545 E90.63233
G1 X120.015 Y117.675 E90.63772
G1 X120.015 Y115.099 E90.67002
G1 X119.521 Y115.318 E90.6768
G1 X118.357 Y115.673 E90.69206
G1 X117.348 Y115.825 E90.70486
G1 X117.348 Y118.23 E90.73502
G1 X116.316 Y118.279 E90.74797
G1 X114.932 Y118.165 E90.76539
G1 X114.681 Y118.111 E90.76861
G1 X114.681 Y115.679 E90.79911
G1 X114.632 Y115.671 E90.79973
G1 X113.416 Y115.29 E90.81571
G1 X112.81 Y115.021 E90.82402
G1 X112.014 Y114.56 E90.83556
G1 X112.014 Y117.287 E90.86976
G1 X111.003 Y116.772 E90.88398
G1 X109.851 Y115.988 E90.90146
G1 X109.347 Y115.534 E90.90997
G1 X109.347 Y111.846 E90.95621
G1 X109.284 Y111.753 E90.95762
G1 X108.929 Y111.083 E90.96713
G1 X108.492 Y109.97 E90.98213
G1 X108.214 Y108.751 E90.99781
G1 X108.121 Y107.503 E91.0135
G1 X108.214 Y106.246 E91.02931
G1 X108.494 Y105.028 E91.04498
G1 X108.973 Y103.823 E91.06124
G1 X109.276 Y103.259 E91.06927
G1 X109.347 Y103.157 E91.07083
G1 X109.978 Y102.245 E91.08473
G1 X110.83 Y101.332 E91.1004
G1 X111.259 Y100.963 E91.10749
G1 X112.014 Y100.448 E91.11895
G1 X112.014 Y97.713 E91.15325
G1 X112.262 Y97.589 E91.15673
G1 X113.584 Y97.122 E91.17431
G1 X114.681 Y96.888 E91.18838
G1 X114.681 Y99.345 E91.21919
G1 X115.254 Y99.212 E91.22656
G1 X116.521 Y99.12 E91.24249
G1 X117.115 Y99.143 E91.24995
G1 X117.348 Y99.177 E91.2529
G1 X117.348 Y96.771 E91.28307
G1 F1500 E84.78307
G0 F15000 X122.682 Y101.845
G1 F1500 E91.28307
G1 F3000 X122.682 Y98.637 E91.3233
G1 X123.945 Y99.7 E91.34401
G1 X125.132 Y100.994 E91.36603
G1 X126.042 Y102.473 E91.3878
G1 X126.607 Y103.733 E91.40512
G1 X127.009 Y105.081 E91.42276
G1 X127.23 Y106.446 E91.4401
G1 X127.277 Y107.861 E91.45785
G1 X127.144 Y109.24 E91.47523
G1 X126.832 Y110.597 E91.49269
G1 X126.6 Y111.273 E91.50165
G1 X126.031 Y112.547 E91.51915
G1 X125.349 Y113.655 E91.53546
G1 X125.349 Y101.347 E91.68981
G1 F1500 E85.18981
G0 F15000 X123.065 Y99.268
G0 X121.766 Y98.383
G0 X120.347 Y97.698
G0 X118.846 Y97.236
G0 X117.344 Y97.01
G0 X116.447 Y96.977
G0 X114.936 Y97.09
G0 X113.454 Y97.427
G0 X112.605 Y97.725
G0 X111.241 Y98.383
G0 X109.984 Y99.238
G0 X109.303 Y99.825
G0 X108.467 Y100.727
G0 X107.578 Y101.952
G0 X109.347 Y103.157
G1 F1500 E91.68981
G1 F3000 X109.347 Y99.465 E91.73611
G1 X108.82 Y99.933 E91.74495
G1 X107.906 Y100.991 E91.76248
G1 X107.147 Y102.145 E91.7798
G1 X106.525 Y103.42 E91.79759
G1 X106.081 Y104.725 E91.81488
G1 X105.811 Y106.095 E91.83239
G1 X105.723 Y107.493 E91.84996
G1 X105.809 Y108.89 E91.86751
G1 X106.076 Y110.246 E91.88484
G1 X106.518 Y111.577 E91.90243
G1 X106.68 Y111.907 E91.90704
G1 X106.68 Y103.102 E92.01746
M204 S3500
G1 F1500 E85.51746
;MESH:The cap.stl
G0 F15000 X110.142 Y104.436
G0 X111.325 Y103.628
;TYPE:FILL
G1 F1500 E92.01746
G1 F4200 X110.082 Y108.267 E92.07768
G1 X110.026 Y107.506 E92.08725
G1 X110.097 Y106.542 E92.09937
G1 X110.314 Y105.59 E92.11162
G1 X110.755 Y104.467 E92.12675
G1 X111.433 Y103.471 E92.14186
G1 X111.93 Y102.932 E92.15105
G1 X113.499 Y104.5 E92.17887
G1 X113.16 Y104.84 E92.18489
G1 X112.642 Y105.656 E92.19701
G1 X112.336 Y106.552 E92.20888
G1 X112.226 Y107.508 E92.22095
G1 X112.355 Y108.61 E92.23487
G1 X110.225 Y109.18 E92.26252
G1 X110.754 Y110.531 E92.28071
G1 X111.433 Y111.528 E92.29584
G1 X112.105 Y112.254 E92.30824
G1 X112.854 Y112.852 E92.32026
G1 X113.906 Y113.459 E92.33549
G1 X114.001 Y113.487 E92.33674
G1 X110.566 Y110.052 E92.39765
G0 F15000 X115.734 Y113.916
G1 F4200 X120.438 Y112.655 E92.45873
G1 X120.356 Y112.733 E92.46015
G1 X119.103 Y113.457 E92.47829
G1 X117.944 Y113.815 E92.49351
G1 X116.99 Y113.959 E92.5056
G1 X116.015 Y113.959 E92.51783
G1 X114.817 Y113.778 E92.53303
G1 X115.386 Y111.653 E92.56061
G1 X116.51 Y111.777 E92.57479
G1 X117.451 Y111.672 E92.58667
G1 X118.362 Y111.352 E92.59878
G1 X119.17 Y110.842 E92.61076
G1 X119.504 Y110.505 E92.61671
G1 X121.068 Y112.07 E92.64445
G1 X121.433 Y111.734 E92.65068
G1 X122.108 Y110.742 E92.66572
G1 X122.534 Y109.857 E92.67804
G1 X122.818 Y108.939 E92.69009
G1 X122.962 Y107.987 E92.70216
G1 X122.962 Y107.011 E92.7144
G1 X122.918 Y106.727 E92.71801
G1 X121.67 Y111.384 E92.77847
G0 F15000 X122.441 Y104.957
G1 F4200 X119.037 Y101.553 E92.83884
G1 X119.749 Y101.897 E92.84875
G1 X120.529 Y102.427 E92.86058
G1 X121.257 Y103.103 E92.87304
G1 X121.854 Y103.851 E92.88504
G1 X122.336 Y104.689 E92.89716
G1 X122.78 Y105.816 E92.91235
G1 X120.619 Y106.395 E92.94041
G1 X120.358 Y105.644 E92.95038
G1 X119.846 Y104.84 E92.96233
G1 X119.165 Y104.152 E92.97447
G1 X118.357 Y103.649 E92.98641
G1 X117.603 Y103.378 E92.99645
G1 X118.181 Y101.222 E93.02445
G1 X117.261 Y101.083 E93.03611
G1 X112.624 Y102.326 E93.09632
G1 X113.262 Y101.895 E93.10597
G1 X114.359 Y101.365 E93.12125
G1 X115.542 Y101.097 E93.13646
G1 X116.738 Y101.006 E93.1515
M204 S429
G0 F15000 X119.721 Y104.937
G0 X120.209 Y105.713
G0 X120.513 Y106.582
G0 X120.618 Y107.498
G0 X120.515 Y108.412
G0 X120.212 Y109.283
G0 X119.722 Y110.063
G0 X119.066 Y110.718
G0 X118.291 Y111.206
G0 X116.431 Y111.666
G0 X116.509 Y110.97
;TYPE:WALL-OUTER
G1 F3000 X115.731 Y110.886 E93.16132
G1 X114.978 Y110.618 E93.17134
G1 X114.34 Y110.214 E93.18081
G1 X113.788 Y109.661 E93.19061
G1 X113.367 Y108.99 E93.20054
G1 X113.117 Y108.269 E93.21011
G1 X113.033 Y107.492 E93.21991
G1 X113.117 Y106.729 E93.22954
G1 X113.367 Y106.01 E93.23908
G1 X113.779 Y105.351 E93.24883
G1 X114.337 Y104.788 E93.25877
G1 X114.997 Y104.371 E93.26856
G1 X115.731 Y104.114 E93.27831
G1 X116.493 Y104.03 E93.28793
G1 X117.287 Y104.117 E93.29794
G1 X118.008 Y104.371 E93.30753
G1 X118.65 Y104.775 E93.31704
G1 X119.219 Y105.34 E93.3271
G1 X119.638 Y106.009 E93.337
G1 X119.881 Y106.705 E93.34624
G1 X119.974 Y107.492 E93.35618
G1 X119.882 Y108.29 E93.36625
G1 X119.632 Y109.004 E93.37574
G1 X119.228 Y109.647 E93.38526
G1 X118.675 Y110.205 E93.39512
G1 X118.001 Y110.632 E93.40512
G1 X117.287 Y110.883 E93.41461
G1 X116.509 Y110.97 E93.42443
G0 F15000 X116.311 Y110.949
G0 X116.233 Y111.644
G0 X116.011 Y114.06
G0 X115.953 Y114.759
G1 F3000 X117.052 Y114.759 E93.43821
G1 X118.12 Y114.598 E93.45176
G1 X119.424 Y114.195 E93.46887
G1 X120.606 Y113.512 E93.48599
G1 X121.033 Y113.197 E93.49265
G1 X122.046 Y112.257 E93.50998
G1 X122.803 Y111.143 E93.52687
G1 X123.281 Y110.15 E93.54069
G1 X123.601 Y109.115 E93.55427
G1 X123.762 Y108.049 E93.56779
G1 X123.762 Y106.949 E93.58159
G1 X123.559 Y105.614 E93.59852
G1 X123.06 Y104.341 E93.61567
G1 X122.516 Y103.399 E93.62931
G1 X121.843 Y102.556 E93.64283
G1 X121.033 Y101.803 E93.6567
G1 X120.146 Y101.2 E93.67015
G1 X119.153 Y100.721 E93.68398
G1 X118.125 Y100.404 E93.69747
G1 X116.772 Y100.201 E93.71463
G1 X115.42 Y100.304 E93.73163
G1 X114.094 Y100.605 E93.74868
G1 X112.86 Y101.2 E93.76586
G1 X111.748 Y101.954 E93.78271
G1 X110.806 Y102.97 E93.80008
G1 X110.045 Y104.086 E93.81702
G1 X109.547 Y105.355 E93.83412
G1 X109.304 Y106.42 E93.84782
G1 X109.224 Y107.506 E93.86147
G1 X109.304 Y108.58 E93.87498
G1 X109.546 Y109.64 E93.88861
G1 X110.044 Y110.913 E93.90576
G1 X110.806 Y112.03 E93.92271
G1 X111.558 Y112.84 E93.93657
G1 X112.402 Y113.514 E93.95012
G1 X113.584 Y114.197 E93.96724
G1 X114.886 Y114.598 E93.98432
G1 X115.953 Y114.759 E93.99785
M204 S1500
G0 F15000 X116.153 Y114.759
G0 X115.983 Y114.359
;TYPE:WALL-INNER
G1 F3300 X117.022 Y114.359 E94.01088
G1 X118.031 Y114.207 E94.02368
G1 X119.263 Y113.826 E94.03985
G1 X120.596 Y113.055 E94.05916
G1 X121.738 Y111.997 E94.07868
G1 X122.455 Y110.943 E94.09467
G1 X122.907 Y110.004 E94.10774
G1 X123.21 Y109.025 E94.12059
G1 X123.362 Y108.019 E94.13335
G1 X123.362 Y106.979 E94.14639
G1 X123.17 Y105.718 E94.16239
G1 X122.698 Y104.515 E94.17859
G1 X122.185 Y103.625 E94.19147
G1 X121.549 Y102.829 E94.20425
G1 X120.783 Y102.117 E94.21737
G1 X119.946 Y101.548 E94.23006
G1 X119.006 Y101.095 E94.24314
G1 X118.036 Y100.795 E94.25588
G1 X116.759 Y100.604 E94.27207
G1 X115.48 Y100.7 E94.28815
G1 X114.227 Y100.985 E94.30427
G1 X113.06 Y101.548 E94.32052
G1 X112.008 Y102.261 E94.33645
G1 X111.12 Y103.22 E94.35284
G1 X110.399 Y104.279 E94.36891
G1 X109.93 Y105.473 E94.385
G1 X109.701 Y106.48 E94.39795
G1 X109.625 Y107.506 E94.41085
G1 X109.701 Y108.52 E94.4236
G1 X109.929 Y109.522 E94.43649
G1 X110.4 Y110.725 E94.45269
G1 X111.12 Y111.78 E94.46871
G1 X111.831 Y112.546 E94.48181
G1 X112.628 Y113.182 E94.4946
G1 X113.745 Y113.828 E94.51078
G1 X114.975 Y114.207 E94.52692
G1 X115.983 Y114.359 E94.5397
G0 F15000 X116.011 Y114.06
G0 X116.475 Y111.671
G0 X116.509 Y111.37
G1 F3300 X115.642 Y111.276 E94.55064
G1 X114.827 Y110.995 E94.56145
G1 X114.09 Y110.527 E94.5724
G1 X113.474 Y109.909 E94.58334
G1 X113.018 Y109.188 E94.59404
G1 X112.727 Y108.359 E94.60506
G1 X112.629 Y107.506 E94.61582
G1 X112.727 Y106.64 E94.62675
G1 X113.017 Y105.812 E94.63776
G1 X113.473 Y105.087 E94.6485
G1 X114.082 Y104.48 E94.65928
G1 X114.823 Y104.011 E94.67028
G1 X115.643 Y103.724 E94.68117
G1 X116.501 Y103.627 E94.692
G1 X117.367 Y103.72 E94.70292
G1 X118.182 Y104.01 E94.71377
G1 X118.916 Y104.468 E94.72462
G1 X119.533 Y105.09 E94.73561
G1 X119.996 Y105.82 E94.74645
G1 X120.279 Y106.633 E94.75724
G1 X120.374 Y107.492 E94.76808
G1 X120.28 Y108.365 E94.77909
G1 X119.993 Y109.178 E94.7899
G1 X119.538 Y109.907 E94.80068
G1 X118.895 Y110.543 E94.81202
G1 X118.161 Y110.999 E94.82286
G1 X117.361 Y111.28 E94.83349
G1 X116.509 Y111.37 E94.84423
M204 S2000
G0 F15000 X116.442 Y111.969
G1 F1500 E88.34423
;MESH:NONMESH
G0 F600 X116.442 Y111.969 Z3.4
G0 F15000 X118.815 Y110.404
G0 X119.407 Y109.812
G0 X119.849 Y109.108
G0 X120.122 Y108.322
G0 X120.216 Y107.498
G0 X120.12 Y106.672
G0 X117.019 Y100.459
G0 X117.348 Y96.771
;TIME_ELAPSED:259.412425
;LAYER:16
;TYPE:SUPPORT
G1 F1500 E94.84423
G1 F3000 X117.735 Y96.79 E94.84909
G1 X119.101 Y97.041 E94.86651
G1 X120.015 Y97.329 E94.87853
G1 X120.015 Y99.911 E94.91091
G1 X120.682 Y100.232 E94.92019
G1 X121.726 Y100.944 E94.93604
G1 X122.642 Y101.795 E94.95172
G1 X122.682 Y101.845 E94.95252
G1 X123.43 Y102.784 E94.96757
G1 X124.052 Y103.857 E94.98313
G1 X124.524 Y105.075 E94.99951
G1 X124.666 Y105.603 E95.00636
G1 X124.862 Y106.867 E95.0224
G1 X124.862 Y108.125 E95.03818
G1 X124.675 Y109.363 E95.05388
G1 X124.309 Y110.55 E95.06946
G1 X123.76 Y111.695 E95.08538
G1 X123.092 Y112.672 E95.10022
G1 X122.682 Y113.156 E95.10818
G1 X122.682 Y116.322 E95.14788
G1 X121.68 Y116.959 E95.16277
G1 X120.425 Y117.545 E95.18014
G1 X120.015 Y117.675 E95.18553
G1 X120.015 Y115.099 E95.21784
G1 X119.521 Y115.318 E95.22461
G1 X118.357 Y115.673 E95.23988
G1 X117.348 Y115.825 E95.25267
G1 X117.348 Y118.23 E95.28283
G1 X116.316 Y118.279 E95.29579
G1 X114.932 Y118.165 E95.3132
G1 X114.681 Y118.111 E95.31642
G1 X114.681 Y115.679 E95.34692
G1 X114.632 Y115.671 E95.34754
G1 X113.416 Y115.29 E95.36352
G1 X112.81 Y115.021 E95.37184
G1 X112.014 Y114.56 E95.38337
G1 X112.014 Y117.287 E95.41757
G1 X111.003 Y116.772 E95.4318
G1 X109.851 Y115.988 E95.44927
G1 X109.347 Y115.534 E95.45778
G1 X109.347 Y111.846 E95.50403
G1 X109.284 Y111.753 E95.50544
G1 X108.929 Y111.083 E95.51495
G1 X108.492 Y109.97 E95.52994
G1 X108.214 Y108.751 E95.54562
G1 X108.121 Y107.503 E95.56131
G1 X108.214 Y106.246 E95.57712
G1 X108.494 Y105.028 E95.59279
G1 X108.973 Y103.823 E95.60905
G1 X109.276 Y103.259 E95.61708
G1 X109.347 Y103.157 E95.61864
G1 X109.978 Y102.245 E95.63255
G1 X110.83 Y101.332 E95.64821
G1 X111.259 Y100.963 E95.65531
G1 X112.014 Y100.448 E95.66677
G1 X112.014 Y97.713 E95.70106
G1 X112.262 Y97.589 E95.70454
G1 X113.584 Y97.122 E95.72212
G1 X114.681 Y96.888 E95.73619
G1 X114.681 Y99.345 E95.767
G1 X115.254 Y99.212 E95.77438
G1 X116.521 Y99.12 E95.79031
G1 X117.115 Y99.143 E95.79776
G1 X117.348 Y99.177 E95.80072
G1 X117.348 Y96.771 E95.83089
G1 F1500 E89.33089
G0 F15000 X122.682 Y101.845
G1 F1500 E95.83089
G1 F3000 X122.682 Y98.637 E95.87112
G1 X123.945 Y99.7 E95.89182
G1 X125.132 Y100.994 E95.91384
G1 X126.042 Y102.473 E95.93562
G1 X126.607 Y103.733 E95.95293
G1 X127.009 Y105.081 E95.97057
G1 X127.23 Y106.446 E95.98791
G1 X127.277 Y107.861 E96.00567
G1 X127.144 Y109.24 E96.02304
G1 X126.832 Y110.597 E96.0405
G1 X126.6 Y111.273 E96.04947
G1 X126.031 Y112.547 E96.06696
G1 X125.349 Y113.655 E96.08328
G1 X125.349 Y101.347 E96.23763
G1 F1500 E89.73763
G0 F15000 X123.065 Y99.268
G0 X121.766 Y98.383
G0 X120.347 Y97.698
G0 X118.846 Y97.236
G0 X117.344 Y97.01
G0 X116.447 Y96.977
G0 X114.936 Y97.09
G0 X113.454 Y97.427
G0 X112.605 Y97.725
G0 X111.241 Y98.383
G0 X109.984 Y99.238
G0 X109.303 Y99.825
G0 X108.467 Y100.727
G0 X107.578 Y101.952
G0 X109.347 Y103.157
G1 F1500 E96.23763
G1 F3000 X109.347 Y99.465 E96.28392
G1 X108.82 Y99.933 E96.29276
G1 X107.906 Y100.991 E96.3103
G1 X107.147 Y102.145 E96.32762
G1 X106.525 Y103.42 E96.34541
G1 X106.081 Y104.725 E96.36269
G1 X105.811 Y106.095 E96.3802
G1 X105.723 Y107.493 E96.39777
G1 X105.809 Y108.89 E96.41532
G1 X106.076 Y110.246 E96.43265
G1 X106.518 Y111.577 E96.45024
G1 X106.68 Y111.907 E96.45485
G1 X106.68 Y103.102 E96.56527
M204 S3500
G1 F1500 E90.06527
;MESH:The cap.stl
G0 F15000 X110.142 Y104.436
G0 X111.325 Y103.628
;TYPE:FILL
G1 F1500 E96.56527
G1 F4200 X110.082 Y108.267 E96.6255
G1 X110.026 Y107.506 E96.63507
G1 X110.097 Y106.542 E96.64719
G1 X110.314 Y105.59 E96.65943
G1 X110.755 Y104.467 E96.67456
G1 X111.433 Y103.471 E96.68967
G1 X111.93 Y102.932 E96.69887
G1 X113.499 Y104.5 E96.72668
G1 X113.16 Y104.84 E96.7327
G1 X112.642 Y105.656 E96.74482
G1 X112.336 Y106.552 E96.7567
G1 X112.226 Y107.508 E96.76877
G1 X112.355 Y108.61 E96.78268
G1 X110.225 Y109.18 E96.81033
G1 X110.754 Y110.531 E96.82852
G1 X111.433 Y111.528 E96.84365
G1 X112.105 Y112.254 E96.85606
G1 X112.854 Y112.852 E96.86808
G1 X113.906 Y113.459 E96.88331
G1 X114.001 Y113.487 E96.88455
G1 X110.566 Y110.052 E96.94547
G0 F15000 X115.734 Y113.916
G1 F4200 X120.438 Y112.655 E97.00654
G1 X120.356 Y112.733 E97.00796
G1 X119.103 Y113.457 E97.02611
G1 X117.944 Y113.815 E97.04132
G1 X116.99 Y113.959 E97.05342
G1 X116.015 Y113.959 E97.06565
G1 X114.817 Y113.778 E97.08084
G1 X115.386 Y111.653 E97.10843
G1 X116.51 Y111.777 E97.12261
G1 X117.451 Y111.672 E97.13448
G1 X118.362 Y111.352 E97.14659
G1 X119.17 Y110.842 E97.15857
G1 X119.504 Y110.505 E97.16452
G1 X121.068 Y112.07 E97.19227
G1 X121.433 Y111.734 E97.19849
G1 X122.108 Y110.742 E97.21354
G1 X122.534 Y109.857 E97.22585
G1 X122.818 Y108.939 E97.2379
G1 X122.962 Y107.987 E97.24998
G1 X122.962 Y107.011 E97.26222
G1 X122.918 Y106.727 E97.26582
G1 X121.67 Y111.384 E97.32628
G0 F15000 X122.441 Y104.957
G1 F4200 X119.037 Y101.553 E97.38665
G1 X119.749 Y101.897 E97.39657
G1 X120.529 Y102.427 E97.40839
G1 X121.257 Y103.103 E97.42085
G1 X121.854 Y103.851 E97.43285
G1 X122.336 Y104.689 E97.44498
G1 X122.78 Y105.816 E97.46017
G1 X120.619 Y106.395 E97.48822
G1 X120.358 Y105.644 E97.49819
G1 X119.846 Y104.84 E97.51015
G1 X119.165 Y104.152 E97.52229
G1 X118.357 Y103.649 E97.53422
G1 X117.603 Y103.378 E97.54427
G1 X118.181 Y101.222 E97.57226
G1 X117.261 Y101.083 E97.58393
G1 X112.624 Y102.326 E97.64413
G1 X113.262 Y101.895 E97.65379
G1 X114.359 Y101.365 E97.66906
G1 X115.542 Y101.097 E97.68428
G1 X116.738 Y101.006 E97.69932
M204 S429
G0 F15000 X119.721 Y104.937
G0 X120.209 Y105.713
G0 X120.513 Y106.582
G0 X120.618 Y107.498
G0 X120.515 Y108.412
G0 X120.212 Y109.283
G0 X119.722 Y110.063
G0 X119.066 Y110.718
G0 X118.291 Y111.206
G0 X116.431 Y111.666
G0 X116.509 Y110.97
;TYPE:WALL-OUTER
G1 F3000 X115.731 Y110.886 E97.70913
G1 X114.978 Y110.618 E97.71915
G1 X114.34 Y110.214 E97.72862
G1 X113.788 Y109.661 E97.73842
G1 X113.367 Y108.99 E97.74836
G1 X113.117 Y108.269 E97.75793
G1 X113.033 Y107.492 E97.76773
G1 X113.117 Y106.729 E97.77735
G1 X113.367 Y106.01 E97.7869
G1 X113.779 Y105.351 E97.79664
G1 X114.337 Y104.788 E97.80659
G1 X114.997 Y104.371 E97.81638
G1 X115.731 Y104.114 E97.82613
G1 X116.493 Y104.03 E97.83574
G1 X117.287 Y104.117 E97.84576
G1 X118.008 Y104.371 E97.85534
G1 X118.65 Y104.775 E97.86486
G1 X119.219 Y105.34 E97.87491
G1 X119.638 Y106.009 E97.88481
G1 X119.881 Y106.705 E97.89406
G1 X119.974 Y107.492 E97.90399
G1 X119.882 Y108.29 E97.91407
G1 X119.632 Y109.004 E97.92355
G1 X119.228 Y109.647 E97.93308
G1 X118.675 Y110.205 E97.94293
G1 X118.001 Y110.632 E97.95294
G1 X117.287 Y110.883 E97.96243
G1 X116.509 Y110.97 E97.97224
G0 F15000 X116.311 Y110.949
G0 X116.233 Y111.644
G0 X116.011 Y114.06
G0 X115.953 Y114.759
G1 F3000 X117.052 Y114.759 E97.98603
G1 X118.12 Y114.598 E97.99957
G1 X119.424 Y114.195 E98.01669
G1 X120.606 Y113.512 E98.0338
G1 X121.033 Y113.197 E98.04046
G1 X122.046 Y112.257 E98.05779
G1 X122.803 Y111.143 E98.07468
G1 X123.281 Y110.15 E98.0885
G1 X123.601 Y109.115 E98.10208
G1 X123.762 Y108.049 E98.1156
G1 X123.762 Y106.949 E98.1294
G1 X123.559 Y105.614 E98.14633
G1 X123.06 Y104.341 E98.16348
G1 X122.516 Y103.399 E98.17712
G1 X121.843 Y102.556 E98.19065
G1 X121.033 Y101.803 E98.20452
G1 X120.146 Y101.2 E98.21797
G1 X119.153 Y100.721 E98.23179
G1 X118.125 Y100.404 E98.24528
G1 X116.772 Y100.201 E98.26244
G1 X115.42 Y100.304 E98.27944
G1 X114.094 Y100.605 E98.2965
G1 X112.86 Y101.2 E98.31368
G1 X111.748 Y101.954 E98.33052
G1 X110.806 Y102.97 E98.3479
G1 X110.045 Y104.086 E98.36484
G1 X109.547 Y105.355 E98.38193
G1 X109.304 Y106.42 E98.39563
G1 X109.224 Y107.506 E98.40929
G1 X109.304 Y108.58 E98.42279
G1 X109.546 Y109.64 E98.43643
G1 X110.044 Y110.913 E98.45357
G1 X110.806 Y112.03 E98.47053
G1 X111.558 Y112.84 E98.48439
G1 X112.402 Y113.514 E98.49793
G1 X113.584 Y114.197 E98.51505
G1 X114.886 Y114.598 E98.53214
G1 X115.953 Y114.759 E98.54567
M204 S1500
G0 F15000 X116.153 Y114.759
G0 X115.983 Y114.359
;TYPE:WALL-INNER
G1 F3300 X117.022 Y114.359 E98.5587
G1 X118.031 Y114.207 E98.57149
G1 X119.263 Y113.826 E98.58766
G1 X120.596 Y113.055 E98.60698
G1 X121.738 Y111.997 E98.6265
G1 X122.455 Y110.943 E98.64248
G1 X122.907 Y110.004 E98.65555
G1 X123.21 Y109.025 E98.6684
G1 X123.362 Y108.019 E98.68116
G1 X123.362 Y106.979 E98.6942
G1 X123.17 Y105.718 E98.7102
G1 X122.698 Y104.515 E98.72641
G1 X122.185 Y103.625 E98.73929
G1 X121.549 Y102.829 E98.75207
G1 X120.783 Y102.117 E98.76518
G1 X119.946 Y101.548 E98.77787
G1 X119.006 Y101.095 E98.79096
G1 X118.036 Y100.795 E98.80369
G1 X116.759 Y100.604 E98.81988
G1 X115.48 Y100.7 E98.83597
G1 X114.227 Y100.985 E98.85208
G1 X113.06 Y101.548 E98.86833
G1 X112.008 Y102.261 E98.88427
G1 X111.12 Y103.22 E98.90066
G1 X110.399 Y104.279 E98.91672
G1 X109.93 Y105.473 E98.93281
G1 X109.701 Y106.48 E98.94576
G1 X109.625 Y107.506 E98.95866
G1 X109.701 Y108.52 E98.97141
G1 X109.929 Y109.522 E98.9843
G1 X110.4 Y110.725 E99.0005
G1 X111.12 Y111.78 E99.01652
G1 X111.831 Y112.546 E99.02963
G1 X112.628 Y113.182 E99.04241
G1 X113.745 Y113.828 E99.05859
G1 X114.975 Y114.207 E99.07473
G1 X115.983 Y114.359 E99.08752
G0 F15000 X116.011 Y114.06
G0 X116.475 Y111.671
G0 X116.509 Y111.37
G1 F3300 X115.642 Y111.276 E99.09845
G1 X114.827 Y110.995 E99.10926
G1 X114.09 Y110.527 E99.12021
G1 X113.474 Y109.909 E99.13116
G1 X113.018 Y109.188 E99.14185
G1 X112.727 Y108.359 E99.15287
G1 X112.629 Y107.506 E99.16364
G1 X112.727 Y106.64 E99.17457
G1 X113.017 Y105.812 E99.18557
G1 X113.473 Y105.087 E99.19631
G1 X114.082 Y104.48 E99.20709
G1 X114.823 Y104.011 E99.21809
G1 X115.643 Y103.724 E99.22898
G1 X116.501 Y103.627 E99.23981
G1 X117.367 Y103.72 E99.25074
G1 X118.182 Y104.01 E99.26158
G1 X118.916 Y104.468 E99.27243
G1 X119.533 Y105.09 E99.28342
G1 X119.996 Y105.82 E99.29426
G1 X120.279 Y106.633 E99.30506
G1 X120.374 Y107.492 E99.31589
G1 X120.28 Y108.365 E99.3269
G1 X119.993 Y109.178 E99.33772
G1 X119.538 Y109.907 E99.34849
G1 X118.895 Y110.543 E99.35983
G1 X118.161 Y110.999 E99.37067
G1 X117.361 Y111.28 E99.3813
G1 X116.509 Y111.37 E99.39205
M204 S2000
G0 F15000 X116.442 Y111.969
G1 F1500 E92.89205
;MESH:NONMESH
G0 F600 X116.442 Y111.969 Z3.6
G0 F15000 X118.815 Y110.404
G0 X119.407 Y109.812
G0 X119.849 Y109.108
G0 X120.122 Y108.322
G0 X120.216 Y107.498
G0 X120.12 Y106.672
G0 X117.019 Y100.459
G0 X117.348 Y96.771
;TIME_ELAPSED:270.517795
;LAYER:17
;TYPE:SUPPORT
G1 F1500 E99.39205
G1 F3000 X117.735 Y96.79 E99.39691
G1 X119.101 Y97.041 E99.41432
G1 X120.015 Y97.329 E99.42634
G1 X120.015 Y99.911 E99.45872
G1 X120.682 Y100.232 E99.468
G1 X121.726 Y100.944 E99.48385
G1 X122.642 Y101.795 E99.49953
G1 X122.682 Y101.845 E99.50033
G1 X123.43 Y102.784 E99.51539
G1 X124.052 Y103.857 E99.53094
G1 X124.524 Y105.075 E99.54732
G1 X124.666 Y105.603 E99.55418
G1 X124.862 Y106.867 E99.57022
G1 X124.862 Y108.125 E99.58599
G1 X124.675 Y109.363 E99.6017
G1 X124.309 Y110.55 E99.61727
G1 X123.76 Y111.695 E99.6332
G1 X123.092 Y112.672 E99.64804
G1 X122.682 Y113.156 E99.65599
G1 X122.682 Y116.322 E99.6957
G1 X121.68 Y116.959 E99.71059
G1 X120.425 Y117.545 E99.72795
G1 X120.015 Y117.675 E99.73335
G1 X120.015 Y115.099 E99.76565
G1 X119.521 Y115.318 E99.77243
G1 X118.357 Y115.673 E99.78769
G1 X117.348 Y115.825 E99.80049
G1 X117.348 Y118.23 E99.83065
G1 X116.316 Y118.279 E99.8436
G1 X114.932 Y118.165 E99.86102
G1 X114.681 Y118.111 E99.86424
G1 X114.681 Y115.679 E99.89473
G1 X114.632 Y115.671 E99.89536
G1 X113.416 Y115.29 E99.91134
G1 X112.81 Y115.021 E99.91965
G1 X112.014 Y114.56 E99.93119
G1 X112.014 Y117.287 E99.96538
G1 X111.003 Y116.772 E99.97961
G1 X109.851 Y115.988 E99.99709
G1 X109.347 Y115.534 E100.00559
G1 X109.347 Y111.846 E100.05184
G1 X109.284 Y111.753 E100.05325
G1 X108.929 Y111.083 E100.06276
G1 X108.492 Y109.97 E100.07775
G1 X108.214 Y108.751 E100.09343
G1 X108.121 Y107.503 E100.10913
G1 X108.214 Y106.246 E100.12493
G1 X108.494 Y105.028 E100.14061
G1 X108.973 Y103.823 E100.15687
G1 X109.276 Y103.259 E100.1649
G1 X109.347 Y103.157 E100.16645
G1 X109.978 Y102.245 E100.18036
G1 X110.83 Y101.332 E100.19602
G1 X111.259 Y100.963 E100.20312
G1 X112.014 Y100.448 E100.21458
G1 X112.014 Y97.713 E100.24888
G1 X112.262 Y97.589 E100.25235
G1 X113.584 Y97.122 E100.26994
G1 X114.681 Y96.888 E100.284
G1 X114.681 Y99.345 E100.31482
G1 X115.254 Y99.212 E100.32219
G1 X116.521 Y99.12 E100.33812
G1 X117.115 Y99.143 E100.34558
G1 X117.348 Y99.177 E100.34853
G1 X117.348 Y96.771 E100.3787
G1 F1500 E93.8787
G0 F15000 X122.682 Y101.845
G1 F1500 E100.3787
G1 F3000 X122.682 Y98.637 E100.41893
G1 X123.945 Y99.7 E100.43963
G1 X125.132 Y100.994 E100.46165
G1 X126.042 Y102.473 E100.48343
G1 X126.607 Y103.733 E100.50075
G1 X127.009 Y105.081 E100.51839
G1 X127.23 Y106.446 E100.53573
G1 X127.277 Y107.861 E100.55348
G1 X127.144 Y109.24 E100.57086
G1 X126.832 Y110.597 E100.58832
G1 X126.6 Y111.273 E100.59728
G1 X126.031 Y112.547 E100.61478
G1 X125.349 Y113.655 E100.63109
G1 X125.349 Y101.347 E100.78544
G1 F1500 E94.28544
G0 F15000 X123.065 Y99.268
G0 X121.766 Y98.383
G0 X120.347 Y97.698
G0 X118.846 Y97.236
G0 X117.344 Y97.01
G0 X116.447 Y96.977
G0 X114.936 Y97.09
G0 X113.454 Y97.427
G0 X112.605 Y97.725
G0 X111.241 Y98.383
G0 X109.984 Y99.238
G0 X109.303 Y99.825
G0 X108.467 Y100.727
G0 X107.578 Y101.952
G0 X109.347 Y103.157
G1 F1500 E100.78544
G1 F3000 X109.347 Y99.465 E100.83174
G1 X108.82 Y99.933 E100.84058
G1 X107.906 Y100.991 E100.85811
G1 X107.147 Y102.145 E100.87543
G1 X106.525 Y103.42 E100.89322
G1 X106.081 Y104.725 E100.91051
G1 X105.811 Y106.095 E100.92802
G1 X105.723 Y107.493 E100.94558
G1 X105.809 Y108.89 E100.96314
G1 X106.076 Y110.246 E100.98047
G1 X106.518 Y111.577 E100.99806
G1 X106.68 Y111.907 E101.00267
G1 X106.68 Y103.102 E101.11308
M204 S3500
G1 F1500 E94.61308
;MESH:The cap.stl
G0 F15000 X110.142 Y104.436
G0 X111.325 Y103.628
;TYPE:FILL
G1 F1500 E101.11308
G1 F4200 X110.082 Y108.267 E101.17331
G1 X110.026 Y107.506 E101.18288
G1 X110.097 Y106.542 E101.195
G1 X110.314 Y105.59 E101.20725
G1 X110.755 Y104.467 E101.22238
G1 X111.433 Y103.471 E101.23749
G1 X111.93 Y102.932 E101.24668
G1 X113.499 Y104.5 E101.2745
G1 X113.16 Y104.84 E101.28052
G1 X112.642 Y105.656 E101.29264
G1 X112.336 Y106.552 E101.30451
G1 X112.226 Y107.508 E101.31658
G1 X112.355 Y108.61 E101.33049
G1 X110.225 Y109.18 E101.35814
G1 X110.754 Y110.531 E101.37634
G1 X111.433 Y111.528 E101.39146
G1 X112.105 Y112.254 E101.40387
G1 X112.854 Y112.852 E101.41589
G1 X113.906 Y113.459 E101.43112
G1 X114.001 Y113.487 E101.43236
G1 X110.566 Y110.052 E101.49328
G0 F15000 X115.734 Y113.916
G1 F4200 X120.438 Y112.655 E101.55435
G1 X120.356 Y112.733 E101.55577
G1 X119.103 Y113.457 E101.57392
G1 X117.944 Y113.815 E101.58913
G1 X116.99 Y113.959 E101.60123
G1 X116.015 Y113.959 E101.61346
G1 X114.817 Y113.778 E101.62865
G1 X115.386 Y111.653 E101.65624
G1 X116.51 Y111.777 E101.67042
G1 X117.451 Y111.672 E101.68229
G1 X118.362 Y111.352 E101.6944
G1 X119.17 Y110.842 E101.70639
G1 X119.504 Y110.505 E101.71234
G1 X121.068 Y112.07 E101.74008
G1 X121.433 Y111.734 E101.7463
G1 X122.108 Y110.742 E101.76135
G1 X122.534 Y109.857 E101.77367
G1 X122.818 Y108.939 E101.78572
G1 X122.962 Y107.987 E101.79779
G1 X122.962 Y107.011 E101.81003
G1 X122.918 Y106.727 E101.81363
G1 X121.67 Y111.384 E101.8741
G0 F15000 X122.441 Y104.957
G1 F4200 X119.037 Y101.553 E101.93447
G1 X119.749 Y101.897 E101.94438
G1 X120.529 Y102.427 E101.95621
G1 X121.257 Y103.103 E101.96867
G1 X121.854 Y103.851 E101.98067
G1 X122.336 Y104.689 E101.99279
G1 X122.78 Y105.816 E102.00798
G1 X120.619 Y106.395 E102.03604
G1 X120.358 Y105.644 E102.04601
G1 X119.846 Y104.84 E102.05796
G1 X119.165 Y104.152 E102.0701
G1 X118.357 Y103.649 E102.08203
G1 X117.603 Y103.378 E102.09208
G1 X118.181 Y101.222 E102.12007
G1 X117.261 Y101.083 E102.13174
G1 X112.624 Y102.326 E102.19195
G1 X113.262 Y101.895 E102.2016
G1 X114.359 Y101.365 E102.21688
G1 X115.542 Y101.097 E102.23209
G1 X116.738 Y101.006 E102.24713
M204 S429
G0 F15000 X119.721 Y104.937
G0 X120.209 Y105.713
G0 X120.513 Y106.582
G0 X120.618 Y107.498
G0 X120.515 Y108.412
G0 X120.212 Y109.283
G0 X119.722 Y110.063
G0 X119.066 Y110.718
G0 X118.291 Y111.206
G0 X116.431 Y111.666
G0 X116.509 Y110.97
;TYPE:WALL-OUTER
G1 F3000 X115.731 Y110.886 E102.25694
G1 X114.978 Y110.618 E102.26697
G1 X114.34 Y110.214 E102.27644
G1 X113.788 Y109.661 E102.28624
G1 X113.367 Y108.99 E102.29617
G1 X113.117 Y108.269 E102.30574
G1 X113.033 Y107.522 E102.31517
G1 X113.117 Y106.729 E102.32517
G1 X113.367 Y106.01 E102.33471
G1 X113.779 Y105.351 E102.34446
G1 X114.337 Y104.788 E102.3544
G1 X114.997 Y104.371 E102.36419
G1 X115.731 Y104.114 E102.37394
G1 X116.493 Y104.03 E102.38356
G1 X117.287 Y104.117 E102.39357
G1 X118.008 Y104.371 E102.40316
G1 X118.65 Y104.775 E102.41267
G1 X119.219 Y105.34 E102.42273
G1 X119.638 Y106.009 E102.43263
G1 X119.881 Y106.705 E102.44187
G1 X119.974 Y107.492 E102.45181
G1 X119.882 Y108.29 E102.46188
G1 X119.632 Y109.004 E102.47137
G1 X119.228 Y109.647 E102.48089
G1 X118.675 Y110.205 E102.49074
G1 X118.001 Y110.632 E102.50075
G1 X117.287 Y110.883 E102.51024
G1 X116.509 Y110.97 E102.52006
G0 F15000 X116.311 Y110.949
G0 X116.233 Y111.644
G0 X116.011 Y114.06
G0 X115.953 Y114.759
G1 F3000 X117.052 Y114.759 E102.53384
G1 X118.12 Y114.598 E102.54738
G1 X119.424 Y114.195 E102.5645
G1 X120.606 Y113.512 E102.58162
G1 X121.033 Y113.197 E102.58827
G1 X122.046 Y112.257 E102.6056
G1 X122.803 Y111.143 E102.62249
G1 X123.281 Y110.15 E102.63631
G1 X123.601 Y109.115 E102.6499
G1 X123.762 Y108.049 E102.66342
G1 X123.762 Y106.949 E102.67721
G1 X123.559 Y105.614 E102.69415
G1 X123.06 Y104.341 E102.71129
G1 X122.516 Y103.399 E102.72493
G1 X121.843 Y102.556 E102.73846
G1 X121.033 Y101.803 E102.75233
G1 X120.146 Y101.2 E102.76578
G1 X119.153 Y100.721 E102.77961
G1 X118.125 Y100.404 E102.7931
G1 X116.772 Y100.201 E102.81025
G1 X115.42 Y100.304 E102.82726
G1 X114.094 Y100.605 E102.84431
G1 X112.86 Y101.2 E102.86149
G1 X111.748 Y101.954 E102.87834
G1 X110.806 Y102.97 E102.89571
G1 X110.045 Y104.086 E102.91265
G1 X109.547 Y105.355 E102.92975
G1 X109.304 Y106.42 E102.94345
G1 X109.224 Y107.506 E102.9571
G1 X109.304 Y108.58 E102.97061
G1 X109.546 Y109.64 E102.98424
G1 X110.044 Y110.913 E103.00138
G1 X110.806 Y112.03 E103.01834
G1 X111.558 Y112.84 E103.0322
G1 X112.402 Y113.514 E103.04575
G1 X113.584 Y114.197 E103.06286
G1 X114.886 Y114.598 E103.07995
G1 X115.953 Y114.759 E103.09348
M204 S1500
G0 F15000 X116.153 Y114.759
G0 X115.983 Y114.359
;TYPE:WALL-INNER
G1 F3300 X117.022 Y114.359 E103.10651
G1 X118.031 Y114.207 E103.11931
G1 X119.263 Y113.826 E103.13548
G1 X120.596 Y113.055 E103.15479
G1 X121.738 Y111.997 E103.17431
G1 X122.455 Y110.943 E103.1903
G1 X122.907 Y110.004 E103.20337
G1 X123.21 Y109.025 E103.21622
G1 X123.362 Y108.019 E103.22898
G1 X123.362 Y106.979 E103.24202
G1 X123.17 Y105.718 E103.25801
G1 X122.698 Y104.515 E103.27422
G1 X122.185 Y103.625 E103.2871
G1 X121.549 Y102.829 E103.29988
G1 X120.783 Y102.117 E103.31299
G1 X119.946 Y101.548 E103.32569
G1 X119.006 Y101.095 E103.33877
G1 X118.036 Y100.795 E103.3515
G1 X116.759 Y100.604 E103.3677
G1 X115.48 Y100.7 E103.38378
G1 X114.227 Y100.985 E103.3999
G1 X113.06 Y101.548 E103.41614
G1 X112.008 Y102.261 E103.43208
G1 X111.12 Y103.22 E103.44847
G1 X110.399 Y104.279 E103.46454
G1 X109.93 Y105.473 E103.48062
G1 X109.701 Y106.48 E103.49357
G1 X109.625 Y107.506 E103.50648
G1 X109.701 Y108.52 E103.51923
G1 X109.929 Y109.522 E103.53211
G1 X110.4 Y110.725 E103.54832
G1 X111.12 Y111.78 E103.56433
G1 X111.831 Y112.546 E103.57744
G1 X112.628 Y113.182 E103.59023
G1 X113.745 Y113.828 E103.60641
G1 X114.975 Y114.207 E103.62255
G1 X115.983 Y114.359 E103.63533
G0 F15000 X116.011 Y114.06
G0 X116.475 Y111.671
G0 X116.509 Y111.37
G1 F3300 X115.642 Y111.276 E103.64627
G1 X114.827 Y110.995 E103.65708
G1 X114.09 Y110.527 E103.66803
G1 X113.474 Y109.909 E103.67897
G1 X113.018 Y109.188 E103.68967
G1 X112.727 Y108.359 E103.70069
G1 X112.629 Y107.506 E103.71145
G1 X112.727 Y106.64 E103.72238
G1 X113.017 Y105.812 E103.73338
G1 X113.473 Y105.087 E103.74412
G1 X114.082 Y104.48 E103.75491
G1 X114.823 Y104.011 E103.7659
G1 X115.643 Y103.724 E103.7768
G1 X116.501 Y103.627 E103.78763
G1 X117.367 Y103.72 E103.79855
G1 X118.182 Y104.01 E103.8094
G1 X118.916 Y104.468 E103.82025
G1 X119.533 Y105.09 E103.83123
G1 X119.996 Y105.82 E103.84207
G1 X120.279 Y106.633 E103.85287
G1 X120.374 Y107.492 E103.86371
G1 X120.28 Y108.365 E103.87472
G1 X119.993 Y109.178 E103.88553
G1 X119.538 Y109.907 E103.89631
G1 X118.895 Y110.543 E103.90765
G1 X118.161 Y110.999 E103.91848
G1 X117.361 Y111.28 E103.92912
G1 X116.509 Y111.37 E103.93986
M204 S2000
G0 F15000 X116.442 Y111.969
G1 F1500 E97.43986
;MESH:NONMESH
G0 F600 X116.442 Y111.969 Z3.8
G0 F15000 X118.815 Y110.404
G0 X119.407 Y109.812
G0 X119.849 Y109.108
G0 X120.122 Y108.322
G0 X120.216 Y107.498
G0 X120.12 Y106.672
G0 X117.019 Y100.459
G0 X117.348 Y96.771
;TIME_ELAPSED:281.623164
;LAYER:18
;TYPE:SUPPORT
G1 F1500 E103.93986
G1 F3000 X117.735 Y96.79 E103.94472
G1 X119.101 Y97.041 E103.96214
G1 X120.015 Y97.329 E103.97416
G1 X120.015 Y99.911 E104.00653
G1 X120.682 Y100.232 E104.01582
G1 X121.726 Y100.944 E104.03166
G1 X122.642 Y101.795 E104.04734
G1 X122.682 Y101.845 E104.04815
G1 X123.43 Y102.784 E104.0632
G1 X124.052 Y103.857 E104.07875
G1 X124.524 Y105.075 E104.09514
G1 X124.666 Y105.603 E104.10199
G1 X124.862 Y106.867 E104.11803
G1 X124.862 Y108.125 E104.13381
G1 X124.675 Y109.363 E104.14951
G1 X124.309 Y110.55 E104.16509
G1 X123.76 Y111.695 E104.18101
G1 X123.092 Y112.672 E104.19585
G1 X122.682 Y113.156 E104.20381
G1 X122.682 Y116.322 E104.24351
G1 X121.68 Y116.959 E104.2584
G1 X120.425 Y117.545 E104.27577
G1 X120.015 Y117.675 E104.28116
G1 X120.015 Y115.099 E104.31347
G1 X119.521 Y115.318 E104.32024
G1 X118.357 Y115.673 E104.3355
G1 X117.348 Y115.825 E104.3483
G1 X117.348 Y118.23 E104.37846
G1 X116.316 Y118.279 E104.39142
G1 X114.932 Y118.165 E104.40883
G1 X114.681 Y118.111 E104.41205
G1 X114.681 Y115.679 E104.44255
G1 X114.632 Y115.671 E104.44317
G1 X113.416 Y115.29 E104.45915
G1 X112.81 Y115.021 E104.46747
G1 X112.014 Y114.56 E104.479
G1 X112.014 Y117.287 E104.5132
G1 X111.003 Y116.772 E104.52743
G1 X109.851 Y115.988 E104.5449
G1 X109.347 Y115.534 E104.55341
G1 X109.347 Y111.846 E104.59966
G1 X109.284 Y111.753 E104.60107
G1 X108.929 Y111.083 E104.61057
G1 X108.492 Y109.97 E104.62557
G1 X108.214 Y108.751 E104.64125
G1 X108.121 Y107.503 E104.65694
G1 X108.214 Y106.246 E104.67275
G1 X108.494 Y105.028 E104.68842
G1 X108.973 Y103.823 E104.70468
G1 X109.276 Y103.259 E104.71271
G1 X109.347 Y103.157 E104.71427
G1 X109.978 Y102.245 E104.72818
G1 X110.83 Y101.332 E104.74384
G1 X111.259 Y100.963 E104.75093
G1 X112.014 Y100.448 E104.76239
G1 X112.014 Y97.713 E104.79669
G1 X112.262 Y97.589 E104.80017
G1 X113.584 Y97.122 E104.81775
G1 X114.681 Y96.888 E104.83182
G1 X114.681 Y99.345 E104.86263
G1 X115.254 Y99.212 E104.87001
G1 X116.521 Y99.12 E104.88594
G1 X117.115 Y99.143 E104.89339
G1 X117.348 Y99.177 E104.89634
G1 X117.348 Y96.771 E104.92652
G1 F1500 E98.42652
G0 F15000 X122.682 Y101.845
G1 F1500 E104.92652
G1 F3000 X122.682 Y98.637 E104.96675
G1 X123.945 Y99.7 E104.98745
G1 X125.132 Y100.994 E105.00947
G1 X126.042 Y102.473 E105.03124
G1 X126.607 Y103.733 E105.04856
G1 X127.009 Y105.081 E105.0662
G1 X127.23 Y106.446 E105.08354
G1 X127.277 Y107.861 E105.1013
G1 X127.144 Y109.24 E105.11867
G1 X126.832 Y110.597 E105.13613
G1 X126.6 Y111.273 E105.14509
G1 X126.031 Y112.547 E105.16259
G1 X125.349 Y113.655 E105.17891
G1 X125.349 Y101.347 E105.33325
G1 F1500 E98.83325
G0 F15000 X123.065 Y99.268
G0 X121.766 Y98.383
G0 X120.347 Y97.698
G0 X118.846 Y97.236
G0 X117.344 Y97.01
G0 X116.447 Y96.977
G0 X114.936 Y97.09
G0 X113.454 Y97.427
G0 X112.605 Y97.725
G0 X111.241 Y98.383
G0 X109.984 Y99.238
G0 X109.303 Y99.825
G0 X108.467 Y100.727
G0 X107.578 Y101.952
G0 X109.347 Y103.157
G1 F1500 E105.33325
G1 F3000 X109.347 Y99.465 E105.37955
G1 X108.82 Y99.933 E105.38839
G1 X107.906 Y100.991 E105.40592
G1 X107.147 Y102.145 E105.42325
G1 X106.525 Y103.42 E105.44104
G1 X106.081 Y104.725 E105.45832
G1 X105.811 Y106.095 E105.47583
G1 X105.723 Y107.493 E105.4934
G1 X105.809 Y108.89 E105.51095
G1 X106.076 Y110.246 E105.52828
G1 X106.518 Y111.577 E105.54587
G1 X106.68 Y111.907 E105.55048
G1 X106.68 Y103.102 E105.6609
M204 S3500
G1 F1500 E99.1609
;MESH:The cap.stl
G0 F15000 X110.142 Y104.436
G0 X111.325 Y103.628
;TYPE:FILL
G1 F1500 E105.6609
G1 F4200 X110.082 Y108.267 E105.72112
G1 X110.026 Y107.506 E105.73069
G1 X110.097 Y106.542 E105.74282
G1 X110.314 Y105.59 E105.75506
G1 X110.755 Y104.467 E105.77019
G1 X111.433 Y103.471 E105.7853
G1 X111.93 Y102.932 E105.79449
G1 X113.499 Y104.5 E105.82231
G1 X113.16 Y104.84 E105.82833
G1 X112.642 Y105.656 E105.84045
G1 X112.336 Y106.552 E105.85233
G1 X112.226 Y107.508 E105.86439
G1 X112.355 Y108.61 E105.87831
G1 X110.225 Y109.18 E105.90596
G1 X110.754 Y110.531 E105.92415
G1 X111.433 Y111.528 E105.93928
G1 X112.105 Y112.254 E105.95168
G1 X112.854 Y112.852 E105.9637
G1 X113.906 Y113.459 E105.97893
G1 X114.001 Y113.487 E105.98018
G1 X110.566 Y110.052 E106.0411
G0 F15000 X115.734 Y113.916
G1 F4200 X120.438 Y112.655 E106.10217
G1 X120.356 Y112.733 E106.10359
G1 X119.103 Y113.457 E106.12174
G1 X117.944 Y113.815 E106.13695
G1 X116.99 Y113.959 E106.14905
G1 X116.015 Y113.959 E106.16127
G1 X114.817 Y113.778 E106.17647
G1 X115.386 Y111.653 E106.20405
G1 X116.51 Y111.777 E106.21823
G1 X117.451 Y111.672 E106.23011
G1 X118.362 Y111.352 E106.24222
G1 X119.17 Y110.842 E106.2542
G1 X119.504 Y110.505 E106.26015
G1 X121.068 Y112.07 E106.2879
G1 X121.433 Y111.734 E106.29412
G1 X122.108 Y110.742 E106.30916
G1 X122.534 Y109.857 E106.32148
G1 X122.818 Y108.939 E106.33353
G1 X122.962 Y107.987 E106.34561
G1 X122.962 Y107.011 E106.35784
G1 X122.918 Y106.727 E106.36145
G1 X121.67 Y111.384 E106.42191
G0 F15000 X122.441 Y104.957
G1 F4200 X119.037 Y101.553 E106.48228
G1 X119.749 Y101.897 E106.4922
G1 X120.529 Y102.427 E106.50402
G1 X121.257 Y103.103 E106.51648
G1 X121.854 Y103.851 E106.52848
G1 X122.336 Y104.689 E106.5406
G1 X122.78 Y105.816 E106.55579
G1 X120.619 Y106.395 E106.58385
G1 X120.358 Y105.644 E106.59382
G1 X119.846 Y104.84 E106.60577
G1 X119.165 Y104.152 E106.61791
G1 X118.357 Y103.649 E106.62985
G1 X117.603 Y103.378 E106.6399
G1 X118.181 Y101.222 E106.66789
G1 X117.261 Y101.083 E106.67956
G1 X112.624 Y102.326 E106.73976
G1 X113.262 Y101.895 E106.74941
G1 X114.359 Y101.365 E106.76469
G1 X115.542 Y101.097 E106.7799
G1 X116.738 Y101.006 E106.79495
M204 S429
G0 F15000 X119.721 Y104.937
G0 X120.209 Y105.713
G0 X120.513 Y106.582
G0 X120.618 Y107.498
G0 X120.515 Y108.412
G0 X120.212 Y109.283
G0 X119.722 Y110.063
G0 X119.066 Y110.718
G0 X118.291 Y111.206
G0 X116.431 Y111.666
G0 X116.509 Y110.97
;TYPE:WALL-OUTER
G1 F3000 X115.731 Y110.886 E106.80476
G1 X114.978 Y110.618 E106.81478
G1 X114.34 Y110.214 E106.82425
G1 X113.788 Y109.661 E106.83405
G1 X113.367 Y108.99 E106.84398
G1 X113.117 Y108.269 E106.85355
G1 X113.033 Y107.522 E106.86298
G1 X113.117 Y106.729 E106.87298
G1 X113.367 Y106.01 E106.88253
G1 X113.779 Y105.351 E106.89227
G1 X114.337 Y104.788 E106.90221
G1 X114.997 Y104.371 E106.912
G1 X115.731 Y104.114 E106.92176
G1 X116.493 Y104.03 E106.93137
G1 X117.287 Y104.117 E106.94139
G1 X118.008 Y104.371 E106.95097
G1 X118.65 Y104.775 E106.96048
G1 X119.219 Y105.34 E106.97054
G1 X119.638 Y106.009 E106.98044
G1 X119.881 Y106.705 E106.98968
G1 X119.974 Y107.492 E106.99962
G1 X119.882 Y108.29 E107.0097
G1 X119.632 Y109.004 E107.01918
G1 X119.228 Y109.647 E107.02871
G1 X118.675 Y110.205 E107.03856
G1 X118.001 Y110.632 E107.04856
G1 X117.287 Y110.883 E107.05805
G1 X116.509 Y110.97 E107.06787
G0 F15000 X116.311 Y110.949
G0 X116.233 Y111.644
G0 X116.011 Y114.06
G0 X115.953 Y114.759
G1 F3000 X117.052 Y114.759 E107.08165
G1 X118.12 Y114.598 E107.0952
G1 X119.424 Y114.195 E107.11231
G1 X120.606 Y113.512 E107.12943
G1 X121.033 Y113.197 E107.13609
G1 X122.046 Y112.257 E107.15342
G1 X122.803 Y111.143 E107.17031
G1 X123.281 Y110.15 E107.18413
G1 X123.601 Y109.115 E107.19771
G1 X123.762 Y108.049 E107.21123
G1 X123.762 Y106.949 E107.22503
G1 X123.559 Y105.614 E107.24196
G1 X123.06 Y104.341 E107.25911
G1 X122.516 Y103.399 E107.27275
G1 X121.843 Y102.556 E107.28628
G1 X121.033 Y101.803 E107.30014
G1 X120.146 Y101.2 E107.31359
G1 X119.153 Y100.721 E107.32742
G1 X118.125 Y100.404 E107.34091
G1 X116.772 Y100.201 E107.35807
G1 X115.42 Y100.304 E107.37507
G1 X114.094 Y100.605 E107.39212
G1 X112.86 Y101.2 E107.4093
G1 X111.748 Y101.954 E107.42615
G1 X110.806 Y102.97 E107.44353
G1 X110.045 Y104.086 E107.46047
G1 X109.547 Y105.355 E107.47756
G1 X109.304 Y106.42 E107.49126
G1 X109.224 Y107.506 E107.50492
G1 X109.304 Y108.58 E107.51842
G1 X109.546 Y109.64 E107.53206
G1 X110.044 Y110.913 E107.5492
G1 X110.806 Y112.03 E107.56615
G1 X111.558 Y112.84 E107.58001
G1 X112.402 Y113.514 E107.59356
G1 X113.584 Y114.197 E107.61068
G1 X114.886 Y114.598 E107.62776
G1 X115.953 Y114.759 E107.6413
M204 S1500
G0 F15000 X116.153 Y114.759
G0 X115.983 Y114.359
;TYPE:WALL-INNER
G1 F3300 X117.022 Y114.359 E107.65432
G1 X118.031 Y114.207 E107.66712
G1 X119.263 Y113.826 E107.68329
G1 X120.596 Y113.055 E107.7026
G1 X121.738 Y111.997 E107.72213
G1 X122.455 Y110.943 E107.73811
G1 X122.907 Y110.004 E107.75118
G1 X123.21 Y109.025 E107.76403
G1 X123.362 Y108.019 E107.77679
G1 X123.362 Y106.979 E107.78983
G1 X123.17 Y105.718 E107.80583
G1 X122.698 Y104.515 E107.82203
G1 X122.185 Y103.625 E107.83492
G1 X121.549 Y102.829 E107.84769
G1 X120.783 Y102.117 E107.86081
G1 X119.946 Y101.548 E107.8735
G1 X119.006 Y101.095 E107.88659
G1 X118.036 Y100.795 E107.89932
G1 X116.759 Y100.604 E107.91551
G1 X115.48 Y100.7 E107.93159
G1 X114.227 Y100.985 E107.94771
G1 X113.06 Y101.548 E107.96396
G1 X112.008 Y102.261 E107.97989
G1 X111.12 Y103.22 E107.99628
G1 X110.399 Y104.279 E108.01235
G1 X109.93 Y105.473 E108.02844
G1 X109.701 Y106.48 E108.04139
G1 X109.625 Y107.506 E108.05429
G1 X109.701 Y108.52 E108.06704
G1 X109.929 Y109.522 E108.07993
G1 X110.4 Y110.725 E108.09613
G1 X111.12 Y111.78 E108.11215
G1 X111.831 Y112.546 E108.12525
G1 X112.628 Y113.182 E108.13804
G1 X113.745 Y113.828 E108.15422
G1 X114.975 Y114.207 E108.17036
G1 X115.983 Y114.359 E108.18315
G0 F15000 X116.011 Y114.06
G0 X116.475 Y111.671
G0 X116.509 Y111.37
G1 F3300 X115.642 Y111.276 E108.19408
G1 X114.827 Y110.995 E108.20489
G1 X114.09 Y110.527 E108.21584
G1 X113.474 Y109.909 E108.22678
G1 X113.018 Y109.188 E108.23748
G1 X112.727 Y108.359 E108.2485
G1 X112.629 Y107.506 E108.25927
G1 X112.727 Y106.64 E108.2702
G1 X113.017 Y105.812 E108.2812
G1 X113.473 Y105.087 E108.29194
G1 X114.082 Y104.48 E108.30272
G1 X114.823 Y104.011 E108.31372
G1 X115.643 Y103.724 E108.32461
G1 X116.501 Y103.627 E108.33544
G1 X117.367 Y103.72 E108.34636
G1 X118.182 Y104.01 E108.35721
G1 X118.916 Y104.468 E108.36806
G1 X119.533 Y105.09 E108.37905
G1 X119.996 Y105.82 E108.38989
G1 X120.279 Y106.633 E108.40068
G1 X120.374 Y107.492 E108.41152
G1 X120.28 Y108.365 E108.42253
G1 X119.993 Y109.178 E108.43334
G1 X119.538 Y109.907 E108.44412
G1 X118.895 Y110.543 E108.45546
G1 X118.161 Y110.999 E108.4663
G1 X117.361 Y111.28 E108.47693
G1 X116.509 Y111.37 E108.48768
M204 S2000
G0 F15000 X116.442 Y111.969
G1 F1500 E101.98768
;MESH:NONMESH
G0 F600 X116.442 Y111.969 Z4
G0 F15000 X118.815 Y110.404
G0 X119.407 Y109.812
G0 X119.849 Y109.108
G0 X120.122 Y108.322
G0 X120.216 Y107.498
G0 X120.12 Y106.672
G0 X117.019 Y100.459
G0 X117.348 Y96.771
;TIME_ELAPSED:292.728534
;LAYER:19
;TYPE:SUPPORT
G1 F1500 E108.48768
G1 F3000 X117.735 Y96.79 E108.49253
G1 X119.101 Y97.041 E108.50995
G1 X120.015 Y97.329 E108.52197
G1 X120.015 Y99.911 E108.55435
G1 X120.682 Y100.232 E108.56363
G1 X121.726 Y100.944 E108.57948
G1 X122.642 Y101.795 E108.59516
G1 X122.682 Y101.845 E108.59596
G1 X123.43 Y102.784 E108.61102
G1 X124.052 Y103.857 E108.62657
G1 X124.524 Y105.075 E108.64295
G1 X124.666 Y105.603 E108.64981
G1 X124.862 Y106.867 E108.66585
G1 X124.862 Y108.125 E108.68162
G1 X124.675 Y109.363 E108.69732
G1 X124.309 Y110.55 E108.7129
G1 X123.76 Y111.695 E108.72882
G1 X123.092 Y112.672 E108.74367
G1 X122.682 Y113.156 E108.75162
G1 X122.682 Y116.322 E108.79132
G1 X121.68 Y116.959 E108.80621
G1 X120.425 Y117.545 E108.82358
G1 X120.015 Y117.675 E108.82898
G1 X120.015 Y115.099 E108.86128
G1 X119.521 Y115.318 E108.86806
G1 X118.357 Y115.673 E108.88332
G1 X117.348 Y115.825 E108.89611
G1 X117.348 Y118.23 E108.92627
G1 X116.316 Y118.279 E108.93923
G1 X114.932 Y118.165 E108.95664
G1 X114.681 Y118.111 E108.95986
G1 X114.681 Y115.679 E108.99036
G1 X114.632 Y115.671 E108.99098
G1 X113.416 Y115.29 E109.00696
G1 X112.81 Y115.021 E109.01528
G1 X112.014 Y114.56 E109.02681
G1 X112.014 Y117.287 E109.06101
G1 X111.003 Y116.772 E109.07524
G1 X109.851 Y115.988 E109.09271
G1 X109.347 Y115.534 E109.10122
G1 X109.347 Y111.846 E109.14747
G1 X109.284 Y111.753 E109.14888
G1 X108.929 Y111.083 E109.15839
G1 X108.492 Y109.97 E109.17338
G1 X108.214 Y108.751 E109.18906
G1 X108.121 Y107.503 E109.20476
G1 X108.214 Y106.246 E109.22056
G1 X108.494 Y105.028 E109.23623
G1 X108.973 Y103.823 E109.2525
G1 X109.276 Y103.259 E109.26052
G1 X109.347 Y103.157 E109.26208
G1 X109.978 Y102.245 E109.27599
G1 X110.83 Y101.332 E109.29165
G1 X111.259 Y100.963 E109.29875
G1 X112.014 Y100.448 E109.31021
G1 X112.014 Y97.713 E109.34451
G1 X112.262 Y97.589 E109.34798
G1 X113.584 Y97.122 E109.36556
G1 X114.681 Y96.888 E109.37963
G1 X114.681 Y99.345 E109.41044
G1 X115.254 Y99.212 E109.41782
G1 X116.521 Y99.12 E109.43375
G1 X117.115 Y99.143 E109.4412
G1 X117.348 Y99.177 E109.44416
G1 X117.348 Y96.771 E109.47433
G1 F1500 E102.97433
G0 F15000 X122.682 Y101.845
G1 F1500 E109.47433
G1 F3000 X122.682 Y98.637 E109.51456
G1 X123.945 Y99.7 E109.53526
G1 X125.132 Y100.994 E109.55728
G1 X126.042 Y102.473 E109.57906
G1 X126.607 Y103.733 E109.59637
G1 X127.009 Y105.081 E109.61401
G1 X127.23 Y106.446 E109.63136
G1 X127.277 Y107.861 E109.64911
G1 X127.144 Y109.24 E109.66648
G1 X126.832 Y110.597 E109.68394
G1 X126.6 Y111.273 E109.69291
G1 X126.031 Y112.547 E109.7104
G1 X125.349 Y113.655 E109.72672
G1 X125.349 Y101.347 E109.88107
G1 F1500 E103.38107
G0 F15000 X123.065 Y99.268
G0 X121.766 Y98.383
G0 X120.347 Y97.698
G0 X118.846 Y97.236
G0 X117.344 Y97.01
G0 X116.447 Y96.977
G0 X114.936 Y97.09
G0 X113.454 Y97.427
G0 X112.605 Y97.725
G0 X111.241 Y98.383
G0 X109.984 Y99.238
G0 X109.303 Y99.825
G0 X108.467 Y100.727
G0 X107.578 Y101.952
G0 X109.347 Y103.157
G1 F1500 E109.88107
G1 F3000 X109.347 Y99.465 E109.92737
G1 X108.82 Y99.933 E109.9362
G1 X107.906 Y100.991 E109.95374
G1 X107.147 Y102.145 E109.97106
G1 X106.525 Y103.42 E109.98885
G1 X106.081 Y104.725 E110.00614
G1 X105.811 Y106.095 E110.02365
G1 X105.723 Y107.493 E110.04121
G1 X105.809 Y108.89 E110.05876
G1 X106.076 Y110.246 E110.0761
G1 X106.518 Y111.577 E110.09368
G1 X106.68 Y111.907 E110.09829
G1 X106.68 Y103.102 E110.20871
M204 S3500
G1 F1500 E103.70871
;MESH:The cap.stl
G0 F15000 X110.142 Y104.436
G0 X111.325 Y103.628
;TYPE:FILL
G1 F1500 E110.20871
G1 F4200 X110.082 Y108.267 E110.26894
G1 X110.026 Y107.506 E110.27851
G1 X110.097 Y106.542 E110.29063
G1 X110.314 Y105.59 E110.30287
G1 X110.755 Y104.467 E110.318
G1 X111.433 Y103.471 E110.33311
G1 X111.93 Y102.932 E110.34231
G1 X113.499 Y104.5 E110.37012
G1 X113.16 Y104.84 E110.37614
G1 X112.642 Y105.656 E110.38827
G1 X112.336 Y106.552 E110.40014
G1 X112.226 Y107.508 E110.41221
G1 X112.355 Y108.61 E110.42612
G1 X110.225 Y109.18 E110.45377
G1 X110.754 Y110.531 E110.47197
G1 X111.433 Y111.528 E110.48709
G1 X112.105 Y112.254 E110.4995
G1 X112.854 Y112.852 E110.51152
G1 X113.906 Y113.459 E110.52675
G1 X114.001 Y113.487 E110.52799
G1 X110.566 Y110.052 E110.58891
G0 F15000 X115.734 Y113.916
G1 F4200 X120.438 Y112.655 E110.64998
G1 X120.356 Y112.733 E110.6514
G1 X119.103 Y113.457 E110.66955
G1 X117.944 Y113.815 E110.68476
G1 X116.99 Y113.959 E110.69686
G1 X116.015 Y113.959 E110.70909
G1 X114.817 Y113.778 E110.72428
G1 X115.386 Y111.653 E110.75187
G1 X116.51 Y111.777 E110.76605
G1 X117.451 Y111.672 E110.77792
G1 X118.362 Y111.352 E110.79003
G1 X119.17 Y110.842 E110.80201
G1 X119.504 Y110.505 E110.80796
G1 X121.068 Y112.07 E110.83571
G1 X121.433 Y111.734 E110.84193
G1 X122.108 Y110.742 E110.85698
G1 X122.534 Y109.857 E110.86929
G1 X122.818 Y108.939 E110.88135
G1 X122.962 Y107.987 E110.89342
G1 X122.962 Y107.011 E110.90566
G1 X122.918 Y106.727 E110.90926
G1 X121.67 Y111.384 E110.96972
G0 F15000 X122.441 Y104.957
G1 F4200 X119.037 Y101.553 E111.03009
G1 X119.749 Y101.897 E111.04001
G1 X120.529 Y102.427 E111.05184
G1 X121.257 Y103.103 E111.06429
G1 X121.854 Y103.851 E111.07629
G1 X122.336 Y104.689 E111.08842
G1 X122.78 Y105.816 E111.10361
G1 X120.619 Y106.395 E111.13166
G1 X120.358 Y105.644 E111.14163
G1 X119.846 Y104.84 E111.15359
G1 X119.165 Y104.152 E111.16573
G1 X118.357 Y103.649 E111.17766
G1 X117.603 Y103.378 E111.18771
G1 X118.181 Y101.222 E111.2157
G1 X117.261 Y101.083 E111.22737
G1 X112.624 Y102.326 E111.28757
G1 X113.262 Y101.895 E111.29723
G1 X114.359 Y101.365 E111.31251
G1 X115.542 Y101.097 E111.32772
G1 X116.738 Y101.006 E111.34276
M204 S429
G0 F15000 X119.721 Y104.937
G0 X120.209 Y105.713
G0 X120.513 Y106.582
G0 X120.618 Y107.498
G0 X120.515 Y108.412
G0 X120.212 Y109.283
G0 X119.722 Y110.063
G0 X119.066 Y110.718
G0 X118.291 Y111.206
G0 X116.431 Y111.666
G0 X116.509 Y110.97
;TYPE:WALL-OUTER
G1 F3000 X115.731 Y110.886 E111.35257
G1 X114.978 Y110.618 E111.3626
G1 X114.34 Y110.214 E111.37207
G1 X113.788 Y109.661 E111.38186
G1 X113.367 Y108.99 E111.3918
G1 X113.117 Y108.269 E111.40137
G1 X113.033 Y107.492 E111.41117
G1 X113.117 Y106.729 E111.42079
G1 X113.367 Y106.01 E111.43034
G1 X113.779 Y105.351 E111.44009
G1 X114.337 Y104.788 E111.45003
G1 X114.997 Y104.371 E111.45982
G1 X115.731 Y104.114 E111.46957
G1 X116.493 Y104.03 E111.47918
G1 X117.287 Y104.117 E111.4892
G1 X118.008 Y104.371 E111.49879
G1 X118.65 Y104.775 E111.5083
G1 X119.219 Y105.34 E111.51835
G1 X119.638 Y106.009 E111.52825
G1 X119.881 Y106.705 E111.5375
G1 X119.974 Y107.492 E111.54744
G1 X119.882 Y108.29 E111.55751
G1 X119.632 Y109.004 E111.567
G1 X119.228 Y109.647 E111.57652
G1 X118.675 Y110.205 E111.58637
G1 X118.001 Y110.632 E111.59638
G1 X117.287 Y110.883 E111.60587
G1 X116.509 Y110.97 E111.61568
G0 F15000 X116.311 Y110.949
G0 X116.233 Y111.644
G0 X116.011 Y114.06
G0 X115.953 Y114.759
G1 F3000 X117.052 Y114.759 E111.62947
G1 X118.12 Y114.598 E111.64301
G1 X119.424 Y114.195 E111.66013
G1 X120.606 Y113.512 E111.67725
G1 X121.033 Y113.197 E111.6839
G1 X122.046 Y112.257 E111.70123
G1 X122.803 Y111.143 E111.71812
G1 X123.281 Y110.15 E111.73194
G1 X123.601 Y109.115 E111.74553
G1 X123.762 Y108.049 E111.75905
G1 X123.762 Y106.949 E111.77284
G1 X123.559 Y105.614 E111.78977
G1 X123.06 Y104.341 E111.80692
G1 X122.516 Y103.399 E111.82056
G1 X121.843 Y102.556 E111.83409
G1 X121.033 Y101.803 E111.84796
G1 X120.146 Y101.2 E111.86141
G1 X119.153 Y100.721 E111.87523
G1 X118.125 Y100.404 E111.88872
G1 X116.772 Y100.201 E111.90588
G1 X115.42 Y100.304 E111.92289
G1 X114.094 Y100.605 E111.93994
G1 X112.86 Y101.2 E111.95712
G1 X111.748 Y101.954 E111.97397
G1 X110.806 Y102.97 E111.99134
G1 X110.045 Y104.086 E112.00828
G1 X109.547 Y105.355 E112.02537
G1 X109.304 Y106.42 E112.03907
G1 X109.224 Y107.506 E112.05273
G1 X109.304 Y108.58 E112.06623
G1 X109.546 Y109.64 E112.07987
G1 X110.044 Y110.913 E112.09701
G1 X110.806 Y112.03 E112.11397
G1 X111.558 Y112.84 E112.12783
G1 X112.402 Y113.514 E112.14137
G1 X113.584 Y114.197 E112.15849
G1 X114.886 Y114.598 E112.17558
G1 X115.953 Y114.759 E112.18911
M204 S1500
G0 F15000 X116.153 Y114.759
G0 X115.983 Y114.359
;TYPE:WALL-INNER
G1 F3300 X117.022 Y114.359 E112.20214
G1 X118.031 Y114.207 E112.21493
G1 X119.263 Y113.826 E112.23111
G1 X120.596 Y113.055 E112.25042
G1 X121.738 Y111.997 E112.26994
G1 X122.455 Y110.943 E112.28593
G1 X122.907 Y110.004 E112.29899
G1 X123.21 Y109.025 E112.31185
G1 X123.362 Y108.019 E112.3246
G1 X123.362 Y106.979 E112.33765
G1 X123.17 Y105.718 E112.35364
G1 X122.698 Y104.515 E112.36985
G1 X122.185 Y103.625 E112.38273
G1 X121.549 Y102.829 E112.39551
G1 X120.783 Y102.117 E112.40862
G1 X119.946 Y101.548 E112.42131
G1 X119.006 Y101.095 E112.4344
G1 X118.036 Y100.795 E112.44713
G1 X116.759 Y100.604 E112.46332
G1 X115.48 Y100.7 E112.47941
G1 X114.227 Y100.985 E112.49552
G1 X113.06 Y101.548 E112.51177
G1 X112.008 Y102.261 E112.52771
G1 X111.12 Y103.22 E112.5441
G1 X110.399 Y104.279 E112.56016
G1 X109.93 Y105.473 E112.57625
G1 X109.701 Y106.48 E112.5892
G1 X109.625 Y107.506 E112.6021
G1 X109.701 Y108.52 E112.61486
G1 X109.929 Y109.522 E112.62774
G1 X110.4 Y110.725 E112.64394
G1 X111.12 Y111.78 E112.65996
G1 X111.831 Y112.546 E112.67307
G1 X112.628 Y113.182 E112.68585
G1 X113.745 Y113.828 E112.70204
G1 X114.975 Y114.207 E112.71818
G1 X115.983 Y114.359 E112.73096
G0 F15000 X116.011 Y114.06
G0 X116.475 Y111.671
G0 X116.509 Y111.37
G1 F3300 X115.642 Y111.276 E112.7419
G1 X114.827 Y110.995 E112.75271
G1 X114.09 Y110.527 E112.76365
G1 X113.474 Y109.909 E112.7746
G1 X113.018 Y109.188 E112.78529
G1 X112.727 Y108.359 E112.79631
G1 X112.629 Y107.506 E112.80708
G1 X112.727 Y106.64 E112.81801
G1 X113.017 Y105.812 E112.82901
G1 X113.473 Y105.087 E112.83975
G1 X114.082 Y104.48 E112.85053
G1 X114.823 Y104.011 E112.86153
G1 X115.643 Y103.724 E112.87243
G1 X116.501 Y103.627 E112.88325
G1 X117.367 Y103.72 E112.89418
G1 X118.182 Y104.01 E112.90503
G1 X118.916 Y104.468 E112.91587
G1 X119.533 Y105.09 E112.92686
G1 X119.996 Y105.82 E112.9377
G1 X120.279 Y106.633 E112.9485
G1 X120.374 Y107.492 E112.95934
G1 X120.28 Y108.365 E112.97035
G1 X119.993 Y109.178 E112.98116
G1 X119.538 Y109.907 E112.99193
G1 X118.895 Y110.543 E113.00328
G1 X118.161 Y110.999 E113.01411
G1 X117.361 Y111.28 E113.02475
G1 X116.509 Y111.37 E113.03549
M204 S2000
G0 F15000 X116.442 Y111.969
G1 F1500 E106.53549
;MESH:NONMESH
G0 F600 X116.442 Y111.969 Z4.2
G0 F15000 X118.815 Y110.404
G0 X119.407 Y109.812
G0 X119.849 Y109.108
G0 X120.122 Y108.322
G0 X120.216 Y107.498
G0 X120.12 Y106.672
G0 X117.019 Y100.459
G0 X117.348 Y96.771
;TIME_ELAPSED:303.833904
;LAYER:20
;TYPE:SUPPORT
G1 F1500 E113.03549
G1 F3000 X117.735 Y96.79 E113.04035
G1 X119.101 Y97.041 E113.05777
G1 X120.015 Y97.329 E113.06978
G1 X120.015 Y99.911 E113.10216
G1 X120.682 Y100.232 E113.11144
G1 X121.726 Y100.944 E113.12729
G1 X122.642 Y101.795 E113.14297
G1 X122.682 Y101.845 E113.14377
G1 X123.43 Y102.784 E113.15883
G1 X124.052 Y103.857 E113.17438
G1 X124.524 Y105.075 E113.19076
G1 X124.666 Y105.603 E113.19762
G1 X124.862 Y106.867 E113.21366
G1 X124.862 Y108.125 E113.22944
G1 X124.675 Y109.363 E113.24514
G1 X124.309 Y110.55 E113.26071
G1 X123.76 Y111.695 E113.27664
G1 X123.092 Y112.672 E113.29148
G1 X122.682 Y113.156 E113.29943
G1 X122.682 Y116.322 E113.33914
G1 X121.68 Y116.959 E113.35403
G1 X120.425 Y117.545 E113.3714
G1 X120.015 Y117.675 E113.37679
G1 X120.015 Y115.099 E113.40909
G1 X119.521 Y115.318 E113.41587
G1 X118.357 Y115.673 E113.43113
G1 X117.348 Y115.825 E113.44393
G1 X117.348 Y118.23 E113.47409
G1 X116.316 Y118.279 E113.48704
G1 X114.932 Y118.165 E113.50446
G1 X114.681 Y118.111 E113.50768
G1 X114.681 Y115.679 E113.53818
G1 X114.632 Y115.671 E113.5388
G1 X113.416 Y115.29 E113.55478
G1 X112.81 Y115.021 E113.56309
G1 X112.014 Y114.56 E113.57463
G1 X112.014 Y117.287 E113.60883
G1 X111.003 Y116.772 E113.62305
G1 X109.851 Y115.988 E113.64053
G1 X109.347 Y115.534 E113.64904
G1 X109.347 Y111.846 E113.69528
G1 X109.284 Y111.753 E113.69669
G1 X108.929 Y111.083 E113.7062
G1 X108.492 Y109.97 E113.7212
G1 X108.214 Y108.751 E113.73688
G1 X108.121 Y107.503 E113.75257
G1 X108.214 Y106.246 E113.76838
G1 X108.494 Y105.028 E113.78405
G1 X108.973 Y103.823 E113.80031
G1 X109.276 Y103.259 E113.80834
G1 X109.347 Y103.157 E113.8099
G1 X109.978 Y102.245 E113.8238
G1 X110.83 Y101.332 E113.83946
G1 X111.259 Y100.963 E113.84656
G1 X112.014 Y100.448 E113.85802
G1 X112.014 Y97.713 E113.89232
G1 X112.262 Y97.589 E113.8958
G1 X113.584 Y97.122 E113.91338
G1 X114.681 Y96.888 E113.92745
G1 X114.681 Y99.345 E113.95826
G1 X115.254 Y99.212 E113.96563
G1 X116.521 Y99.12 E113.98156
G1 X117.115 Y99.143 E113.98902
G1 X117.348 Y99.177 E113.99197
G1 X117.348 Y96.771 E114.02214
G1 F1500 E107.52214
G0 F15000 X122.682 Y101.845
G1 F1500 E114.02214
G1 F3000 X122.682 Y98.637 E114.06237
G1 X123.945 Y99.7 E114.08307
G1 X125.132 Y100.994 E114.10509
G1 X126.042 Y102.473 E114.12687
G1 X126.607 Y103.733 E114.14419
G1 X127.009 Y105.081 E114.16183
G1 X127.23 Y106.446 E114.17917
G1 X127.277 Y107.861 E114.19692
G1 X127.144 Y109.24 E114.2143
G1 X126.832 Y110.597 E114.23176
G1 X126.6 Y111.273 E114.24072
G1 X126.031 Y112.547 E114.25822
G1 X125.349 Y113.655 E114.27453
G1 X125.349 Y101.347 E114.42888
G1 F1500 E107.92888
G0 F15000 X123.065 Y99.268
G0 X121.766 Y98.383
G0 X120.347 Y97.698
G0 X118.846 Y97.236
G0 X117.344 Y97.01
G0 X116.447 Y96.977
G0 X114.936 Y97.09
G0 X113.454 Y97.427
G0 X112.605 Y97.725
G0 X111.241 Y98.383
G0 X109.984 Y99.238
G0 X109.303 Y99.825
G0 X108.467 Y100.727
G0 X107.578 Y101.952
G0 X109.347 Y103.157
G1 F1500 E114.42888
G1 F3000 X109.347 Y99.465 E114.47518
G1 X108.82 Y99.933 E114.48402
G1 X107.906 Y100.991 E114.50155
G1 X107.147 Y102.145 E114.51887
G1 X106.525 Y103.42 E114.53666
G1 X106.081 Y104.725 E114.55395
G1 X105.811 Y106.095 E114.57146
G1 X105.723 Y107.493 E114.58903
G1 X105.809 Y108.89 E114.60658
G1 X106.076 Y110.246 E114.62391
G1 X106.518 Y111.577 E114.6415
G1 X106.68 Y111.907 E114.64611
G1 X106.68 Y103.102 E114.75653
M204 S3500
G1 F1500 E108.25653
;MESH:The cap.stl
G0 F15000 X110.142 Y104.436
G0 X111.325 Y103.628
;TYPE:FILL
G1 F1500 E114.75653
G1 F4200 X110.082 Y108.267 E114.81675
G1 X110.026 Y107.506 E114.82632
G1 X110.097 Y106.542 E114.83844
G1 X110.314 Y105.59 E114.85069
G1 X110.755 Y104.467 E114.86582
G1 X111.433 Y103.471 E114.88093
G1 X111.93 Y102.932 E114.89012
G1 X113.499 Y104.5 E114.91794
G1 X113.16 Y104.84 E114.92396
G1 X112.642 Y105.656 E114.93608
G1 X112.336 Y106.552 E114.94795
G1 X112.226 Y107.508 E114.96002
G1 X112.355 Y108.61 E114.97393
G1 X110.225 Y109.18 E115.00159
G1 X110.754 Y110.531 E115.01978
G1 X111.433 Y111.528 E115.03491
G1 X112.105 Y112.254 E115.04731
G1 X112.854 Y112.852 E115.05933
G1 X113.906 Y113.459 E115.07456
G1 X114.001 Y113.487 E115.0758
G1 X110.566 Y110.052 E115.13672
G0 F15000 X115.734 Y113.916
G1 F4200 X120.438 Y112.655 E115.1978
G1 X120.356 Y112.733 E115.19922
G1 X119.103 Y113.457 E115.21736
G1 X117.944 Y113.815 E115.23257
G1 X116.99 Y113.959 E115.24467
G1 X116.015 Y113.959 E115.2569
G1 X114.817 Y113.778 E115.27209
G1 X115.386 Y111.653 E115.29968
G1 X116.51 Y111.777 E115.31386
G1 X117.451 Y111.672 E115.32574
G1 X118.362 Y111.352 E115.33784
G1 X119.17 Y110.842 E115.34983
G1 X119.504 Y110.505 E115.35578
G1 X121.068 Y112.07 E115.38352
G1 X121.433 Y111.734 E115.38974
G1 X122.108 Y110.742 E115.40479
G1 X122.534 Y109.857 E115.41711
G1 X122.818 Y108.939 E115.42916
G1 X122.962 Y107.987 E115.44123
G1 X122.962 Y107.011 E115.45347
G1 X122.918 Y106.727 E115.45708
G1 X121.67 Y111.384 E115.51754
G0 F15000 X122.441 Y104.957
G1 F4200 X119.037 Y101.553 E115.57791
G1 X119.749 Y101.897 E115.58782
G1 X120.529 Y102.427 E115.59965
G1 X121.257 Y103.103 E115.61211
G1 X121.854 Y103.851 E115.62411
G1 X122.336 Y104.689 E115.63623
G1 X122.78 Y105.816 E115.65142
G1 X120.619 Y106.395 E115.67948
G1 X120.358 Y105.644 E115.68945
G1 X119.846 Y104.84 E115.7014
G1 X119.165 Y104.152 E115.71354
G1 X118.357 Y103.649 E115.72548
G1 X117.603 Y103.378 E115.73552
G1 X118.181 Y101.222 E115.76352
G1 X117.261 Y101.083 E115.77518
G1 X112.624 Y102.326 E115.83539
G1 X113.262 Y101.895 E115.84504
G1 X114.359 Y101.365 E115.86032
G1 X115.542 Y101.097 E115.87553
G1 X116.738 Y101.006 E115.89057
M204 S429
G0 F15000 X119.721 Y104.937
G0 X120.209 Y105.713
G0 X120.513 Y106.582
G0 X120.618 Y107.498
G0 X120.515 Y108.412
G0 X120.212 Y109.283
G0 X119.722 Y110.063
G0 X119.066 Y110.718
G0 X118.291 Y111.206
G0 X116.431 Y111.666
G0 X116.509 Y110.97
;TYPE:WALL-OUTER
G1 F3000 X115.731 Y110.886 E115.90039
G1 X114.978 Y110.618 E115.91041
G1 X114.34 Y110.214 E115.91988
G1 X113.788 Y109.661 E115.92968
G1 X113.367 Y108.99 E115.93961
G1 X113.117 Y108.269 E115.94918
G1 X113.033 Y107.492 E115.95898
G1 X113.117 Y106.729 E115.96861
G1 X113.367 Y106.01 E115.97815
G1 X113.779 Y105.351 E115.9879
G1 X114.337 Y104.788 E115.99784
G1 X114.997 Y104.371 E116.00763
G1 X115.731 Y104.114 E116.01738
G1 X116.493 Y104.03 E116.027
G1 X117.287 Y104.117 E116.03701
G1 X118.008 Y104.371 E116.0466
G1 X118.65 Y104.775 E116.05611
G1 X119.219 Y105.34 E116.06617
G1 X119.638 Y106.009 E116.07607
G1 X119.881 Y106.705 E116.08531
G1 X119.974 Y107.492 E116.09525
G1 X119.882 Y108.29 E116.10532
G1 X119.632 Y109.004 E116.11481
G1 X119.228 Y109.647 E116.12433
G1 X118.675 Y110.205 E116.13418
G1 X118.001 Y110.632 E116.14419
G1 X117.287 Y110.883 E116.15368
G1 X116.509 Y110.97 E116.1635
G0 F15000 X116.311 Y110.949
G0 X116.233 Y111.644
G0 X116.011 Y114.06
G0 X115.953 Y114.759
G1 F3000 X117.052 Y114.759 E116.17728
G1 X118.12 Y114.598 E116.19083
G1 X119.424 Y114.195 E116.20794
G1 X120.606 Y113.512 E116.22506
G1 X121.033 Y113.197 E116.23171
G1 X122.046 Y112.257 E116.24904
G1 X122.803 Y111.143 E116.26593
G1 X123.281 Y110.15 E116.27975
G1 X123.601 Y109.115 E116.29334
G1 X123.762 Y108.049 E116.30686
G1 X123.762 Y106.949 E116.32065
G1 X123.559 Y105.614 E116.33759
G1 X123.06 Y104.341 E116.35473
G1 X122.516 Y103.399 E116.36838
G1 X121.843 Y102.556 E116.3819
G1 X121.033 Y101.803 E116.39577
G1 X120.146 Y101.2 E116.40922
G1 X119.153 Y100.721 E116.42305
G1 X118.125 Y100.404 E116.43654
G1 X116.772 Y100.201 E116.4537
G1 X115.42 Y100.304 E116.4707
G1 X114.094 Y100.605 E116.48775
G1 X112.86 Y101.2 E116.50493
G1 X111.748 Y101.954 E116.52178
G1 X110.806 Y102.97 E116.53915
G1 X110.045 Y104.086 E116.55609
G1 X109.547 Y105.355 E116.57319
G1 X109.304 Y106.42 E116.58689
G1 X109.224 Y107.506 E116.60054
G1 X109.304 Y108.58 E116.61405
G1 X109.546 Y109.64 E116.62768
G1 X110.044 Y110.913 E116.64483
G1 X110.806 Y112.03 E116.66178
G1 X111.558 Y112.84 E116.67564
G1 X112.402 Y113.514 E116.68919
G1 X113.584 Y114.197 E116.70631
G1 X114.886 Y114.598 E116.72339
G1 X115.953 Y114.759 E116.73692
M204 S1500
G0 F15000 X116.153 Y114.759
G0 X115.983 Y114.359
;TYPE:WALL-INNER
G1 F3300 X117.022 Y114.359 E116.74995
G1 X118.031 Y114.207 E116.76275
G1 X119.263 Y113.826 E116.77892
G1 X120.596 Y113.055 E116.79823
G1 X121.738 Y111.997 E116.81775
G1 X122.455 Y110.943 E116.83374
G1 X122.907 Y110.004 E116.84681
G1 X123.21 Y109.025 E116.85966
G1 X123.362 Y108.019 E116.87242
G1 X123.362 Y106.979 E116.88546
G1 X123.17 Y105.718 E116.90146
G1 X122.698 Y104.515 E116.91766
G1 X122.185 Y103.625 E116.93054
G1 X121.549 Y102.829 E116.94332
G1 X120.783 Y102.117 E116.95644
G1 X119.946 Y101.548 E116.96913
G1 X119.006 Y101.095 E116.98221
G1 X118.036 Y100.795 E116.99495
G1 X116.759 Y100.604 E117.01114
G1 X115.48 Y100.7 E117.02722
G1 X114.227 Y100.985 E117.04334
G1 X113.06 Y101.548 E117.05959
G1 X112.008 Y102.261 E117.07552
G1 X111.12 Y103.22 E117.09191
G1 X110.399 Y104.279 E117.10798
G1 X109.93 Y105.473 E117.12407
G1 X109.701 Y106.48 E117.13702
G1 X109.625 Y107.506 E117.14992
G1 X109.701 Y108.52 E117.16267
G1 X109.929 Y109.522 E117.17556
G1 X110.4 Y110.725 E117.19176
G1 X111.12 Y111.78 E117.20777
G1 X111.831 Y112.546 E117.22088
G1 X112.628 Y113.182 E117.23367
G1 X113.745 Y113.828 E117.24985
G1 X114.975 Y114.207 E117.26599
G1 X115.983 Y114.359 E117.27877
G0 F15000 X116.011 Y114.06
G0 X116.475 Y111.671
G0 X116.509 Y111.37
G1 F3300 X115.642 Y111.276 E117.28971
G1 X114.827 Y110.995 E117.30052
G1 X114.09 Y110.527 E117.31147
G1 X113.474 Y109.909 E117.32241
G1 X113.018 Y109.188 E117.33311
G1 X112.727 Y108.359 E117.34413
G1 X112.629 Y107.506 E117.35489
G1 X112.727 Y106.64 E117.36582
G1 X113.017 Y105.812 E117.37683
G1 X113.473 Y105.087 E117.38757
G1 X114.082 Y104.48 E117.39835
G1 X114.823 Y104.011 E117.40935
G1 X115.643 Y103.724 E117.42024
G1 X116.501 Y103.627 E117.43107
G1 X117.367 Y103.72 E117.44199
G1 X118.182 Y104.01 E117.45284
G1 X118.916 Y104.468 E117.46369
G1 X119.533 Y105.09 E117.47468
G1 X119.996 Y105.82 E117.48552
G1 X120.279 Y106.633 E117.49631
G1 X120.374 Y107.492 E117.50715
G1 X120.28 Y108.365 E117.51816
G1 X119.993 Y109.178 E117.52897
G1 X119.538 Y109.907 E117.53975
G1 X118.895 Y110.543 E117.55109
G1 X118.161 Y110.999 E117.56193
G1 X117.361 Y111.28 E117.57256
G1 X116.509 Y111.37 E117.5833
M204 S2000
G0 F15000 X116.442 Y111.969
G1 F1500 E111.0833
;MESH:NONMESH
G0 F600 X116.442 Y111.969 Z4.4
G0 F15000 X118.815 Y110.404
G0 X119.407 Y109.812
G0 X119.849 Y109.108
G0 X120.122 Y108.322
G0 X120.216 Y107.498
G0 X120.12 Y106.672
G0 X117.019 Y100.459
G0 X117.348 Y96.771
;TIME_ELAPSED:314.939273
;LAYER:21
;TYPE:SUPPORT
G1 F1500 E117.5833
G1 F3000 X117.735 Y96.79 E117.58816
G1 X119.101 Y97.041 E117.60558
G1 X120.015 Y97.329 E117.6176
G1 X120.015 Y99.911 E117.64998
G1 X120.682 Y100.232 E117.65926
G1 X121.726 Y100.944 E117.67511
G1 X122.642 Y101.795 E117.69078
G1 X122.682 Y101.845 E117.69159
G1 X123.43 Y102.784 E117.70664
G1 X124.052 Y103.857 E117.7222
G1 X124.524 Y105.075 E117.73858
G1 X124.666 Y105.603 E117.74543
G1 X124.862 Y106.867 E117.76147
G1 X124.862 Y108.125 E117.77725
G1 X124.675 Y109.363 E117.79295
G1 X124.309 Y110.55 E117.80853
G1 X123.76 Y111.695 E117.82445
G1 X123.092 Y112.672 E117.83929
G1 X122.682 Y113.156 E117.84725
G1 X122.682 Y116.322 E117.88695
G1 X121.68 Y116.959 E117.90184
G1 X120.425 Y117.545 E117.91921
G1 X120.015 Y117.675 E117.9246
G1 X120.015 Y115.099 E117.95691
G1 X119.521 Y115.318 E117.96368
G1 X118.357 Y115.673 E117.97895
G1 X117.348 Y115.825 E117.99174
G1 X117.348 Y118.23 E118.0219
G1 X116.316 Y118.279 E118.03486
G1 X114.932 Y118.165 E118.05227
G1 X114.681 Y118.111 E118.05549
G1 X114.681 Y115.679 E118.08599
G1 X114.632 Y115.671 E118.08661
G1 X113.416 Y115.29 E118.10259
G1 X112.81 Y115.021 E118.11091
G1 X112.014 Y114.56 E118.12244
G1 X112.014 Y117.287 E118.15664
G1 X111.003 Y116.772 E118.17087
G1 X109.851 Y115.988 E118.18834
G1 X109.347 Y115.534 E118.19685
G1 X109.347 Y111.846 E118.2431
G1 X109.284 Y111.753 E118.24451
G1 X108.929 Y111.083 E118.25402
G1 X108.492 Y109.97 E118.26901
G1 X108.214 Y108.751 E118.28469
G1 X108.121 Y107.503 E118.30038
G1 X108.214 Y106.246 E118.31619
G1 X108.494 Y105.028 E118.33186
G1 X108.973 Y103.823 E118.34812
G1 X109.276 Y103.259 E118.35615
G1 X109.347 Y103.157 E118.35771
G1 X109.978 Y102.245 E118.37162
G1 X110.83 Y101.332 E118.38728
G1 X111.259 Y100.963 E118.39437
G1 X112.014 Y100.448 E118.40584
G1 X112.014 Y97.713 E118.44013
G1 X112.262 Y97.589 E118.44361
G1 X113.584 Y97.122 E118.46119
G1 X114.681 Y96.888 E118.47526
G1 X114.681 Y99.345 E118.50607
G1 X115.254 Y99.212 E118.51345
G1 X116.521 Y99.12 E118.52938
G1 X117.115 Y99.143 E118.53683
G1 X117.348 Y99.177 E118.53979
G1 X117.348 Y96.771 E118.56996
G1 F1500 E112.06996
G0 F15000 X122.682 Y101.845
G1 F1500 E118.56996
G1 F3000 X122.682 Y98.637 E118.61019
G1 X123.945 Y99.7 E118.63089
G1 X125.132 Y100.994 E118.65291
G1 X126.042 Y102.473 E118.67469
G1 X126.607 Y103.733 E118.692
G1 X127.009 Y105.081 E118.70964
G1 X127.23 Y106.446 E118.72698
G1 X127.277 Y107.861 E118.74474
G1 X127.144 Y109.24 E118.76211
G1 X126.832 Y110.597 E118.77957
G1 X126.6 Y111.273 E118.78853
G1 X126.031 Y112.547 E118.80603
G1 X125.349 Y113.655 E118.82235
G1 X125.349 Y101.347 E118.97669
G1 F1500 E112.47669
G0 F15000 X123.065 Y99.268
G0 X121.766 Y98.383
G0 X120.347 Y97.698
G0 X118.846 Y97.236
G0 X117.344 Y97.01
G0 X116.447 Y96.977
G0 X114.936 Y97.09
G0 X113.454 Y97.427
G0 X112.605 Y97.725
G0 X111.241 Y98.383
G0 X109.984 Y99.238
G0 X109.303 Y99.825
G0 X108.467 Y100.727
G0 X107.578 Y101.952
G0 X109.347 Y103.157
G1 F1500 E118.97669
G1 F3000 X109.347 Y99.465 E119.02299
G1 X108.82 Y99.933 E119.03183
G1 X107.906 Y100.991 E119.04937
G1 X107.147 Y102.145 E119.06669
G1 X106.525 Y103.42 E119.08448
G1 X106.081 Y104.725 E119.10176
G1 X105.811 Y106.095 E119.11927
G1 X105.723 Y107.493 E119.13684
G1 X105.809 Y108.89 E119.15439
G1 X106.076 Y110.246 E119.17172
G1 X106.518 Y111.577 E119.18931
G1 X106.68 Y111.907 E119.19392
G1 X106.68 Y103.102 E119.30434
M204 S3500
G1 F1500 E112.80434
;MESH:The cap.stl
G0 F15000 X110.142 Y104.436
G0 X111.325 Y103.628
;TYPE:FILL
G1 F1500 E119.30434
G1 F4200 X110.082 Y108.267 E119.36457
G1 X110.026 Y107.506 E119.37413
G1 X110.097 Y106.542 E119.38626
G1 X110.314 Y105.59 E119.3985
G1 X110.755 Y104.467 E119.41363
G1 X111.433 Y103.471 E119.42874
G1 X111.93 Y102.932 E119.43793
G1 X113.499 Y104.5 E119.46575
G1 X113.16 Y104.84 E119.47177
G1 X112.642 Y105.656 E119.48389
G1 X112.336 Y106.552 E119.49577
G1 X112.226 Y107.508 E119.50783
G1 X112.355 Y108.61 E119.52175
G1 X110.225 Y109.18 E119.5494
G1 X110.754 Y110.531 E119.56759
G1 X111.433 Y111.528 E119.58272
G1 X112.105 Y112.254 E119.59513
G1 X112.854 Y112.852 E119.60715
G1 X113.906 Y113.459 E119.62238
G1 X114.001 Y113.487 E119.62362
G1 X110.566 Y110.052 E119.68454
G0 F15000 X115.734 Y113.916
G1 F4200 X120.438 Y112.655 E119.74561
G1 X120.356 Y112.733 E119.74703
G1 X119.103 Y113.457 E119.76518
G1 X117.944 Y113.815 E119.78039
G1 X116.99 Y113.959 E119.79249
G1 X116.015 Y113.959 E119.80471
G1 X114.817 Y113.778 E119.81991
G1 X115.386 Y111.653 E119.8475
G1 X116.51 Y111.777 E119.86168
G1 X117.451 Y111.672 E119.87355
G1 X118.362 Y111.352 E119.88566
G1 X119.17 Y110.842 E119.89764
G1 X119.504 Y110.505 E119.90359
G1 X121.068 Y112.07 E119.93134
G1 X121.433 Y111.734 E119.93756
G1 X122.108 Y110.742 E119.95261
G1 X122.534 Y109.857 E119.96492
G1 X122.818 Y108.939 E119.97697
G1 X122.962 Y107.987 E119.98905
G1 X122.962 Y107.011 E120.00129
G1 X122.918 Y106.727 E120.00489
G1 X121.67 Y111.384 E120.06535
G0 F15000 X122.441 Y104.957
G1 F4200 X119.037 Y101.553 E120.12572
G1 X119.749 Y101.897 E120.13564
G1 X120.529 Y102.427 E120.14746
G1 X121.257 Y103.103 E120.15992
G1 X121.854 Y103.851 E120.17192
G1 X122.336 Y104.689 E120.18405
G1 X122.78 Y105.816 E120.19924
G1 X120.619 Y106.395 E120.22729
G1 X120.358 Y105.644 E120.23726
G1 X119.846 Y104.84 E120.24922
G1 X119.165 Y104.152 E120.26135
G1 X118.357 Y103.649 E120.27329
G1 X117.603 Y103.378 E120.28334
G1 X118.181 Y101.222 E120.31133
G1 X117.261 Y101.083 E120.323
G1 X112.624 Y102.326 E120.3832
G1 X113.262 Y101.895 E120.39286
G1 X114.359 Y101.365 E120.40813
G1 X115.542 Y101.097 E120.42335
G1 X116.738 Y101.006 E120.43839
M204 S429
G0 F15000 X119.721 Y104.937
G0 X120.209 Y105.713
G0 X120.513 Y106.582
G0 X120.618 Y107.498
G0 X120.515 Y108.412
G0 X120.212 Y109.283
G0 X119.722 Y110.063
G0 X119.066 Y110.718
G0 X118.291 Y111.206
G0 X116.431 Y111.666
G0 X116.509 Y110.97
;TYPE:WALL-OUTER
G1 F3000 X115.731 Y110.886 E120.4482
G1 X114.978 Y110.618 E120.45822
G1 X114.34 Y110.214 E120.46769
G1 X113.788 Y109.661 E120.47749
G1 X113.367 Y108.99 E120.48743
G1 X113.117 Y108.269 E120.497
G1 X113.033 Y107.492 E120.5068
G1 X113.117 Y106.729 E120.51642
G1 X113.367 Y106.01 E120.52597
G1 X113.779 Y105.351 E120.53571
G1 X114.337 Y104.788 E120.54565
G1 X114.997 Y104.371 E120.55544
G1 X115.731 Y104.114 E120.5652
G1 X116.493 Y104.03 E120.57481
G1 X117.287 Y104.117 E120.58483
G1 X118.008 Y104.371 E120.59441
G1 X118.65 Y104.775 E120.60393
G1 X119.219 Y105.34 E120.61398
G1 X119.638 Y106.009 E120.62388
G1 X119.881 Y106.705 E120.63313
G1 X119.974 Y107.492 E120.64306
G1 X119.882 Y108.29 E120.65314
G1 X119.632 Y109.004 E120.66262
G1 X119.228 Y109.647 E120.67215
G1 X118.675 Y110.205 E120.682
G1 X118.001 Y110.632 E120.692
G1 X117.287 Y110.883 E120.7015
G1 X116.509 Y110.97 E120.71131
G0 F15000 X116.311 Y110.949
G0 X116.233 Y111.644
G0 X116.011 Y114.06
G0 X115.953 Y114.759
G1 F3000 X117.052 Y114.759 E120.72509
G1 X118.12 Y114.598 E120.73864
G1 X119.424 Y114.195 E120.75575
G1 X120.606 Y113.512 E120.77287
G1 X121.033 Y113.197 E120.77953
G1 X122.046 Y112.257 E120.79686
G1 X122.803 Y111.143 E120.81375
G1 X123.281 Y110.15 E120.82757
G1 X123.601 Y109.115 E120.84115
G1 X123.762 Y108.049 E120.85467
G1 X123.762 Y106.949 E120.86847
G1 X123.559 Y105.614 E120.8854
G1 X123.06 Y104.341 E120.90255
G1 X122.516 Y103.399 E120.91619
G1 X121.843 Y102.556 E120.92972
G1 X121.033 Y101.803 E120.94359
G1 X120.146 Y101.2 E120.95704
G1 X119.153 Y100.721 E120.97086
G1 X118.125 Y100.404 E120.98435
G1 X116.772 Y100.201 E121.00151
G1 X115.42 Y100.304 E121.01851
G1 X114.094 Y100.605 E121.03556
G1 X112.86 Y101.2 E121.05274
G1 X111.748 Y101.954 E121.06959
G1 X110.806 Y102.97 E121.08697
G1 X110.045 Y104.086 E121.10391
G1 X109.547 Y105.355 E121.121
G1 X109.304 Y106.42 E121.1347
G1 X109.224 Y107.506 E121.14836
G1 X109.304 Y108.58 E121.16186
G1 X109.546 Y109.64 E121.1755
G1 X110.044 Y110.913 E121.19264
G1 X110.806 Y112.03 E121.2096
G1 X111.558 Y112.84 E121.22346
G1 X112.402 Y113.514 E121.237
G1 X113.584 Y114.197 E121.25412
G1 X114.886 Y114.598 E121.2712
G1 X115.953 Y114.759 E121.28474
M204 S1500
G0 F15000 X116.153 Y114.759
G0 X115.983 Y114.359
;TYPE:WALL-INNER
G1 F3300 X117.022 Y114.359 E121.29777
G1 X118.031 Y114.207 E121.31056
G1 X119.263 Y113.826 E121.32673
G1 X120.596 Y113.055 E121.34604
G1 X121.738 Y111.997 E121.36557
G1 X122.455 Y110.943 E121.38155
G1 X122.907 Y110.004 E121.39462
G1 X123.21 Y109.025 E121.40747
G1 X123.362 Y108.019 E121.42023
G1 X123.362 Y106.979 E121.43327
G1 X123.17 Y105.718 E121.44927
G1 X122.698 Y104.515 E121.46548
G1 X122.185 Y103.625 E121.47836
G1 X121.549 Y102.829 E121.49113
G1 X120.783 Y102.117 E121.50425
G1 X119.946 Y101.548 E121.51694
G1 X119.006 Y101.095 E121.53003
G1 X118.036 Y100.795 E121.54276
G1 X116.759 Y100.604 E121.55895
G1 X115.48 Y100.7 E121.57504
G1 X114.227 Y100.985 E121.59115
G1 X113.06 Y101.548 E121.6074
G1 X112.008 Y102.261 E121.62334
G1 X111.12 Y103.22 E121.63973
G1 X110.399 Y104.279 E121.65579
G1 X109.93 Y105.473 E121.67188
G1 X109.701 Y106.48 E121.68483
G1 X109.625 Y107.506 E121.69773
G1 X109.701 Y108.52 E121.71048
G1 X109.929 Y109.522 E121.72337
G1 X110.4 Y110.725 E121.73957
G1 X111.12 Y111.78 E121.75559
G1 X111.831 Y112.546 E121.76869
G1 X112.628 Y113.182 E121.78148
G1 X113.745 Y113.828 E121.79766
G1 X114.975 Y114.207 E121.8138
G1 X115.983 Y114.359 E121.82659
G0 F15000 X116.011 Y114.06
G0 X116.475 Y111.671
G0 X116.509 Y111.37
G1 F3300 X115.642 Y111.276 E121.83752
G1 X114.827 Y110.995 E121.84833
G1 X114.09 Y110.527 E121.85928
G1 X113.474 Y109.909 E121.87022
G1 X113.018 Y109.188 E121.88092
G1 X112.727 Y108.359 E121.89194
G1 X112.629 Y107.506 E121.90271
G1 X112.727 Y106.64 E121.91364
G1 X113.017 Y105.812 E121.92464
G1 X113.473 Y105.087 E121.93538
G1 X114.082 Y104.48 E121.94616
G1 X114.823 Y104.011 E121.95716
G1 X115.643 Y103.724 E121.96805
G1 X116.501 Y103.627 E121.97888
G1 X117.367 Y103.72 E121.9898
G1 X118.182 Y104.01 E122.00065
G1 X118.916 Y104.468 E122.0115
G1 X119.533 Y105.09 E122.02249
G1 X119.996 Y105.82 E122.03333
G1 X120.279 Y106.633 E122.04413
G1 X120.374 Y107.492 E122.05496
G1 X120.28 Y108.365 E122.06597
G1 X119.993 Y109.178 E122.07679
G1 X119.538 Y109.907 E122.08756
G1 X118.895 Y110.543 E122.0989
G1 X118.161 Y110.999 E122.10974
G1 X117.361 Y111.28 E122.12037
G1 X116.509 Y111.37 E122.13112
M204 S2000
G0 F15000 X116.442 Y111.969
G1 F1500 E115.63112
;MESH:NONMESH
G0 F600 X116.442 Y111.969 Z4.6
G0 F15000 X118.815 Y110.404
G0 X119.407 Y109.812
G0 X119.849 Y109.108
G0 X120.122 Y108.322
G0 X120.216 Y107.498
G0 X120.12 Y106.672
G0 X117.019 Y100.459
G0 X117.348 Y96.771
;TIME_ELAPSED:326.044643
;LAYER:22
;TYPE:SUPPORT
G1 F1500 E122.13112
G1 F3000 X117.735 Y96.79 E122.13598
G1 X119.101 Y97.041 E122.15339
G1 X120.015 Y97.329 E122.16541
G1 X120.015 Y99.911 E122.19779
G1 X120.682 Y100.232 E122.20707
G1 X121.726 Y100.944 E122.22292
G1 X122.642 Y101.795 E122.2386
G1 X122.682 Y101.845 E122.2394
G1 X123.43 Y102.784 E122.25446
G1 X124.052 Y103.857 E122.27001
G1 X124.524 Y105.075 E122.28639
G1 X124.666 Y105.603 E122.29325
G1 X124.862 Y106.867 E122.30929
G1 X124.862 Y108.125 E122.32506
G1 X124.675 Y109.363 E122.34076
G1 X124.309 Y110.55 E122.35634
G1 X123.76 Y111.695 E122.37227
G1 X123.092 Y112.672 E122.38711
G1 X122.682 Y113.156 E122.39506
G1 X122.682 Y116.322 E122.43476
G1 X121.68 Y116.959 E122.44965
G1 X120.425 Y117.545 E122.46702
G1 X120.015 Y117.675 E122.47242
G1 X120.015 Y115.099 E122.50472
G1 X119.521 Y115.318 E122.5115
G1 X118.357 Y115.673 E122.52676
G1 X117.348 Y115.825 E122.53955
G1 X117.348 Y118.23 E122.56971
G1 X116.316 Y118.279 E122.58267
G1 X114.932 Y118.165 E122.60009
G1 X114.681 Y118.111 E122.6033
G1 X114.681 Y115.679 E122.6338
G1 X114.632 Y115.671 E122.63443
G1 X113.416 Y115.29 E122.65041
G1 X112.81 Y115.021 E122.65872
G1 X112.014 Y114.56 E122.67026
G1 X112.014 Y117.287 E122.70445
G1 X111.003 Y116.772 E122.71868
G1 X109.851 Y115.988 E122.73616
G1 X109.347 Y115.534 E122.74466
G1 X109.347 Y111.846 E122.79091
G1 X109.284 Y111.753 E122.79232
G1 X108.929 Y111.083 E122.80183
G1 X108.492 Y109.97 E122.81682
G1 X108.214 Y108.751 E122.8325
G1 X108.121 Y107.503 E122.8482
G1 X108.214 Y106.246 E122.864
G1 X108.494 Y105.028 E122.87968
G1 X108.973 Y103.823 E122.89594
G1 X109.276 Y103.259 E122.90397
G1 X109.347 Y103.157 E122.90552
G1 X109.978 Y102.245 E122.91943
G1 X110.83 Y101.332 E122.93509
G1 X111.259 Y100.963 E122.94219
G1 X112.014 Y100.448 E122.95365
G1 X112.014 Y97.713 E122.98795
G1 X112.262 Y97.589 E122.99142
G1 X113.584 Y97.122 E123.00901
G1 X114.681 Y96.888 E123.02307
G1 X114.681 Y99.345 E123.05388
G1 X115.254 Y99.212 E123.06126
G1 X116.521 Y99.12 E123.07719
G1 X117.115 Y99.143 E123.08465
G1 X117.348 Y99.177 E123.0876
G1 X117.348 Y96.771 E123.11777
G1 F1500 E116.61777
G0 F15000 X122.682 Y101.845
G1 F1500 E123.11777
G1 F3000 X122.682 Y98.637 E123.158
G1 X123.945 Y99.7 E123.1787
G1 X125.132 Y100.994 E123.20072
G1 X126.042 Y102.473 E123.2225
G1 X126.607 Y103.733 E123.23982
G1 X127.009 Y105.081 E123.25746
G1 X127.23 Y106.446 E123.2748
G1 X127.277 Y107.861 E123.29255
G1 X127.144 Y109.24 E123.30992
G1 X126.832 Y110.597 E123.32739
G1 X126.6 Y111.273 E123.33635
G1 X126.031 Y112.547 E123.35385
G1 X125.349 Y113.655 E123.37016
G1 X125.349 Y101.347 E123.52451
G1 F1500 E117.02451
G0 F15000 X123.065 Y99.268
G0 X121.766 Y98.383
G0 X120.347 Y97.698
G0 X118.846 Y97.236
G0 X117.344 Y97.01
G0 X116.447 Y96.977
G0 X114.936 Y97.09
G0 X113.454 Y97.427
G0 X112.605 Y97.725
G0 X111.241 Y98.383
G0 X109.984 Y99.238
G0 X109.303 Y99.825
G0 X108.467 Y100.727
G0 X107.578 Y101.952
G0 X109.347 Y103.157
G1 F1500 E123.52451
G1 F3000 X109.347 Y99.465 E123.57081
G1 X108.82 Y99.933 E123.57965
G1 X107.906 Y100.991 E123.59718
G1 X107.147 Y102.145 E123.6145
G1 X106.525 Y103.42 E123.63229
G1 X106.081 Y104.725 E123.64958
G1 X105.811 Y106.095 E123.66709
G1 X105.723 Y107.493 E123.68465
G1 X105.809 Y108.89 E123.70221
G1 X106.076 Y110.246 E123.71954
G1 X106.518 Y111.577 E123.73712
G1 X106.68 Y111.907 E123.74173
G1 X106.68 Y103.102 E123.85215
M204 S3500
G1 F1500 E117.35215
;MESH:The cap.stl
G0 F15000 X110.142 Y104.436
G0 X111.325 Y103.628
;TYPE:FILL
G1 F1500 E123.85215
G1 F4200 X110.082 Y108.267 E123.91238
G1 X110.026 Y107.506 E123.92195
G1 X110.097 Y106.542 E123.93407
G1 X110.314 Y105.59 E123.94632
G1 X110.755 Y104.467 E123.96144
G1 X111.433 Y103.471 E123.97655
G1 X111.93 Y102.932 E123.98575
G1 X113.499 Y104.5 E124.01357
G1 X113.16 Y104.84 E124.01959
G1 X112.642 Y105.656 E124.03171
G1 X112.336 Y106.552 E124.04358
G1 X112.226 Y107.508 E124.05565
G1 X112.355 Y108.61 E124.06956
G1 X110.225 Y109.18 E124.09721
G1 X110.754 Y110.531 E124.11541
G1 X111.433 Y111.528 E124.13053
G1 X112.105 Y112.254 E124.14294
G1 X112.854 Y112.852 E124.15496
G1 X113.906 Y113.459 E124.17019
G1 X114.001 Y113.487 E124.17143
G1 X110.566 Y110.052 E124.23235
G0 F15000 X115.734 Y113.916
G1 F4200 X120.438 Y112.655 E124.29342
G1 X120.356 Y112.733 E124.29484
G1 X119.103 Y113.457 E124.31299
G1 X117.944 Y113.815 E124.3282
G1 X116.99 Y113.959 E124.3403
G1 X116.015 Y113.959 E124.35253
G1 X114.817 Y113.778 E124.36772
G1 X115.386 Y111.653 E124.39531
G1 X116.51 Y111.777 E124.40949
G1 X117.451 Y111.672 E124.42136
G1 X118.362 Y111.352 E124.43347
G1 X119.17 Y110.842 E124.44545
G1 X119.504 Y110.505 E124.4514
G1 X121.068 Y112.07 E124.47915
G1 X121.433 Y111.734 E124.48537
G1 X122.108 Y110.742 E124.50042
G1 X122.534 Y109.857 E124.51274
G1 X122.818 Y108.939 E124.52479
G1 X122.962 Y107.987 E124.53686
G1 X122.962 Y107.011 E124.5491
G1 X122.918 Y106.727 E124.5527
G1 X121.67 Y111.384 E124.61317
G0 F15000 X122.441 Y104.957
G1 F4200 X119.037 Y101.553 E124.67353
G1 X119.749 Y101.897 E124.68345
G1 X120.529 Y102.427 E124.69528
G1 X121.257 Y103.103 E124.70773
G1 X121.854 Y103.851 E124.71974
G1 X122.336 Y104.689 E124.73186
G1 X122.78 Y105.816 E124.74705
G1 X120.619 Y106.395 E124.77511
G1 X120.358 Y105.644 E124.78508
G1 X119.846 Y104.84 E124.79703
G1 X119.165 Y104.152 E124.80917
G1 X118.357 Y103.649 E124.8211
G1 X117.603 Y103.378 E124.83115
G1 X118.181 Y101.222 E124.85914
G1 X117.261 Y101.083 E124.87081
G1 X112.624 Y102.326 E124.93101
G1 X113.262 Y101.895 E124.94067
G1 X114.359 Y101.365 E124.95595
G1 X115.542 Y101.097 E124.97116
G1 X116.738 Y101.006 E124.9862
M204 S429
G0 F15000 X119.721 Y104.937
G0 X120.209 Y105.713
G0 X120.513 Y106.582
G0 X120.618 Y107.498
G0 X120.515 Y108.412
G0 X120.212 Y109.283
G0 X119.722 Y110.063
G0 X119.066 Y110.718
G0 X118.291 Y111.206
G0 X116.431 Y111.666
G0 X116.509 Y110.97
;TYPE:WALL-OUTER
G1 F3000 X115.731 Y110.886 E124.99601
G1 X114.978 Y110.618 E125.00604
G1 X114.34 Y110.214 E125.01551
G1 X113.788 Y109.661 E125.02531
G1 X113.367 Y108.99 E125.03524
G1 X113.117 Y108.269 E125.04481
G1 X113.033 Y107.492 E125.05461
G1 X113.117 Y106.729 E125.06424
G1 X113.367 Y106.01 E125.07378
G1 X113.779 Y105.351 E125.08353
G1 X114.337 Y104.788 E125.09347
G1 X114.997 Y104.371 E125.10326
G1 X115.731 Y104.114 E125.11301
G1 X116.493 Y104.03 E125.12262
G1 X117.287 Y104.117 E125.13264
G1 X118.008 Y104.371 E125.14223
G1 X118.65 Y104.775 E125.15174
G1 X119.219 Y105.34 E125.1618
G1 X119.638 Y106.009 E125.17169
G1 X119.881 Y106.705 E125.18094
G1 X119.974 Y107.492 E125.19088
G1 X119.882 Y108.29 E125.20095
G1 X119.632 Y109.004 E125.21044
G1 X119.228 Y109.647 E125.21996
G1 X118.675 Y110.205 E125.22981
G1 X118.001 Y110.632 E125.23982
G1 X117.287 Y110.883 E125.24931
G1 X116.509 Y110.97 E125.25913
G0 F15000 X116.311 Y110.949
G0 X116.233 Y111.644
G0 X116.011 Y114.06
G0 X115.953 Y114.759
G1 F3000 X117.052 Y114.759 E125.27291
G1 X118.12 Y114.598 E125.28645
G1 X119.424 Y114.195 E125.30357
G1 X120.606 Y113.512 E125.32069
G1 X121.033 Y113.197 E125.32734
G1 X122.046 Y112.257 E125.34467
G1 X122.803 Y111.143 E125.36156
G1 X123.281 Y110.15 E125.37538
G1 X123.601 Y109.115 E125.38897
G1 X123.762 Y108.049 E125.40249
G1 X123.762 Y106.949 E125.41628
G1 X123.559 Y105.614 E125.43322
G1 X123.06 Y104.341 E125.45036
G1 X122.516 Y103.399 E125.464
G1 X121.843 Y102.556 E125.47753
G1 X121.033 Y101.803 E125.4914
G1 X120.146 Y101.2 E125.50485
G1 X119.153 Y100.721 E125.51868
G1 X118.125 Y100.404 E125.53217
G1 X116.772 Y100.201 E125.54932
G1 X115.42 Y100.304 E125.56633
G1 X114.094 Y100.605 E125.58338
G1 X112.86 Y101.2 E125.60056
G1 X111.748 Y101.954 E125.61741
G1 X110.806 Y102.97 E125.63478
G1 X110.045 Y104.086 E125.65172
G1 X109.547 Y105.355 E125.66882
G1 X109.304 Y106.42 E125.68251
G1 X109.224 Y107.506 E125.69617
G1 X109.304 Y108.58 E125.70968
G1 X109.546 Y109.64 E125.72331
G1 X110.044 Y110.913 E125.74045
G1 X110.806 Y112.03 E125.75741
G1 X111.558 Y112.84 E125.77127
G1 X112.402 Y113.514 E125.78481
G1 X113.584 Y114.197 E125.80193
G1 X114.886 Y114.598 E125.81902
G1 X115.953 Y114.759 E125.83255
M204 S1500
G0 F15000 X116.153 Y114.759
G0 X115.983 Y114.359
;TYPE:WALL-INNER
G1 F3300 X117.022 Y114.359 E125.84558
G1 X118.031 Y114.207 E125.85838
G1 X119.263 Y113.826 E125.87455
G1 X120.596 Y113.055 E125.89386
G1 X121.738 Y111.997 E125.91338
G1 X122.455 Y110.943 E125.92937
G1 X122.907 Y110.004 E125.94244
G1 X123.21 Y109.025 E125.95529
G1 X123.362 Y108.019 E125.96805
G1 X123.362 Y106.979 E125.98109
G1 X123.17 Y105.718 E125.99708
G1 X122.698 Y104.515 E126.01329
G1 X122.185 Y103.625 E126.02617
G1 X121.549 Y102.829 E126.03895
G1 X120.783 Y102.117 E126.05206
G1 X119.946 Y101.548 E126.06476
G1 X119.006 Y101.095 E126.07784
G1 X118.036 Y100.795 E126.09057
G1 X116.759 Y100.604 E126.10677
G1 X115.48 Y100.7 E126.12285
G1 X114.227 Y100.985 E126.13896
G1 X113.06 Y101.548 E126.15521
G1 X112.008 Y102.261 E126.17115
G1 X111.12 Y103.22 E126.18754
G1 X110.399 Y104.279 E126.20361
G1 X109.93 Y105.473 E126.21969
G1 X109.701 Y106.48 E126.23264
G1 X109.625 Y107.506 E126.24555
G1 X109.701 Y108.52 E126.2583
G1 X109.929 Y109.522 E126.27118
G1 X110.4 Y110.725 E126.28738
G1 X111.12 Y111.78 E126.3034
G1 X111.831 Y112.546 E126.31651
G1 X112.628 Y113.182 E126.3293
G1 X113.745 Y113.828 E126.34548
G1 X114.975 Y114.207 E126.36162
G1 X115.983 Y114.359 E126.3744
G0 F15000 X116.011 Y114.06
G0 X116.475 Y111.671
G0 X116.509 Y111.37
G1 F3300 X115.642 Y111.276 E126.38534
G1 X114.827 Y110.995 E126.39615
G1 X114.09 Y110.527 E126.4071
G1 X113.474 Y109.909 E126.41804
G1 X113.018 Y109.188 E126.42874
G1 X112.727 Y108.359 E126.43975
G1 X112.629 Y107.506 E126.45052
G1 X112.727 Y106.64 E126.46145
G1 X113.017 Y105.812 E126.47245
G1 X113.473 Y105.087 E126.48319
G1 X114.082 Y104.48 E126.49398
G1 X114.823 Y104.011 E126.50497
G1 X115.643 Y103.724 E126.51587
G1 X116.501 Y103.627 E126.5267
G1 X117.367 Y103.72 E126.53762
G1 X118.182 Y104.01 E126.54847
G1 X118.916 Y104.468 E126.55932
G1 X119.533 Y105.09 E126.5703
G1 X119.996 Y105.82 E126.58114
G1 X120.279 Y106.633 E126.59194
G1 X120.374 Y107.492 E126.60278
G1 X120.28 Y108.365 E126.61379
G1 X119.993 Y109.178 E126.6246
G1 X119.538 Y109.907 E126.63538
G1 X118.895 Y110.543 E126.64672
G1 X118.161 Y110.999 E126.65755
G1 X117.361 Y111.28 E126.66819
G1 X116.509 Y111.37 E126.67893
M204 S2000
G0 F15000 X116.442 Y111.969
G1 F1500 E120.17893
;MESH:NONMESH
G0 F600 X116.442 Y111.969 Z4.8
G0 F15000 X118.815 Y110.404
G0 X119.407 Y109.812
G0 X119.849 Y109.108
G0 X120.122 Y108.322
G0 X120.216 Y107.498
G0 X120.12 Y106.672
G0 X117.019 Y100.459
G0 X117.348 Y96.771
;TIME_ELAPSED:337.150013
;LAYER:23
;TYPE:SUPPORT
G1 F1500 E126.67893
G1 F3000 X117.735 Y96.79 E126.68379
G1 X119.101 Y97.041 E126.70121
G1 X120.015 Y97.329 E126.71322
G1 X120.015 Y99.911 E126.7456
G1 X120.682 Y100.232 E126.75489
G1 X121.726 Y100.944 E126.77073
G1 X122.642 Y101.795 E126.78641
G1 X122.682 Y101.845 E126.78722
G1 X123.43 Y102.784 E126.80227
G1 X124.052 Y103.857 E126.81782
G1 X124.524 Y105.075 E126.8342
G1 X124.666 Y105.603 E126.84106
G1 X124.862 Y106.867 E126.8571
G1 X124.862 Y108.125 E126.87288
G1 X124.675 Y109.363 E126.88858
G1 X124.309 Y110.55 E126.90416
G1 X123.76 Y111.695 E126.92008
G1 X123.092 Y112.672 E126.93492
G1 X122.682 Y113.156 E126.94288
G1 X122.682 Y116.322 E126.98258
G1 X121.68 Y116.959 E126.99747
G1 X120.425 Y117.545 E127.01484
G1 X120.015 Y117.675 E127.02023
G1 X120.015 Y115.099 E127.05254
G1 X119.521 Y115.318 E127.05931
G1 X118.357 Y115.673 E127.07457
G1 X117.348 Y115.825 E127.08737
G1 X117.348 Y118.23 E127.11753
G1 X116.316 Y118.279 E127.13048
G1 X114.932 Y118.165 E127.1479
G1 X114.681 Y118.111 E127.15112
G1 X114.681 Y115.679 E127.18162
G1 X114.632 Y115.671 E127.18224
G1 X113.416 Y115.29 E127.19822
G1 X112.81 Y115.021 E127.20653
G1 X112.014 Y114.56 E127.21807
G1 X112.014 Y117.287 E127.25227
G1 X111.003 Y116.772 E127.2665
G1 X109.851 Y115.988 E127.28397
G1 X109.347 Y115.534 E127.29248
G1 X109.347 Y111.846 E127.33873
G1 X109.284 Y111.753 E127.34013
G1 X108.929 Y111.083 E127.34964
G1 X108.492 Y109.97 E127.36464
G1 X108.214 Y108.751 E127.38032
G1 X108.121 Y107.503 E127.39601
G1 X108.214 Y106.246 E127.41182
G1 X108.494 Y105.028 E127.42749
G1 X108.973 Y103.823 E127.44375
G1 X109.276 Y103.259 E127.45178
G1 X109.347 Y103.157 E127.45334
G1 X109.978 Y102.245 E127.46725
G1 X110.83 Y101.332 E127.48291
G1 X111.259 Y100.963 E127.49
G1 X112.014 Y100.448 E127.50146
G1 X112.014 Y97.713 E127.53576
G1 X112.262 Y97.589 E127.53924
G1 X113.584 Y97.122 E127.55682
G1 X114.681 Y96.888 E127.57089
G1 X114.681 Y99.345 E127.6017
G1 X115.254 Y99.212 E127.60907
G1 X116.521 Y99.12 E127.62501
G1 X117.115 Y99.143 E127.63246
G1 X117.348 Y99.177 E127.63541
G1 X117.348 Y96.771 E127.66558
G1 F1500 E121.16558
G0 F15000 X122.682 Y101.845
G1 F1500 E127.66558
G1 F3000 X122.682 Y98.637 E127.70581
G1 X123.945 Y99.7 E127.72652
G1 X125.132 Y100.994 E127.74854
G1 X126.042 Y102.473 E127.77031
G1 X126.607 Y103.733 E127.78763
G1 X127.009 Y105.081 E127.80527
G1 X127.23 Y106.446 E127.82261
G1 X127.277 Y107.861 E127.84036
G1 X127.144 Y109.24 E127.85774
G1 X126.832 Y110.597 E127.8752
G1 X126.6 Y111.273 E127.88416
G1 X126.031 Y112.547 E127.90166
G1 X125.349 Y113.655 E127.91798
G1 X125.349 Y101.347 E128.07232
G1 F1500 E121.57232
G0 F15000 X123.065 Y99.268
G0 X121.766 Y98.383
G0 X120.347 Y97.698
G0 X118.846 Y97.236
G0 X117.344 Y97.01
G0 X116.447 Y96.977
G0 X114.936 Y97.09
G0 X113.454 Y97.427
G0 X112.605 Y97.725
G0 X111.241 Y98.383
G0 X109.984 Y99.238
G0 X109.303 Y99.825
G0 X108.467 Y100.727
G0 X107.578 Y101.952
G0 X109.347 Y103.157
G1 F1500 E128.07232
G1 F3000 X109.347 Y99.465 E128.11862
G1 X108.82 Y99.933 E128.12746
G1 X107.906 Y100.991 E128.14499
G1 X107.147 Y102.145 E128.16231
G1 X106.525 Y103.42 E128.1801
G1 X106.081 Y104.725 E128.19739
G1 X105.811 Y106.095 E128.2149
G1 X105.723 Y107.493 E128.23247
G1 X105.809 Y108.89 E128.25002
G1 X106.076 Y110.246 E128.26735
G1 X106.518 Y111.577 E128.28494
G1 X106.68 Y111.907 E128.28955
G1 X106.68 Y103.102 E128.39997
M204 S3500
G1 F1500 E121.89997
;MESH:The cap.stl
G0 F15000 X110.142 Y104.436
G0 X111.325 Y103.628
;TYPE:FILL
G1 F1500 E128.39997
G1 F4200 X110.082 Y108.267 E128.46019
G1 X110.026 Y107.506 E128.46976
G1 X110.097 Y106.542 E128.48188
G1 X110.314 Y105.59 E128.49413
G1 X110.755 Y104.467 E128.50926
G1 X111.433 Y103.471 E128.52437
G1 X111.93 Y102.932 E128.53356
G1 X113.499 Y104.5 E128.56138
G1 X113.16 Y104.84 E128.5674
G1 X112.642 Y105.656 E128.57952
G1 X112.336 Y106.552 E128.59139
G1 X112.226 Y107.508 E128.60346
G1 X112.355 Y108.61 E128.61738
G1 X110.225 Y109.18 E128.64503
G1 X110.754 Y110.531 E128.66322
G1 X111.433 Y111.528 E128.67835
G1 X112.105 Y112.254 E128.69075
G1 X112.854 Y112.852 E128.70277
G1 X113.906 Y113.459 E128.718
G1 X114.001 Y113.487 E128.71925
G1 X110.566 Y110.052 E128.78017
G0 F15000 X115.734 Y113.916
G1 F4200 X120.438 Y112.655 E128.84124
G1 X120.356 Y112.733 E128.84266
G1 X119.103 Y113.457 E128.8608
G1 X117.944 Y113.815 E128.87602
G1 X116.99 Y113.959 E128.88812
G1 X116.015 Y113.959 E128.90034
G1 X114.817 Y113.778 E128.91554
G1 X115.386 Y111.653 E128.94312
G1 X116.51 Y111.777 E128.9573
G1 X117.451 Y111.672 E128.96918
G1 X118.362 Y111.352 E128.98129
G1 X119.17 Y110.842 E128.99327
G1 X119.504 Y110.505 E128.99922
G1 X121.068 Y112.07 E129.02696
G1 X121.433 Y111.734 E129.03319
G1 X122.108 Y110.742 E129.04823
G1 X122.534 Y109.857 E129.06055
G1 X122.818 Y108.939 E129.0726
G1 X122.962 Y107.987 E129.08467
G1 X122.962 Y107.011 E129.09691
G1 X122.918 Y106.727 E129.10052
G1 X121.67 Y111.384 E129.16098
G0 F15000 X122.441 Y104.957
G1 F4200 X119.037 Y101.553 E129.22135
G1 X119.749 Y101.897 E129.23126
G1 X120.529 Y102.427 E129.24309
G1 X121.257 Y103.103 E129.25555
G1 X121.854 Y103.851 E129.26755
G1 X122.336 Y104.689 E129.27967
G1 X122.78 Y105.816 E129.29486
G1 X120.619 Y106.395 E129.32292
G1 X120.358 Y105.644 E129.33289
G1 X119.846 Y104.84 E129.34484
G1 X119.165 Y104.152 E129.35698
G1 X118.357 Y103.649 E129.36892
G1 X117.603 Y103.378 E129.37897
G1 X118.181 Y101.222 E129.40696
G1 X117.261 Y101.083 E129.41863
G1 X112.624 Y102.326 E129.47883
G1 X113.262 Y101.895 E129.48848
G1 X114.359 Y101.365 E129.50376
G1 X115.542 Y101.097 E129.51897
G1 X116.738 Y101.006 E129.53401
M204 S429
G0 F15000 X119.721 Y104.937
G0 X120.209 Y105.713
G0 X120.513 Y106.582
G0 X120.618 Y107.498
G0 X120.515 Y108.412
G0 X120.212 Y109.283
G0 X119.722 Y110.063
G0 X119.066 Y110.718
G0 X118.291 Y111.206
G0 X116.431 Y111.666
G0 X116.509 Y110.97
;TYPE:WALL-OUTER
G1 F3000 X115.731 Y110.886 E129.54383
G1 X114.978 Y110.618 E129.55385
G1 X114.34 Y110.214 E129.56332
G1 X113.788 Y109.661 E129.57312
G1 X113.367 Y108.99 E129.58305
G1 X113.117 Y108.269 E129.59262
G1 X113.033 Y107.492 E129.60242
G1 X113.117 Y106.729 E129.61205
G1 X113.367 Y106.01 E129.6216
G1 X113.779 Y105.351 E129.63134
G1 X114.337 Y104.788 E129.64128
G1 X114.997 Y104.371 E129.65107
G1 X115.731 Y104.114 E129.66082
G1 X116.493 Y104.03 E129.67044
G1 X117.287 Y104.117 E129.68046
G1 X118.008 Y104.371 E129.69004
G1 X118.65 Y104.775 E129.69955
G1 X119.219 Y105.34 E129.70961
G1 X119.638 Y106.009 E129.71951
G1 X119.881 Y106.705 E129.72875
G1 X119.974 Y107.492 E129.73869
G1 X119.882 Y108.29 E129.74876
G1 X119.632 Y109.004 E129.75825
G1 X119.228 Y109.647 E129.76777
G1 X118.675 Y110.205 E129.77763
G1 X118.001 Y110.632 E129.78763
G1 X117.287 Y110.883 E129.79712
G1 X116.509 Y110.97 E129.80694
G0 F15000 X116.311 Y110.949
G0 X116.233 Y111.644
G0 X116.011 Y114.06
G0 X115.953 Y114.759
G1 F3000 X117.052 Y114.759 E129.82072
G1 X118.12 Y114.598 E129.83427
G1 X119.424 Y114.195 E129.85138
G1 X120.606 Y113.512 E129.8685
G1 X121.033 Y113.197 E129.87516
G1 X122.046 Y112.257 E129.89249
G1 X122.803 Y111.143 E129.90938
G1 X123.281 Y110.15 E129.9232
G1 X123.601 Y109.115 E129.93678
G1 X123.762 Y108.049 E129.9503
G1 X123.762 Y106.949 E129.9641
G1 X123.559 Y105.614 E129.98103
G1 X123.06 Y104.341 E129.99818
G1 X122.516 Y103.399 E130.01182
G1 X121.843 Y102.556 E130.02534
G1 X121.033 Y101.803 E130.03921
G1 X120.146 Y101.2 E130.05266
G1 X119.153 Y100.721 E130.06649
G1 X118.125 Y100.404 E130.07998
G1 X116.772 Y100.201 E130.09714
G1 X115.42 Y100.304 E130.11414
G1 X114.094 Y100.605 E130.13119
G1 X112.86 Y101.2 E130.14837
G1 X111.748 Y101.954 E130.16522
G1 X110.806 Y102.97 E130.1826
G1 X110.045 Y104.086 E130.19953
G1 X109.547 Y105.355 E130.21663
G1 X109.304 Y106.42 E130.23033
G1 X109.224 Y107.506 E130.24398
G1 X109.304 Y108.58 E130.25749
G1 X109.546 Y109.64 E130.27112
G1 X110.044 Y110.913 E130.28827
G1 X110.806 Y112.03 E130.30522
G1 X111.558 Y112.84 E130.31908
G1 X112.402 Y113.514 E130.33263
G1 X113.584 Y114.197 E130.34975
G1 X114.886 Y114.598 E130.36683
G1 X115.953 Y114.759 E130.38036
M204 S1500
G0 F15000 X116.153 Y114.759
G0 X115.983 Y114.359
;TYPE:WALL-INNER
G1 F3300 X117.022 Y114.359 E130.39339
G1 X118.031 Y114.207 E130.40619
G1 X119.263 Y113.826 E130.42236
G1 X120.596 Y113.055 E130.44167
G1 X121.738 Y111.997 E130.46119
G1 X122.455 Y110.943 E130.47718
G1 X122.907 Y110.004 E130.49025
G1 X123.21 Y109.025 E130.5031
G1 X123.362 Y108.019 E130.51586
G1 X123.362 Y106.979 E130.5289
G1 X123.17 Y105.718 E130.5449
G1 X122.698 Y104.515 E130.5611
G1 X122.185 Y103.625 E130.57399
G1 X121.549 Y102.829 E130.58676
G1 X120.783 Y102.117 E130.59988
G1 X119.946 Y101.548 E130.61257
G1 X119.006 Y101.095 E130.62565
G1 X118.036 Y100.795 E130.63839
G1 X116.759 Y100.604 E130.65458
G1 X115.48 Y100.7 E130.67066
G1 X114.227 Y100.985 E130.68678
G1 X113.06 Y101.548 E130.70303
G1 X112.008 Y102.261 E130.71896
G1 X111.12 Y103.22 E130.73535
G1 X110.399 Y104.279 E130.75142
G1 X109.93 Y105.473 E130.76751
G1 X109.701 Y106.48 E130.78046
G1 X109.625 Y107.506 E130.79336
G1 X109.701 Y108.52 E130.80611
G1 X109.929 Y109.522 E130.819
G1 X110.4 Y110.725 E130.8352
G1 X111.12 Y111.78 E130.85122
G1 X111.831 Y112.546 E130.86432
G1 X112.628 Y113.182 E130.87711
G1 X113.745 Y113.828 E130.89329
G1 X114.975 Y114.207 E130.90943
G1 X115.983 Y114.359 E130.92221
G0 F15000 X116.011 Y114.06
G0 X116.475 Y111.671
G0 X116.509 Y111.37
G1 F3300 X115.642 Y111.276 E130.93315
G1 X114.827 Y110.995 E130.94396
G1 X114.09 Y110.527 E130.95491
G1 X113.474 Y109.909 E130.96585
G1 X113.018 Y109.188 E130.97655
G1 X112.727 Y108.359 E130.98757
G1 X112.629 Y107.506 E130.99834
G1 X112.727 Y106.64 E131.00926
G1 X113.017 Y105.812 E131.02027
G1 X113.473 Y105.087 E131.03101
G1 X114.082 Y104.48 E131.04179
G1 X114.823 Y104.011 E131.05279
G1 X115.643 Y103.724 E131.06368
G1 X116.501 Y103.627 E131.07451
G1 X117.367 Y103.72 E131.08543
G1 X118.182 Y104.01 E131.09628
G1 X118.916 Y104.468 E131.10713
G1 X119.533 Y105.09 E131.11812
G1 X119.996 Y105.82 E131.12896
G1 X120.279 Y106.633 E131.13975
G1 X120.374 Y107.492 E131.15059
G1 X120.28 Y108.365 E131.1616
G1 X119.993 Y109.178 E131.17241
G1 X119.538 Y109.907 E131.18319
G1 X118.895 Y110.543 E131.19453
G1 X118.161 Y110.999 E131.20537
G1 X117.361 Y111.28 E131.216
G1 X116.509 Y111.37 E131.22674
M204 S2000
G0 F15000 X116.442 Y111.969
G1 F1500 E124.72674
;MESH:NONMESH
G0 F600 X116.442 Y111.969 Z5
G0 F15000 X118.815 Y110.404
G0 X119.407 Y109.812
G0 X119.849 Y109.108
G0 X120.122 Y108.322
G0 X120.216 Y107.498
G0 X120.12 Y106.672
G0 X117.019 Y100.459
G0 X117.348 Y96.771
;TIME_ELAPSED:348.255382
;LAYER:24
;TYPE:SUPPORT
G1 F1500 E131.22674
G1 F3000 X117.735 Y96.79 E131.2316
G1 X119.101 Y97.041 E131.24902
G1 X120.015 Y97.329 E131.26104
G1 X120.015 Y99.911 E131.29342
G1 X120.682 Y100.232 E131.3027
G1 X121.726 Y100.944 E131.31855
G1 X122.642 Y101.795 E131.33423
G1 X122.682 Y101.845 E131.33503
G1 X123.43 Y102.784 E131.35008
G1 X124.052 Y103.857 E131.36564
G1 X124.524 Y105.075 E131.38202
G1 X124.666 Y105.603 E131.38887
G1 X124.862 Y106.867 E131.40492
G1 X124.862 Y108.125 E131.42069
G1 X124.675 Y109.363 E131.43639
G1 X124.309 Y110.55 E131.45197
G1 X123.76 Y111.695 E131.46789
G1 X123.092 Y112.672 E131.48274
G1 X122.682 Y113.156 E131.49069
G1 X122.682 Y116.322 E131.53039
G1 X121.68 Y116.959 E131.54528
G1 X120.425 Y117.545 E131.56265
G1 X120.015 Y117.675 E131.56805
G1 X120.015 Y115.099 E131.60035
G1 X119.521 Y115.318 E131.60713
G1 X118.357 Y115.673 E131.62239
G1 X117.348 Y115.825 E131.63518
G1 X117.348 Y118.23 E131.66534
G1 X116.316 Y118.279 E131.6783
G1 X114.932 Y118.165 E131.69571
G1 X114.681 Y118.111 E131.69893
G1 X114.681 Y115.679 E131.72943
G1 X114.632 Y115.671 E131.73005
G1 X113.416 Y115.29 E131.74603
G1 X112.81 Y115.021 E131.75435
G1 X112.014 Y114.56 E131.76588
G1 X112.014 Y117.287 E131.80008
G1 X111.003 Y116.772 E131.81431
G1 X109.851 Y115.988 E131.83178
G1 X109.347 Y115.534 E131.84029
G1 X109.347 Y111.846 E131.88654
G1 X109.284 Y111.753 E131.88795
G1 X108.929 Y111.083 E131.89746
G1 X108.492 Y109.97 E131.91245
G1 X108.214 Y108.751 E131.92813
G1 X108.121 Y107.503 E131.94382
G1 X108.214 Y106.246 E131.95963
G1 X108.494 Y105.028 E131.9753
G1 X108.973 Y103.823 E131.99156
G1 X109.276 Y103.259 E131.99959
G1 X109.347 Y103.157 E132.00115
G1 X109.978 Y102.245 E132.01506
G1 X110.83 Y101.332 E132.03072
G1 X111.259 Y100.963 E132.03782
G1 X112.014 Y100.448 E132.04928
G1 X112.014 Y97.713 E132.08357
G1 X112.262 Y97.589 E132.08705
G1 X113.584 Y97.122 E132.10463
G1 X114.681 Y96.888 E132.1187
G1 X114.681 Y99.345 E132.14951
G1 X115.254 Y99.212 E132.15689
G1 X116.521 Y99.12 E132.17282
G1 X117.115 Y99.143 E132.18027
G1 X117.348 Y99.177 E132.18323
G1 X117.348 Y96.771 E132.2134
G1 F1500 E125.7134
G0 F15000 X122.682 Y101.845
G1 F1500 E132.2134
G1 F3000 X122.682 Y98.637 E132.25363
G1 X123.945 Y99.7 E132.27433
G1 X125.132 Y100.994 E132.29635
G1 X126.042 Y102.473 E132.31813
G1 X126.607 Y103.733 E132.33544
G1 X127.009 Y105.081 E132.35308
G1 X127.23 Y106.446 E132.37042
G1 X127.277 Y107.861 E132.38818
G1 X127.144 Y109.24 E132.40555
G1 X126.832 Y110.597 E132.42301
G1 X126.6 Y111.273 E132.43198
G1 X126.031 Y112.547 E132.44947
G1 X125.349 Y113.655 E132.46579
G1 X125.349 Y101.347 E132.62014
G1 F1500 E126.12014
G0 F15000 X123.065 Y99.268
G0 X121.766 Y98.383
G0 X120.347 Y97.698
G0 X118.846 Y97.236
G0 X117.344 Y97.01
G0 X116.447 Y96.977
G0 X114.936 Y97.09
G0 X113.454 Y97.427
G0 X112.605 Y97.725
G0 X111.241 Y98.383
G0 X109.984 Y99.238
G0 X109.303 Y99.825
G0 X108.467 Y100.727
G0 X107.578 Y101.952
G0 X109.347 Y103.157
G1 F1500 E132.62014
G1 F3000 X109.347 Y99.465 E132.66644
G1 X108.82 Y99.933 E132.67527
G1 X107.906 Y100.991 E132.69281
G1 X107.147 Y102.145 E132.71013
G1 X106.525 Y103.42 E132.72792
G1 X106.081 Y104.725 E132.7452
G1 X105.811 Y106.095 E132.76272
G1 X105.723 Y107.493 E132.78028
G1 X105.809 Y108.89 E132.79783
G1 X106.076 Y110.246 E132.81516
G1 X106.518 Y111.577 E132.83275
G1 X106.68 Y111.907 E132.83736
G1 X106.68 Y103.102 E132.94778
M204 S3500
G1 F1500 E126.44778
;MESH:The cap.stl
G0 F15000 X110.142 Y104.436
G0 X111.325 Y103.628
;TYPE:FILL
G1 F1500 E132.94778
G1 F4200 X110.082 Y108.267 E133.00801
G1 X110.026 Y107.506 E133.01758
G1 X110.097 Y106.542 E133.0297
G1 X110.314 Y105.59 E133.04194
G1 X110.755 Y104.467 E133.05707
G1 X111.433 Y103.471 E133.07218
G1 X111.93 Y102.932 E133.08138
G1 X113.499 Y104.5 E133.10919
G1 X113.16 Y104.84 E133.11521
G1 X112.642 Y105.656 E133.12733
G1 X112.336 Y106.552 E133.13921
G1 X112.226 Y107.508 E133.15128
G1 X112.355 Y108.61 E133.16519
G1 X110.225 Y109.18 E133.19284
G1 X110.754 Y110.531 E133.21104
G1 X111.433 Y111.528 E133.22616
G1 X112.105 Y112.254 E133.23857
G1 X112.854 Y112.852 E133.25059
G1 X113.906 Y113.459 E133.26582
G1 X114.001 Y113.487 E133.26706
G1 X110.566 Y110.052 E133.32798
G0 F15000 X115.734 Y113.916
G1 F4200 X120.438 Y112.655 E133.38905
G1 X120.356 Y112.733 E133.39047
G1 X119.103 Y113.457 E133.40862
G1 X117.944 Y113.815 E133.42383
G1 X116.99 Y113.959 E133.43593
G1 X116.015 Y113.959 E133.44816
G1 X114.817 Y113.778 E133.46335
G1 X115.386 Y111.653 E133.49094
G1 X116.51 Y111.777 E133.50512
G1 X117.451 Y111.672 E133.51699
G1 X118.362 Y111.352 E133.5291
G1 X119.17 Y110.842 E133.54108
G1 X119.504 Y110.505 E133.54703
G1 X121.068 Y112.07 E133.57478
G1 X121.433 Y111.734 E133.581
G1 X122.108 Y110.742 E133.59605
G1 X122.534 Y109.857 E133.60836
G1 X122.818 Y108.939 E133.62041
G1 X122.962 Y107.987 E133.63249
G1 X122.962 Y107.011 E133.64473
G1 X122.918 Y106.727 E133.64833
G1 X121.67 Y111.384 E133.70879
G0 F15000 X122.441 Y104.957
G1 F4200 X119.037 Y101.553 E133.76916
G1 X119.749 Y101.897 E133.77908
G1 X120.529 Y102.427 E133.7909
G1 X121.257 Y103.103 E133.80336
G1 X121.854 Y103.851 E133.81536
G1 X122.336 Y104.689 E133.82749
G1 X122.78 Y105.816 E133.84268
G1 X120.619 Y106.395 E133.87073
G1 X120.358 Y105.644 E133.8807
G1 X119.846 Y104.84 E133.89266
G1 X119.165 Y104.152 E133.9048
G1 X118.357 Y103.649 E133.91673
G1 X117.603 Y103.378 E133.92678
G1 X118.181 Y101.222 E133.95477
G1 X117.261 Y101.083 E133.96644
G1 X112.624 Y102.326 E134.02664
G1 X113.262 Y101.895 E134.0363
G1 X114.359 Y101.365 E134.05158
G1 X115.542 Y101.097 E134.06679
G1 X116.738 Y101.006 E134.08183
M204 S429
G0 F15000 X119.721 Y104.937
G0 X120.209 Y105.713
G0 X120.513 Y106.582
G0 X120.618 Y107.498
G0 X120.515 Y108.412
G0 X120.212 Y109.283
G0 X119.722 Y110.063
G0 X119.066 Y110.718
G0 X118.291 Y111.206
G0 X116.431 Y111.666
G0 X116.509 Y110.97
;TYPE:WALL-OUTER
G1 F3000 X115.731 Y110.886 E134.09164
G1 X114.978 Y110.618 E134.10166
G1 X114.34 Y110.214 E134.11113
G1 X113.788 Y109.661 E134.12093
G1 X113.367 Y108.99 E134.13087
G1 X113.117 Y108.269 E134.14044
G1 X113.033 Y107.492 E134.15024
G1 X113.117 Y106.729 E134.15986
G1 X113.367 Y106.01 E134.16941
G1 X113.779 Y105.351 E134.17916
G1 X114.337 Y104.788 E134.1891
G1 X114.997 Y104.371 E134.19889
G1 X115.731 Y104.114 E134.20864
G1 X116.493 Y104.03 E134.21825
G1 X117.287 Y104.117 E134.22827
G1 X118.008 Y104.371 E134.23786
G1 X118.65 Y104.775 E134.24737
G1 X119.219 Y105.34 E134.25742
G1 X119.638 Y106.009 E134.26732
G1 X119.881 Y106.705 E134.27657
G1 X119.974 Y107.492 E134.28651
G1 X119.882 Y108.29 E134.29658
G1 X119.632 Y109.004 E134.30607
G1 X119.228 Y109.647 E134.31559
G1 X118.675 Y110.205 E134.32544
G1 X118.001 Y110.632 E134.33545
G1 X117.287 Y110.883 E134.34494
G1 X116.509 Y110.97 E134.35475
G0 F15000 X116.311 Y110.949
G0 X116.233 Y111.644
G0 X116.011 Y114.06
G0 X115.953 Y114.759
G1 F3000 X117.052 Y114.759 E134.36854
G1 X118.12 Y114.598 E134.38208
G1 X119.424 Y114.195 E134.3992
G1 X120.606 Y113.512 E134.41632
G1 X121.033 Y113.197 E134.42297
G1 X122.046 Y112.257 E134.4403
G1 X122.803 Y111.143 E134.45719
G1 X123.281 Y110.15 E134.47101
G1 X123.601 Y109.115 E134.4846
G1 X123.762 Y108.049 E134.49812
G1 X123.762 Y106.949 E134.51191
G1 X123.559 Y105.614 E134.52884
G1 X123.06 Y104.341 E134.54599
G1 X122.516 Y103.399 E134.55963
G1 X121.843 Y102.556 E134.57316
G1 X121.033 Y101.803 E134.58703
G1 X120.146 Y101.2 E134.60048
G1 X119.153 Y100.721 E134.6143
G1 X118.125 Y100.404 E134.62779
G1 X116.772 Y100.201 E134.64495
G1 X115.42 Y100.304 E134.66195
G1 X114.094 Y100.605 E134.67901
G1 X112.86 Y101.2 E134.69619
G1 X111.748 Y101.954 E134.71303
G1 X110.806 Y102.97 E134.73041
G1 X110.045 Y104.086 E134.74735
G1 X109.547 Y105.355 E134.76444
G1 X109.304 Y106.42 E134.77814
G1 X109.224 Y107.506 E134.7918
G1 X109.304 Y108.58 E134.8053
G1 X109.546 Y109.64 E134.81894
G1 X110.044 Y110.913 E134.83608
G1 X110.806 Y112.03 E134.85304
G1 X111.558 Y112.84 E134.8669
G1 X112.402 Y113.514 E134.88044
G1 X113.584 Y114.197 E134.89756
G1 X114.886 Y114.598 E134.91465
G1 X115.953 Y114.759 E134.92818
M204 S1500
G0 F15000 X116.153 Y114.759
G0 X115.983 Y114.359
;TYPE:WALL-INNER
G1 F3300 X117.022 Y114.359 E134.94121
G1 X118.031 Y114.207 E134.954
G1 X119.263 Y113.826 E134.97018
G1 X120.596 Y113.055 E134.98949
G1 X121.738 Y111.997 E135.00901
G1 X122.455 Y110.943 E135.02499
G1 X122.907 Y110.004 E135.03806
G1 X123.21 Y109.025 E135.05091
G1 X123.362 Y108.019 E135.06367
G1 X123.362 Y106.979 E135.07672
G1 X123.17 Y105.718 E135.09271
G1 X122.698 Y104.515 E135.10892
G1 X122.185 Y103.625 E135.1218
G1 X121.549 Y102.829 E135.13458
G1 X120.783 Y102.117 E135.14769
G1 X119.946 Y101.548 E135.16038
G1 X119.006 Y101.095 E135.17347
G1 X118.036 Y100.795 E135.1862
G1 X116.759 Y100.604 E135.20239
G1 X115.48 Y100.7 E135.21848
G1 X114.227 Y100.985 E135.23459
G1 X113.06 Y101.548 E135.25084
G1 X112.008 Y102.261 E135.26678
G1 X111.12 Y103.22 E135.28317
G1 X110.399 Y104.279 E135.29923
G1 X109.93 Y105.473 E135.31532
G1 X109.701 Y106.48 E135.32827
G1 X109.625 Y107.506 E135.34117
G1 X109.701 Y108.52 E135.35392
G1 X109.929 Y109.522 E135.36681
G1 X110.4 Y110.725 E135.38301
G1 X111.12 Y111.78 E135.39903
G1 X111.831 Y112.546 E135.41214
G1 X112.628 Y113.182 E135.42492
G1 X113.745 Y113.828 E135.4411
G1 X114.975 Y114.207 E135.45724
G1 X115.983 Y114.359 E135.47003
G0 F15000 X116.011 Y114.06
G0 X116.475 Y111.671
G0 X116.509 Y111.37
G1 F3300 X115.642 Y111.276 E135.48096
G1 X114.827 Y110.995 E135.49178
G1 X114.09 Y110.527 E135.50272
G1 X113.474 Y109.909 E135.51367
G1 X113.018 Y109.188 E135.52436
G1 X112.727 Y108.359 E135.53538
G1 X112.629 Y107.506 E135.54615
G1 X112.727 Y106.64 E135.55708
G1 X113.017 Y105.812 E135.56808
G1 X113.473 Y105.087 E135.57882
G1 X114.082 Y104.48 E135.5896
G1 X114.823 Y104.011 E135.6006
G1 X115.643 Y103.724 E135.6115
G1 X116.501 Y103.627 E135.62232
G1 X117.367 Y103.72 E135.63325
G1 X118.182 Y104.01 E135.64409
G1 X118.916 Y104.468 E135.65494
G1 X119.533 Y105.09 E135.66593
G1 X119.996 Y105.82 E135.67677
G1 X120.279 Y106.633 E135.68757
G1 X120.374 Y107.492 E135.6984
G1 X120.28 Y108.365 E135.70942
G1 X119.993 Y109.178 E135.72023
G1 X119.538 Y109.907 E135.731
G1 X118.895 Y110.543 E135.74235
G1 X118.161 Y110.999 E135.75318
G1 X117.361 Y111.28 E135.76381
G1 X116.509 Y111.37 E135.77456
M204 S2000
G0 F15000 X116.442 Y111.969
G1 F1500 E129.27456
;MESH:NONMESH
G0 F600 X116.442 Y111.969 Z5.2
G0 F15000 X118.815 Y110.404
G0 X119.407 Y109.812
G0 X119.849 Y109.108
G0 X120.122 Y108.322
G0 X120.216 Y107.498
G0 X120.12 Y106.672
G0 X117.019 Y100.459
G0 X117.348 Y96.771
;TIME_ELAPSED:359.360752
;LAYER:25
;TYPE:SUPPORT
G1 F1500 E135.77456
G1 F3000 X117.735 Y96.79 E135.77942
G1 X119.101 Y97.041 E135.79683
G1 X120.015 Y97.329 E135.80885
G1 X120.015 Y99.911 E135.84123
G1 X120.682 Y100.232 E135.85051
G1 X121.726 Y100.944 E135.86636
G1 X122.642 Y101.795 E135.88204
G1 X122.682 Y101.845 E135.88284
G1 X123.43 Y102.784 E135.8979
G1 X124.052 Y103.857 E135.91345
G1 X124.524 Y105.075 E135.92983
G1 X124.666 Y105.603 E135.93669
G1 X124.862 Y106.867 E135.95273
G1 X124.862 Y108.125 E135.96851
G1 X124.675 Y109.363 E135.98421
G1 X124.309 Y110.55 E135.99978
G1 X123.76 Y111.695 E136.01571
G1 X123.092 Y112.672 E136.03055
G1 X122.682 Y113.156 E136.0385
G1 X122.682 Y116.322 E136.07821
G1 X121.68 Y116.959 E136.0931
G1 X120.425 Y117.545 E136.11047
G1 X120.015 Y117.675 E136.11586
G1 X120.015 Y115.099 E136.14816
G1 X119.521 Y115.318 E136.15494
G1 X118.357 Y115.673 E136.1702
G1 X117.348 Y115.825 E136.183
G1 X117.348 Y118.23 E136.21316
G1 X116.316 Y118.279 E136.22611
G1 X114.932 Y118.165 E136.24353
G1 X114.681 Y118.111 E136.24675
G1 X114.681 Y115.679 E136.27724
G1 X114.632 Y115.671 E136.27787
G1 X113.416 Y115.29 E136.29385
G1 X112.81 Y115.021 E136.30216
G1 X112.014 Y114.56 E136.3137
G1 X112.014 Y117.287 E136.34789
G1 X111.003 Y116.772 E136.36212
G1 X109.851 Y115.988 E136.3796
G1 X109.347 Y115.534 E136.3881
G1 X109.347 Y111.846 E136.43435
G1 X109.284 Y111.753 E136.43576
G1 X108.929 Y111.083 E136.44527
G1 X108.492 Y109.97 E136.46027
G1 X108.214 Y108.751 E136.47594
G1 X108.121 Y107.503 E136.49164
G1 X108.214 Y106.246 E136.50744
G1 X108.494 Y105.028 E136.52312
G1 X108.973 Y103.823 E136.53938
G1 X109.276 Y103.259 E136.54741
G1 X109.347 Y103.157 E136.54897
G1 X109.978 Y102.245 E136.56287
G1 X110.83 Y101.332 E136.57853
G1 X111.259 Y100.963 E136.58563
G1 X112.014 Y100.448 E136.59709
G1 X112.014 Y97.713 E136.63139
G1 X112.262 Y97.589 E136.63487
G1 X113.584 Y97.122 E136.65245
G1 X114.681 Y96.888 E136.66651
G1 X114.681 Y99.345 E136.69733
G1 X115.254 Y99.212 E136.7047
G1 X116.521 Y99.12 E136.72063
G1 X117.115 Y99.143 E136.72809
G1 X117.348 Y99.177 E136.73104
G1 X117.348 Y96.771 E136.76121
G1 F1500 E130.26121
G0 F15000 X122.682 Y101.845
G1 F1500 E136.76121
G1 F3000 X122.682 Y98.637 E136.80144
G1 X123.945 Y99.7 E136.82214
G1 X125.132 Y100.994 E136.84416
G1 X126.042 Y102.473 E136.86594
G1 X126.607 Y103.733 E136.88326
G1 X127.009 Y105.081 E136.9009
G1 X127.23 Y106.446 E136.91824
G1 X127.277 Y107.861 E136.93599
G1 X127.144 Y109.24 E136.95337
G1 X126.832 Y110.597 E136.97083
G1 X126.6 Y111.273 E136.97979
G1 X126.031 Y112.547 E136.99729
G1 X125.349 Y113.655 E137.0136
G1 X125.349 Y101.347 E137.16795
G1 F1500 E130.66795
G0 F15000 X123.065 Y99.268
G0 X121.766 Y98.383
G0 X120.347 Y97.698
G0 X118.846 Y97.236
G0 X117.344 Y97.01
G0 X116.447 Y96.977
G0 X114.936 Y97.09
G0 X113.454 Y97.427
G0 X112.605 Y97.725
G0 X111.241 Y98.383
G0 X109.984 Y99.238
G0 X109.303 Y99.825
G0 X108.467 Y100.727
G0 X107.578 Y101.952
G0 X109.347 Y103.157
G1 F1500 E137.16795
G1 F3000 X109.347 Y99.465 E137.21425
G1 X108.82 Y99.933 E137.22309
G1 X107.906 Y100.991 E137.24062
G1 X107.147 Y102.145 E137.25794
G1 X106.525 Y103.42 E137.27573
G1 X106.081 Y104.725 E137.29302
G1 X105.811 Y106.095 E137.31053
G1 X105.723 Y107.493 E137.3281
G1 X105.809 Y108.89 E137.34565
G1 X106.076 Y110.246 E137.36298
G1 X106.518 Y111.577 E137.38057
G1 X106.68 Y111.907 E137.38518
G1 X106.68 Y103.102 E137.49559
M204 S3500
G1 F1500 E130.99559
;MESH:The cap.stl
G0 F15000 X110.142 Y104.436
G0 X111.325 Y103.628
;TYPE:FILL
G1 F1500 E137.49559
G1 F4200 X110.082 Y108.265 E137.5558
G1 X110.025 Y107.506 E137.56534
G1 X110.097 Y106.542 E137.57746
G1 X110.314 Y105.59 E137.58971
G1 X110.755 Y104.465 E137.60486
G1 X111.433 Y103.472 E137.61994
G1 X111.93 Y102.932 E137.62914
G1 X113.477 Y104.478 E137.65657
G1 X112.908 Y105.194 E137.66804
G1 X112.621 Y105.719 E137.67554
G1 X112.254 Y106.794 E137.68979
G1 X112.255 Y107.991 E137.7048
G1 X112.393 Y108.599 E137.71262
G1 X110.225 Y109.18 E137.74076
G1 X110.757 Y110.538 E137.75905
G1 X111.433 Y111.528 E137.77409
G1 X112.105 Y112.254 E137.78649
G1 X112.854 Y112.852 E137.79851
G1 X113.906 Y113.458 E137.81374
G1 X114.001 Y113.487 E137.81498
G1 X110.566 Y110.052 E137.8759
G0 F15000 X115.736 Y113.915
G1 F4200 X120.437 Y112.656 E137.93693
G1 X120.357 Y112.732 E137.93832
G1 X119.109 Y113.454 E137.9564
G1 X117.943 Y113.815 E137.9717
G1 X116.99 Y113.959 E137.98379
G1 X116.015 Y113.958 E137.99602
G1 X114.817 Y113.778 E138.01121
G1 X115.4 Y111.603 E138.03945
G1 X116.032 Y111.75 E138.04758
G1 X116.983 Y111.749 E138.05951
G1 X117.93 Y111.532 E138.07169
G1 X118.793 Y111.112 E138.08373
G1 X119.525 Y110.527 E138.09548
G1 X121.068 Y112.07 E138.12284
G1 X121.438 Y111.729 E138.12915
G1 X122.108 Y110.741 E138.14412
G1 X122.534 Y109.857 E138.15643
G1 X122.818 Y108.939 E138.16848
G1 X122.962 Y107.987 E138.18055
G1 X122.962 Y107.011 E138.19279
G1 X122.918 Y106.727 E138.1964
G1 X121.67 Y111.385 E138.25687
G0 F15000 X122.442 Y104.958
G1 F4200 X119.037 Y101.553 E138.31726
G1 X119.749 Y101.897 E138.32717
G1 X120.529 Y102.427 E138.339
G1 X121.257 Y103.103 E138.35146
G1 X121.853 Y103.851 E138.36345
G1 X122.337 Y104.689 E138.37559
G1 X122.78 Y105.816 E138.39077
G1 X120.609 Y106.398 E138.41896
G1 X120.317 Y105.58 E138.42985
G1 X119.847 Y104.84 E138.44085
G1 X119.487 Y104.443 E138.44757
G1 X118.774 Y103.876 E138.45899
G1 X117.916 Y103.464 E138.47093
G1 X117.6 Y103.392 E138.47499
G1 X118.181 Y101.222 E138.50316
G1 X117.261 Y101.083 E138.51483
G1 X112.622 Y102.326 E138.57506
G1 X113.262 Y101.894 E138.58474
G1 X114.359 Y101.365 E138.60001
G1 X115.542 Y101.097 E138.61522
G1 X116.738 Y101.006 E138.63027
M204 S429
G0 F15000 X119.731 Y104.953
G0 X120.193 Y105.686
G0 X120.642 Y107.267
G0 X120.516 Y108.403
G0 X120.14 Y109.494
G0 X119.418 Y110.405
G0 X118.702 Y110.978
G0 X117.06 Y111.63
G0 X116.904 Y110.947
;TYPE:WALL-OUTER
G1 F3000 X116.094 Y110.946 E138.64042
G1 X115.155 Y110.727 E138.65251
G1 X114.34 Y110.214 E138.66459
G1 X113.788 Y109.661 E138.67439
G1 X113.275 Y108.845 E138.68648
G1 X113.054 Y107.886 E138.69882
G1 X113.057 Y106.907 E138.71109
G1 X113.363 Y106.019 E138.72287
G1 X113.571 Y105.643 E138.72826
G1 X114.16 Y104.905 E138.7401
G1 X115.146 Y104.277 E138.75476
G1 X116.116 Y104.051 E138.76725
G1 X116.896 Y104.051 E138.77703
G1 X117.639 Y104.22 E138.78659
G1 X118.355 Y104.565 E138.79656
G1 X118.941 Y105.03 E138.80594
G1 X119.217 Y105.337 E138.81111
G1 X119.62 Y105.974 E138.82057
G1 X119.775 Y106.345 E138.82561
G1 X119.994 Y107.315 E138.83808
G1 X119.89 Y108.254 E138.84993
G1 X119.575 Y109.17 E138.86207
G1 X118.941 Y109.97 E138.87488
G1 X118.355 Y110.436 E138.88426
G1 X117.645 Y110.778 E138.89415
G1 X116.904 Y110.947 E138.90368
G0 F15000 X116.704 Y110.947
G0 X116.705 Y111.649
G0 X116.994 Y114.06
G0 X117.052 Y114.759
G1 F3000 X118.12 Y114.598 E138.91722
G1 X119.425 Y114.194 E138.93435
G1 X120.606 Y113.512 E138.95146
G1 X121.033 Y113.197 E138.95811
G1 X122.049 Y112.254 E138.97549
G1 X122.803 Y111.143 E138.99233
G1 X123.281 Y110.15 E139.00615
G1 X123.601 Y109.115 E139.01974
G1 X123.762 Y108.049 E139.03326
G1 X123.762 Y106.949 E139.04705
G1 X123.559 Y105.614 E139.06399
G1 X123.06 Y104.341 E139.08113
G1 X122.516 Y103.399 E139.09477
G1 X121.843 Y102.556 E139.1083
G1 X121.033 Y101.803 E139.12217
G1 X120.146 Y101.2 E139.13562
G1 X119.153 Y100.721 E139.14944
G1 X118.125 Y100.404 E139.16294
G1 X116.772 Y100.201 E139.18009
G1 X115.42 Y100.304 E139.1971
G1 X114.094 Y100.605 E139.21415
G1 X112.86 Y101.2 E139.23133
G1 X111.751 Y101.951 E139.24812
G1 X110.806 Y102.97 E139.26555
G1 X110.045 Y104.086 E139.28249
G1 X109.547 Y105.355 E139.29959
G1 X109.304 Y106.42 E139.31328
G1 X109.224 Y107.506 E139.32694
G1 X109.304 Y108.58 E139.34045
G1 X109.546 Y109.639 E139.35407
G1 X110.044 Y110.913 E139.37122
G1 X110.806 Y112.03 E139.38818
G1 X111.558 Y112.84 E139.40204
G1 X112.402 Y113.514 E139.41558
G1 X113.584 Y114.197 E139.4327
G1 X114.886 Y114.598 E139.44979
G1 X115.953 Y114.758 E139.46332
G1 X117.052 Y114.759 E139.4771
M204 S1500
G0 F15000 X117.249 Y114.73
G0 X117.022 Y114.359
;TYPE:WALL-INNER
G1 F3300 X118.03 Y114.207 E139.48988
G1 X119.264 Y113.825 E139.50608
G1 X120.596 Y113.056 E139.52537
G1 X121.742 Y111.994 E139.54496
G1 X122.455 Y110.943 E139.56089
G1 X122.907 Y110.004 E139.57396
G1 X123.21 Y109.025 E139.58681
G1 X123.362 Y108.019 E139.59957
G1 X123.362 Y106.979 E139.61261
G1 X123.17 Y105.718 E139.62861
G1 X122.698 Y104.515 E139.64481
G1 X122.184 Y103.625 E139.6577
G1 X121.549 Y102.829 E139.67047
G1 X120.783 Y102.117 E139.68359
G1 X119.946 Y101.548 E139.69628
G1 X119.006 Y101.095 E139.70936
G1 X118.036 Y100.795 E139.7221
G1 X116.759 Y100.603 E139.73829
G1 X115.48 Y100.701 E139.75438
G1 X114.227 Y100.985 E139.77049
G1 X113.06 Y101.548 E139.78674
G1 X112.011 Y102.258 E139.80262
G1 X111.12 Y103.22 E139.81906
G1 X110.4 Y104.274 E139.83507
G1 X109.93 Y105.473 E139.85122
G1 X109.701 Y106.48 E139.86417
G1 X109.625 Y107.506 E139.87707
G1 X109.7 Y108.52 E139.88982
G1 X109.93 Y109.521 E139.9027
G1 X110.399 Y110.724 E139.9189
G1 X111.12 Y111.78 E139.93493
G1 X111.831 Y112.546 E139.94804
G1 X112.628 Y113.182 E139.96082
G1 X113.745 Y113.828 E139.97701
G1 X114.975 Y114.207 E139.99315
G1 X115.983 Y114.358 E140.00593
G1 X117.022 Y114.359 E140.01896
G0 F15000 X116.994 Y114.06
G0 X116.077 Y111.65
G0 X116.077 Y111.35
G1 F3300 X115.015 Y111.108 E140.03262
G1 X114.09 Y110.527 E140.04631
G1 X113.474 Y109.909 E140.05726
G1 X112.901 Y109.01 E140.07063
G1 X112.655 Y107.946 E140.08432
G1 X112.653 Y106.859 E140.09795
G1 X112.991 Y105.873 E140.11102
G1 X113.241 Y105.417 E140.11754
G1 X113.894 Y104.596 E140.1307
G1 X115.012 Y103.892 E140.14727
G1 X116.085 Y103.652 E140.16106
G1 X116.956 Y103.655 E140.17198
G1 X117.757 Y103.837 E140.18228
G1 X118.556 Y104.215 E140.19336
G1 X119.214 Y104.736 E140.20389
G1 X119.53 Y105.087 E140.20981
G1 X119.967 Y105.774 E140.22002
G1 X120.148 Y106.199 E140.22582
G1 X120.399 Y107.273 E140.23965
G1 X120.281 Y108.357 E140.25332
G1 X119.922 Y109.383 E140.26695
G1 X119.224 Y110.254 E140.28095
G1 X118.555 Y110.783 E140.29164
G1 X117.793 Y111.153 E140.30227
G1 X116.964 Y111.343 E140.31293
G1 X116.077 Y111.35 E140.32406
M204 S2000
G0 F15000 X116.077 Y111.95
G1 F1500 E133.82406
;MESH:NONMESH
G0 F600 X116.077 Y111.95 Z5.4
G0 F15000 X114.19 Y110.404
G0 X113.603 Y109.815
G0 X113.05 Y108.94
G0 X112.816 Y107.925
G0 X112.814 Y106.886
G0 X113.149 Y105.91
G0 X117.019 Y100.459
G0 X117.348 Y96.771
;TIME_ELAPSED:370.480327
;LAYER:26
;TYPE:SUPPORT
G1 F1500 E140.32406
G1 F3000 X117.735 Y96.79 E140.32892
G1 X119.101 Y97.041 E140.34633
G1 X120.015 Y97.329 E140.35835
G1 X120.015 Y99.911 E140.39073
G1 X120.682 Y100.232 E140.40001
G1 X121.726 Y100.944 E140.41586
G1 X122.642 Y101.795 E140.43154
G1 X122.682 Y101.845 E140.43234
G1 X123.43 Y102.784 E140.4474
G1 X124.052 Y103.857 E140.46295
G1 X124.524 Y105.075 E140.47933
G1 X124.666 Y105.603 E140.48619
G1 X124.862 Y106.867 E140.50223
G1 X124.862 Y108.125 E140.518
G1 X124.675 Y109.363 E140.5337
G1 X124.309 Y110.55 E140.54928
G1 X123.76 Y111.695 E140.5652
G1 X123.092 Y112.672 E140.58005
G1 X122.682 Y113.156 E140.588
G1 X122.682 Y116.322 E140.6277
G1 X121.68 Y116.959 E140.64259
G1 X120.425 Y117.545 E140.65996
G1 X120.015 Y117.675 E140.66536
G1 X120.015 Y115.099 E140.69766
G1 X119.521 Y115.318 E140.70444
G1 X118.357 Y115.673 E140.7197
G1 X117.348 Y115.825 E140.73249
G1 X117.348 Y118.23 E140.76265
G1 X116.316 Y118.279 E140.77561
G1 X114.932 Y118.165 E140.79302
G1 X114.681 Y118.111 E140.79624
G1 X114.681 Y115.679 E140.82674
G1 X114.632 Y115.671 E140.82737
G1 X113.416 Y115.29 E140.84335
G1 X112.81 Y115.021 E140.85166
G1 X112.014 Y114.56 E140.8632
G1 X112.014 Y117.287 E140.89739
G1 X111.003 Y116.772 E140.91162
G1 X109.851 Y115.988 E140.9291
G1 X109.347 Y115.534 E140.9376
G1 X109.347 Y111.846 E140.98385
G1 X109.284 Y111.753 E140.98526
G1 X108.929 Y111.083 E140.99477
G1 X108.492 Y109.97 E141.00976
G1 X108.214 Y108.751 E141.02544
G1 X108.121 Y107.503 E141.04114
G1 X108.214 Y106.246 E141.05694
G1 X108.494 Y105.028 E141.07261
G1 X108.973 Y103.823 E141.08888
G1 X109.276 Y103.259 E141.09691
G1 X109.347 Y103.157 E141.09846
G1 X109.978 Y102.245 E141.11237
G1 X110.83 Y101.332 E141.12803
G1 X111.259 Y100.963 E141.13513
G1 X112.014 Y100.448 E141.14659
G1 X112.014 Y97.713 E141.18089
G1 X112.262 Y97.589 E141.18436
G1 X113.584 Y97.122 E141.20195
G1 X114.681 Y96.888 E141.21601
G1 X114.681 Y99.345 E141.24682
G1 X115.254 Y99.212 E141.2542
G1 X116.521 Y99.12 E141.27013
G1 X117.115 Y99.143 E141.27759
G1 X117.348 Y99.177 E141.28054
G1 X117.348 Y96.771 E141.31071
G1 F1500 E134.81071
G0 F15000 X122.682 Y101.845
G1 F1500 E141.31071
G1 F3000 X122.682 Y98.637 E141.35094
G1 X123.945 Y99.7 E141.37164
G1 X125.132 Y100.994 E141.39366
G1 X126.042 Y102.473 E141.41544
G1 X126.607 Y103.733 E141.43276
G1 X127.009 Y105.081 E141.4504
G1 X127.23 Y106.446 E141.46774
G1 X127.277 Y107.861 E141.48549
G1 X127.144 Y109.24 E141.50286
G1 X126.832 Y110.597 E141.52033
G1 X126.6 Y111.273 E141.52929
G1 X126.031 Y112.547 E141.54679
G1 X125.349 Y113.655 E141.5631
G1 X125.349 Y101.347 E141.71745
G1 F1500 E135.21745
G0 F15000 X123.065 Y99.268
G0 X121.766 Y98.383
G0 X120.347 Y97.698
G0 X118.846 Y97.236
G0 X117.344 Y97.01
G0 X116.447 Y96.977
G0 X114.936 Y97.09
G0 X113.454 Y97.427
G0 X112.605 Y97.725
G0 X111.241 Y98.383
G0 X109.984 Y99.238
G0 X109.303 Y99.825
G0 X108.467 Y100.727
G0 X107.578 Y101.952
G0 X109.347 Y103.157
G1 F1500 E141.71745
G1 F3000 X109.347 Y99.465 E141.76375
G1 X108.82 Y99.933 E141.77259
G1 X107.906 Y100.991 E141.79012
G1 X107.147 Y102.145 E141.80744
G1 X106.525 Y103.42 E141.82523
G1 X106.081 Y104.725 E141.84252
G1 X105.811 Y106.095 E141.86003
G1 X105.723 Y107.493 E141.87759
G1 X105.809 Y108.89 E141.89515
G1 X106.076 Y110.246 E141.91248
G1 X106.518 Y111.577 E141.93006
G1 X106.68 Y111.907 E141.93467
G1 X106.68 Y103.102 E142.04509
M204 S3500
G1 F1500 E135.54509
;MESH:The cap.stl
G0 F15000 X110.142 Y104.436
G0 X111.325 Y103.628
;TYPE:FILL
G1 F1500 E142.04509
G1 F4200 X110.082 Y108.267 E142.10532
G1 X110.026 Y107.506 E142.11489
G1 X110.097 Y106.542 E142.12701
G1 X110.314 Y105.59 E142.13925
G1 X110.755 Y104.467 E142.15438
G1 X111.433 Y103.471 E142.16949
G1 X111.93 Y102.932 E142.17869
G1 X113.499 Y104.5 E142.2065
G1 X113.16 Y104.84 E142.21253
G1 X112.644 Y105.656 E142.22463
G1 X112.254 Y106.787 E142.23964
G1 X112.254 Y107.987 E142.25468
G1 X112.393 Y108.599 E142.26255
G1 X110.225 Y109.18 E142.2907
G1 X110.754 Y110.533 E142.30892
G1 X111.433 Y111.528 E142.32403
G1 X112.105 Y112.254 E142.33643
G1 X112.854 Y112.852 E142.34845
G1 X113.906 Y113.459 E142.36368
G1 X114.001 Y113.487 E142.36492
G1 X110.565 Y110.051 E142.42586
G0 F15000 X115.734 Y113.916
G1 F4200 X120.438 Y112.655 E142.48693
G1 X120.356 Y112.733 E142.48835
G1 X119.103 Y113.457 E142.5065
G1 X117.944 Y113.815 E142.52171
G1 X116.99 Y113.959 E142.53381
G1 X116.015 Y113.959 E142.54604
G1 X114.817 Y113.778 E142.56123
G1 X115.386 Y111.653 E142.58882
G1 X116.51 Y111.777 E142.603
G1 X117.451 Y111.672 E142.61487
G1 X118.362 Y111.352 E142.62698
G1 X119.17 Y110.842 E142.63896
G1 X119.504 Y110.505 E142.64491
G1 X121.068 Y112.07 E142.67266
G1 X121.433 Y111.734 E142.67888
G1 X122.108 Y110.742 E142.69393
G1 X122.534 Y109.857 E142.70624
G1 X122.818 Y108.939 E142.7183
G1 X122.962 Y107.987 E142.73037
G1 X122.962 Y107.011 E142.74261
G1 X122.918 Y106.727 E142.74621
G1 X121.67 Y111.384 E142.80667
G0 F15000 X122.441 Y104.957
G1 F4200 X119.037 Y101.553 E142.86704
G1 X119.749 Y101.897 E142.87696
G1 X120.529 Y102.427 E142.88879
G1 X121.257 Y103.103 E142.90124
G1 X121.854 Y103.851 E142.91325
G1 X122.336 Y104.689 E142.92537
G1 X122.78 Y105.816 E142.94056
G1 X120.619 Y106.395 E142.96861
G1 X120.358 Y105.644 E142.97858
G1 X119.846 Y104.84 E142.99054
G1 X119.165 Y104.152 E143.00268
G1 X118.357 Y103.649 E143.01461
G1 X117.603 Y103.378 E143.02466
G1 X118.181 Y101.222 E143.05265
G1 X117.261 Y101.083 E143.06432
G1 X112.624 Y102.326 E143.12452
G1 X113.262 Y101.895 E143.13418
G1 X114.359 Y101.365 E143.14946
G1 X115.542 Y101.097 E143.16467
G1 X116.738 Y101.006 E143.17971
M204 S429
G0 F15000 X119.721 Y104.937
G0 X120.209 Y105.713
G0 X120.513 Y106.582
G0 X120.618 Y107.498
G0 X120.515 Y108.412
G0 X120.212 Y109.283
G0 X119.722 Y110.063
G0 X119.066 Y110.718
G0 X118.291 Y111.206
G0 X116.431 Y111.666
G0 X116.509 Y110.97
;TYPE:WALL-OUTER
G1 F3000 X115.731 Y110.886 E143.18952
G1 X114.978 Y110.618 E143.19955
G1 X114.34 Y110.214 E143.20902
G1 X113.788 Y109.661 E143.21881
G1 X113.274 Y108.843 E143.23093
G1 X113.053 Y107.879 E143.24333
G1 X113.057 Y106.902 E143.25558
G1 X113.367 Y106.01 E143.26743
G1 X113.779 Y105.351 E143.27717
G1 X114.337 Y104.788 E143.28711
G1 X114.997 Y104.371 E143.2969
G1 X115.731 Y104.114 E143.30666
G1 X116.493 Y104.03 E143.31627
G1 X117.287 Y104.117 E143.32629
G1 X118.008 Y104.371 E143.33587
G1 X118.65 Y104.775 E143.34538
G1 X119.219 Y105.34 E143.35544
G1 X119.638 Y106.009 E143.36534
G1 X119.881 Y106.705 E143.37458
G1 X119.974 Y107.492 E143.38452
G1 X119.882 Y108.29 E143.3946
G1 X119.632 Y109.004 E143.40408
G1 X119.228 Y109.647 E143.41361
G1 X118.675 Y110.205 E143.42346
G1 X118.001 Y110.632 E143.43346
G1 X117.287 Y110.883 E143.44295
G1 X116.509 Y110.97 E143.45277
G0 F15000 X116.311 Y110.949
G0 X116.233 Y111.644
G0 X116.011 Y114.06
G0 X115.953 Y114.759
G1 F3000 X117.052 Y114.759 E143.46655
G1 X118.12 Y114.598 E143.4801
G1 X119.424 Y114.195 E143.49721
G1 X120.606 Y113.512 E143.51433
G1 X121.033 Y113.197 E143.52099
G1 X122.046 Y112.257 E143.53832
G1 X122.803 Y111.143 E143.55521
G1 X123.281 Y110.15 E143.56903
G1 X123.601 Y109.115 E143.58261
G1 X123.762 Y108.049 E143.59613
G1 X123.762 Y106.949 E143.60993
G1 X123.559 Y105.614 E143.62686
G1 X123.06 Y104.341 E143.64401
G1 X122.516 Y103.399 E143.65765
G1 X121.843 Y102.556 E143.67118
G1 X121.033 Y101.803 E143.68504
G1 X120.146 Y101.2 E143.69849
G1 X119.153 Y100.721 E143.71232
G1 X118.125 Y100.404 E143.72581
G1 X116.772 Y100.201 E143.74297
G1 X115.42 Y100.304 E143.75997
G1 X114.094 Y100.605 E143.77702
G1 X112.86 Y101.2 E143.7942
G1 X111.748 Y101.954 E143.81105
G1 X110.806 Y102.97 E143.82843
G1 X110.045 Y104.086 E143.84536
G1 X109.547 Y105.355 E143.86246
G1 X109.304 Y106.42 E143.87616
G1 X109.224 Y107.506 E143.88981
G1 X109.304 Y108.58 E143.90332
G1 X109.546 Y109.639 E143.91694
G1 X110.044 Y110.913 E143.9341
G1 X110.806 Y112.03 E143.95105
G1 X111.558 Y112.84 E143.96491
G1 X112.402 Y113.514 E143.97846
G1 X113.584 Y114.197 E143.99558
G1 X114.886 Y114.598 E144.01266
G1 X115.953 Y114.759 E144.02619
M204 S1500
G0 F15000 X116.153 Y114.759
G0 X115.983 Y114.359
;TYPE:WALL-INNER
G1 F3300 X117.022 Y114.359 E144.03922
G1 X118.031 Y114.207 E144.05202
G1 X119.263 Y113.826 E144.06819
G1 X120.596 Y113.055 E144.0875
G1 X121.738 Y111.997 E144.10702
G1 X122.455 Y110.943 E144.12301
G1 X122.907 Y110.004 E144.13608
G1 X123.21 Y109.025 E144.14893
G1 X123.362 Y108.019 E144.16169
G1 X123.362 Y106.979 E144.17473
G1 X123.17 Y105.718 E144.19073
G1 X122.698 Y104.515 E144.20693
G1 X122.185 Y103.625 E144.21982
G1 X121.549 Y102.829 E144.23259
G1 X120.783 Y102.117 E144.24571
G1 X119.946 Y101.548 E144.2584
G1 X119.006 Y101.095 E144.27148
G1 X118.036 Y100.795 E144.28422
G1 X116.759 Y100.604 E144.30041
G1 X115.48 Y100.7 E144.31649
G1 X114.227 Y100.985 E144.33261
G1 X113.06 Y101.548 E144.34886
G1 X112.008 Y102.261 E144.36479
G1 X111.12 Y103.22 E144.38118
G1 X110.398 Y104.28 E144.39727
G1 X109.931 Y105.473 E144.41333
G1 X109.701 Y106.48 E144.42629
G1 X109.625 Y107.506 E144.43919
G1 X109.701 Y108.52 E144.45194
G1 X109.93 Y109.521 E144.46482
G1 X110.399 Y110.724 E144.48101
G1 X111.12 Y111.78 E144.49704
G1 X111.831 Y112.546 E144.51015
G1 X112.628 Y113.182 E144.52294
G1 X113.745 Y113.828 E144.53912
G1 X114.975 Y114.207 E144.55526
G1 X115.983 Y114.359 E144.56804
G0 F15000 X116.011 Y114.06
G0 X116.475 Y111.671
G0 X116.509 Y111.37
G1 F3300 X115.642 Y111.276 E144.57898
G1 X114.827 Y110.995 E144.58979
G1 X114.09 Y110.527 E144.60074
G1 X113.474 Y109.909 E144.61168
G1 X112.898 Y109.003 E144.62514
G1 X112.654 Y107.94 E144.63882
G1 X112.654 Y106.85 E144.65249
G1 X113.017 Y105.812 E144.66628
G1 X113.473 Y105.087 E144.67702
G1 X114.082 Y104.48 E144.6878
G1 X114.823 Y104.011 E144.6988
G1 X115.643 Y103.724 E144.7097
G1 X116.501 Y103.627 E144.72052
G1 X117.367 Y103.72 E144.73145
G1 X118.182 Y104.01 E144.74229
G1 X118.916 Y104.468 E144.75314
G1 X119.533 Y105.09 E144.76413
G1 X119.996 Y105.82 E144.77497
G1 X120.279 Y106.633 E144.78577
G1 X120.374 Y107.492 E144.7966
G1 X120.28 Y108.365 E144.80761
G1 X119.993 Y109.178 E144.81843
G1 X119.538 Y109.907 E144.8292
G1 X118.895 Y110.543 E144.84054
G1 X118.161 Y110.999 E144.85138
G1 X117.361 Y111.28 E144.86201
G1 X116.509 Y111.37 E144.87276
M204 S2000
G0 F15000 X116.442 Y111.969
G1 F1500 E138.37276
;MESH:NONMESH
G0 F600 X116.442 Y111.969 Z5.6
G0 F15000 X118.815 Y110.404
G0 X119.407 Y109.812
G0 X119.849 Y109.108
G0 X120.122 Y108.322
G0 X120.216 Y107.498
G0 X120.12 Y106.672
G0 X117.019 Y100.459
G0 X117.348 Y96.771
;TIME_ELAPSED:381.587591
;LAYER:27
;TYPE:SUPPORT
G1 F1500 E144.87276
G1 F3000 X117.735 Y96.79 E144.87762
G1 X119.101 Y97.041 E144.89503
G1 X120.015 Y97.329 E144.90705
G1 X120.015 Y99.911 E144.93943
G1 X120.682 Y100.232 E144.94871
G1 X121.726 Y100.944 E144.96456
G1 X122.642 Y101.795 E144.98024
G1 X122.682 Y101.845 E144.98104
G1 X123.43 Y102.784 E144.9961
G1 X124.052 Y103.857 E145.01165
G1 X124.524 Y105.075 E145.02803
G1 X124.666 Y105.603 E145.03489
G1 X124.862 Y106.867 E145.05093
G1 X124.862 Y108.125 E145.0667
G1 X124.675 Y109.363 E145.08241
G1 X124.309 Y110.55 E145.09798
G1 X123.76 Y111.695 E145.11391
G1 X123.092 Y112.672 E145.12875
G1 X122.682 Y113.156 E145.1367
G1 X122.682 Y116.322 E145.17641
G1 X121.68 Y116.959 E145.1913
G1 X120.425 Y117.545 E145.20866
G1 X120.015 Y117.675 E145.21406
G1 X120.015 Y115.099 E145.24636
G1 X119.521 Y115.318 E145.25314
G1 X118.357 Y115.673 E145.2684
G1 X117.348 Y115.825 E145.2812
G1 X117.348 Y118.23 E145.31136
G1 X116.316 Y118.279 E145.32431
G1 X114.932 Y118.165 E145.34173
G1 X114.681 Y118.111 E145.34495
G1 X114.681 Y115.679 E145.37544
G1 X114.632 Y115.671 E145.37607
G1 X113.416 Y115.29 E145.39205
G1 X112.81 Y115.021 E145.40036
G1 X112.014 Y114.56 E145.4119
G1 X112.014 Y117.287 E145.44609
G1 X111.003 Y116.772 E145.46032
G1 X109.851 Y115.988 E145.4778
G1 X109.347 Y115.534 E145.4863
G1 X109.347 Y111.846 E145.53255
G1 X109.284 Y111.753 E145.53396
G1 X108.929 Y111.083 E145.54347
G1 X108.492 Y109.97 E145.55846
G1 X108.214 Y108.751 E145.57414
G1 X108.121 Y107.503 E145.58984
G1 X108.214 Y106.246 E145.60564
G1 X108.494 Y105.028 E145.62132
G1 X108.973 Y103.823 E145.63758
G1 X109.276 Y103.259 E145.64561
G1 X109.347 Y103.157 E145.64717
G1 X109.978 Y102.245 E145.66107
G1 X110.83 Y101.332 E145.67673
G1 X111.259 Y100.963 E145.68383
G1 X112.014 Y100.448 E145.69529
G1 X112.014 Y97.713 E145.72959
G1 X112.262 Y97.589 E145.73306
G1 X113.584 Y97.122 E145.75065
G1 X114.681 Y96.888 E145.76471
G1 X114.681 Y99.345 E145.79553
G1 X115.254 Y99.212 E145.8029
G1 X116.521 Y99.12 E145.81883
G1 X117.115 Y99.143 E145.82629
G1 X117.348 Y99.177 E145.82924
G1 X117.348 Y96.771 E145.85941
G1 F1500 E139.35941
G0 F15000 X122.682 Y101.845
G1 F1500 E145.85941
G1 F3000 X122.682 Y98.637 E145.89964
G1 X123.945 Y99.7 E145.92034
G1 X125.132 Y100.994 E145.94236
G1 X126.042 Y102.473 E145.96414
G1 X126.607 Y103.733 E145.98146
G1 X127.009 Y105.081 E145.9991
G1 X127.23 Y106.446 E146.01644
G1 X127.277 Y107.861 E146.03419
G1 X127.144 Y109.24 E146.05157
G1 X126.832 Y110.597 E146.06903
G1 X126.6 Y111.273 E146.07799
G1 X126.031 Y112.547 E146.09549
G1 X125.349 Y113.655 E146.1118
G1 X125.349 Y101.347 E146.26615
G1 F1500 E139.76615
G0 F15000 X123.065 Y99.268
G0 X121.766 Y98.383
G0 X120.347 Y97.698
G0 X118.846 Y97.236
G0 X117.344 Y97.01
G0 X116.447 Y96.977
G0 X114.936 Y97.09
G0 X113.454 Y97.427
G0 X112.605 Y97.725
G0 X111.241 Y98.383
G0 X109.984 Y99.238
G0 X109.303 Y99.825
G0 X108.467 Y100.727
G0 X107.578 Y101.952
G0 X109.347 Y103.157
G1 F1500 E146.26615
G1 F3000 X109.347 Y99.465 E146.31245
G1 X108.82 Y99.933 E146.32129
G1 X107.906 Y100.991 E146.33882
G1 X107.147 Y102.145 E146.35614
G1 X106.525 Y103.42 E146.37393
G1 X106.081 Y104.725 E146.39122
G1 X105.811 Y106.095 E146.40873
G1 X105.723 Y107.493 E146.42629
G1 X105.809 Y108.89 E146.44385
G1 X106.076 Y110.246 E146.46118
G1 X106.518 Y111.577 E146.47877
G1 X106.68 Y111.907 E146.48338
G1 X106.68 Y103.102 E146.59379
M204 S3500
G1 F1500 E140.09379
;MESH:The cap.stl
G0 F15000 X110.142 Y104.436
G0 X111.325 Y103.628
;TYPE:FILL
G1 F1500 E146.59379
G1 F4200 X110.082 Y108.267 E146.65402
G1 X110.026 Y107.506 E146.66359
G1 X110.097 Y106.542 E146.67571
G1 X110.314 Y105.59 E146.68796
G1 X110.755 Y104.467 E146.70309
G1 X111.433 Y103.471 E146.7182
G1 X111.93 Y102.932 E146.72739
G1 X113.499 Y104.5 E146.75521
G1 X113.16 Y104.84 E146.76123
G1 X112.644 Y105.656 E146.77333
G1 X112.254 Y106.787 E146.78834
G1 X112.254 Y107.987 E146.80339
G1 X112.393 Y108.599 E146.81126
G1 X110.225 Y109.18 E146.8394
G1 X110.754 Y110.533 E146.85762
G1 X111.433 Y111.528 E146.87273
G1 X112.105 Y112.254 E146.88513
G1 X112.854 Y112.852 E146.89715
G1 X113.906 Y113.459 E146.91238
G1 X114.001 Y113.487 E146.91362
G1 X110.565 Y110.051 E146.97456
G0 F15000 X115.734 Y113.916
G1 F4200 X120.438 Y112.655 E147.03563
G1 X120.356 Y112.733 E147.03705
G1 X119.103 Y113.457 E147.0552
G1 X117.944 Y113.815 E147.07041
G1 X116.99 Y113.959 E147.08251
G1 X116.015 Y113.959 E147.09474
G1 X114.817 Y113.778 E147.10993
G1 X115.386 Y111.653 E147.13752
G1 X116.51 Y111.777 E147.1517
G1 X117.451 Y111.672 E147.16357
G1 X118.362 Y111.352 E147.17568
G1 X119.17 Y110.842 E147.18766
G1 X119.504 Y110.505 E147.19361
G1 X121.068 Y112.07 E147.22136
G1 X121.433 Y111.734 E147.22758
G1 X122.108 Y110.742 E147.24263
G1 X122.534 Y109.857 E147.25495
G1 X122.818 Y108.939 E147.267
G1 X122.962 Y107.987 E147.27907
G1 X122.962 Y107.011 E147.29131
G1 X122.918 Y106.727 E147.29491
G1 X121.67 Y111.384 E147.35538
G0 F15000 X122.441 Y104.957
G1 F4200 X119.037 Y101.553 E147.41574
G1 X119.749 Y101.897 E147.42566
G1 X120.529 Y102.427 E147.43749
G1 X121.257 Y103.103 E147.44994
G1 X121.854 Y103.851 E147.46195
G1 X122.336 Y104.689 E147.47407
G1 X122.78 Y105.816 E147.48926
G1 X120.619 Y106.395 E147.51732
G1 X120.358 Y105.644 E147.52729
G1 X119.846 Y104.84 E147.53924
G1 X119.165 Y104.152 E147.55138
G1 X118.357 Y103.649 E147.56331
G1 X117.603 Y103.378 E147.57336
G1 X118.181 Y101.222 E147.60135
G1 X117.261 Y101.083 E147.61302
G1 X112.624 Y102.326 E147.67322
G1 X113.262 Y101.895 E147.68288
G1 X114.359 Y101.365 E147.69816
G1 X115.542 Y101.097 E147.71337
G1 X116.738 Y101.006 E147.72841
M204 S429
G0 F15000 X119.721 Y104.937
G0 X120.209 Y105.713
G0 X120.513 Y106.582
G0 X120.618 Y107.498
G0 X120.515 Y108.412
G0 X120.212 Y109.283
G0 X119.722 Y110.063
G0 X119.066 Y110.718
G0 X118.291 Y111.206
G0 X116.431 Y111.666
G0 X116.509 Y110.97
;TYPE:WALL-OUTER
G1 F3000 X115.731 Y110.886 E147.73822
G1 X114.978 Y110.618 E147.74825
G1 X114.34 Y110.214 E147.75772
G1 X113.788 Y109.661 E147.76752
G1 X113.274 Y108.843 E147.77963
G1 X113.053 Y107.879 E147.79203
G1 X113.057 Y106.902 E147.80429
G1 X113.367 Y106.01 E147.81613
G1 X113.779 Y105.351 E147.82587
G1 X114.337 Y104.788 E147.83581
G1 X114.997 Y104.371 E147.8456
G1 X115.731 Y104.114 E147.85536
G1 X116.493 Y104.03 E147.86497
G1 X117.287 Y104.117 E147.87499
G1 X118.008 Y104.371 E147.88457
G1 X118.65 Y104.775 E147.89409
G1 X119.219 Y105.34 E147.90414
G1 X119.638 Y106.009 E147.91404
G1 X119.881 Y106.705 E147.92329
G1 X119.974 Y107.492 E147.93322
G1 X119.882 Y108.29 E147.9433
G1 X119.632 Y109.004 E147.95278
G1 X119.228 Y109.647 E147.96231
G1 X118.675 Y110.205 E147.97216
G1 X118.001 Y110.632 E147.98216
G1 X117.287 Y110.883 E147.99166
G1 X116.509 Y110.97 E148.00147
G0 F15000 X116.311 Y110.949
G0 X116.233 Y111.644
G0 X116.011 Y114.06
G0 X115.953 Y114.759
G1 F3000 X117.052 Y114.759 E148.01525
G1 X118.12 Y114.598 E148.0288
G1 X119.424 Y114.195 E148.04591
G1 X120.606 Y113.512 E148.06303
G1 X121.033 Y113.197 E148.06969
G1 X122.046 Y112.257 E148.08702
G1 X122.803 Y111.143 E148.10391
G1 X123.281 Y110.15 E148.11773
G1 X123.601 Y109.115 E148.13131
G1 X123.762 Y108.049 E148.14483
G1 X123.762 Y106.949 E148.15863
G1 X123.559 Y105.614 E148.17556
G1 X123.06 Y104.341 E148.19271
G1 X122.516 Y103.399 E148.20635
G1 X121.843 Y102.556 E148.21988
G1 X121.033 Y101.803 E148.23375
G1 X120.146 Y101.2 E148.2472
G1 X119.153 Y100.721 E148.26102
G1 X118.125 Y100.404 E148.27451
G1 X116.772 Y100.201 E148.29167
G1 X115.42 Y100.304 E148.30867
G1 X114.094 Y100.605 E148.32572
G1 X112.86 Y101.2 E148.3429
G1 X111.748 Y101.954 E148.35975
G1 X110.806 Y102.97 E148.37713
G1 X110.045 Y104.086 E148.39407
G1 X109.547 Y105.355 E148.41116
G1 X109.304 Y106.42 E148.42486
G1 X109.224 Y107.506 E148.43852
G1 X109.304 Y108.58 E148.45202
G1 X109.546 Y109.639 E148.46564
G1 X110.044 Y110.913 E148.4828
G1 X110.806 Y112.03 E148.49975
G1 X111.558 Y112.84 E148.51362
G1 X112.402 Y113.514 E148.52716
G1 X113.584 Y114.197 E148.54428
G1 X114.886 Y114.598 E148.56136
G1 X115.953 Y114.759 E148.5749
M204 S1500
G0 F15000 X116.153 Y114.759
G0 X115.983 Y114.359
;TYPE:WALL-INNER
G1 F3300 X117.022 Y114.359 E148.58793
G1 X118.031 Y114.207 E148.60072
G1 X119.263 Y113.826 E148.61689
G1 X120.596 Y113.055 E148.6362
G1 X121.738 Y111.997 E148.65573
G1 X122.455 Y110.943 E148.67171
G1 X122.907 Y110.004 E148.68478
G1 X123.21 Y109.025 E148.69763
G1 X123.362 Y108.019 E148.71039
G1 X123.362 Y106.979 E148.72343
G1 X123.17 Y105.718 E148.73943
G1 X122.698 Y104.515 E148.75563
G1 X122.185 Y103.625 E148.76852
G1 X121.549 Y102.829 E148.78129
G1 X120.783 Y102.117 E148.79441
G1 X119.946 Y101.548 E148.8071
G1 X119.006 Y101.095 E148.82019
G1 X118.036 Y100.795 E148.83292
G1 X116.759 Y100.604 E148.84911
G1 X115.48 Y100.7 E148.8652
G1 X114.227 Y100.985 E148.88131
G1 X113.06 Y101.548 E148.89756
G1 X112.008 Y102.261 E148.9135
G1 X111.12 Y103.22 E148.92989
G1 X110.398 Y104.28 E148.94597
G1 X109.931 Y105.473 E148.96203
G1 X109.701 Y106.48 E148.97499
G1 X109.625 Y107.506 E148.98789
G1 X109.701 Y108.52 E149.00064
G1 X109.93 Y109.521 E149.01352
G1 X110.399 Y110.724 E149.02971
G1 X111.12 Y111.78 E149.04575
G1 X111.831 Y112.546 E149.05885
G1 X112.628 Y113.182 E149.07164
G1 X113.745 Y113.828 E149.08782
G1 X114.975 Y114.207 E149.10396
G1 X115.983 Y114.359 E149.11674
G0 F15000 X116.011 Y114.06
G0 X116.475 Y111.671
G0 X116.509 Y111.37
G1 F3300 X115.642 Y111.276 E149.12768
G1 X114.827 Y110.995 E149.13849
G1 X114.09 Y110.527 E149.14944
G1 X113.474 Y109.909 E149.16038
G1 X112.898 Y109.003 E149.17385
G1 X112.654 Y107.94 E149.18752
G1 X112.654 Y106.85 E149.20119
G1 X113.017 Y105.812 E149.21498
G1 X113.473 Y105.087 E149.22572
G1 X114.082 Y104.48 E149.2365
G1 X114.823 Y104.011 E149.2475
G1 X115.643 Y103.724 E149.2584
G1 X116.501 Y103.627 E149.26922
G1 X117.367 Y103.72 E149.28015
G1 X118.182 Y104.01 E149.291
G1 X118.916 Y104.468 E149.30184
G1 X119.533 Y105.09 E149.31283
G1 X119.996 Y105.82 E149.32367
G1 X120.279 Y106.633 E149.33447
G1 X120.374 Y107.492 E149.34531
G1 X120.28 Y108.365 E149.35632
G1 X119.993 Y109.178 E149.36713
G1 X119.538 Y109.907 E149.3779
G1 X118.895 Y110.543 E149.38925
G1 X118.161 Y110.999 E149.40008
G1 X117.361 Y111.28 E149.41072
G1 X116.509 Y111.37 E149.42146
M204 S2000
G0 F15000 X116.442 Y111.969
G1 F1500 E142.92146
;MESH:NONMESH
G0 F600 X116.442 Y111.969 Z5.8
G0 F15000 X118.815 Y110.404
G0 X119.407 Y109.812
G0 X119.849 Y109.108
G0 X120.122 Y108.322
G0 X120.216 Y107.498
G0 X120.12 Y106.672
G0 X117.019 Y100.459
G0 X117.348 Y96.771
;TIME_ELAPSED:392.694856
;LAYER:28
;TYPE:SUPPORT
G1 F1500 E149.42146
G1 F3000 X117.735 Y96.79 E149.42632
G1 X119.101 Y97.041 E149.44374
G1 X120.015 Y97.329 E149.45575
G1 X120.015 Y99.911 E149.48813
G1 X120.682 Y100.232 E149.49741
G1 X121.726 Y100.944 E149.51326
G1 X122.642 Y101.795 E149.52894
G1 X122.682 Y101.845 E149.52974
G1 X123.43 Y102.784 E149.5448
G1 X124.052 Y103.857 E149.56035
G1 X124.524 Y105.075 E149.57673
G1 X124.666 Y105.603 E149.58359
G1 X124.862 Y106.867 E149.59963
G1 X124.862 Y108.125 E149.61541
G1 X124.675 Y109.363 E149.63111
G1 X124.309 Y110.55 E149.64668
G1 X123.76 Y111.695 E149.66261
G1 X123.092 Y112.672 E149.67745
G1 X122.682 Y113.156 E149.6854
G1 X122.682 Y116.322 E149.72511
G1 X121.68 Y116.959 E149.74
G1 X120.425 Y117.545 E149.75737
G1 X120.015 Y117.675 E149.76276
G1 X120.015 Y115.099 E149.79506
G1 X119.521 Y115.318 E149.80184
G1 X118.357 Y115.673 E149.8171
G1 X117.348 Y115.825 E149.8299
G1 X117.348 Y118.23 E149.86006
G1 X116.316 Y118.279 E149.87301
G1 X114.932 Y118.165 E149.89043
G1 X114.681 Y118.111 E149.89365
G1 X114.681 Y115.679 E149.92415
G1 X114.632 Y115.671 E149.92477
G1 X113.416 Y115.29 E149.94075
G1 X112.81 Y115.021 E149.94906
G1 X112.014 Y114.56 E149.9606
G1 X112.014 Y117.287 E149.9948
G1 X111.003 Y116.772 E150.00902
G1 X109.851 Y115.988 E150.0265
G1 X109.347 Y115.534 E150.03501
G1 X109.347 Y111.846 E150.08125
G1 X109.284 Y111.753 E150.08266
G1 X108.929 Y111.083 E150.09217
G1 X108.492 Y109.97 E150.10717
G1 X108.214 Y108.751 E150.12285
G1 X108.121 Y107.503 E150.13854
G1 X108.214 Y106.246 E150.15435
G1 X108.494 Y105.028 E150.17002
G1 X108.973 Y103.823 E150.18628
G1 X109.276 Y103.259 E150.19431
G1 X109.347 Y103.157 E150.19587
G1 X109.978 Y102.245 E150.20977
G1 X110.83 Y101.332 E150.22543
G1 X111.259 Y100.963 E150.23253
G1 X112.014 Y100.448 E150.24399
G1 X112.014 Y97.713 E150.27829
G1 X112.262 Y97.589 E150.28177
G1 X113.584 Y97.122 E150.29935
G1 X114.681 Y96.888 E150.31341
G1 X114.681 Y99.345 E150.34423
G1 X115.254 Y99.212 E150.3516
G1 X116.521 Y99.12 E150.36753
G1 X117.115 Y99.143 E150.37499
G1 X117.348 Y99.177 E150.37794
G1 X117.348 Y96.771 E150.40811
G1 F1500 E143.90811
G0 F15000 X122.682 Y101.845
G1 F1500 E150.40811
G1 F3000 X122.682 Y98.637 E150.44834
G1 X123.945 Y99.7 E150.46904
G1 X125.132 Y100.994 E150.49106
G1 X126.042 Y102.473 E150.51284
G1 X126.607 Y103.733 E150.53016
G1 X127.009 Y105.081 E150.5478
G1 X127.23 Y106.446 E150.56514
G1 X127.277 Y107.861 E150.58289
G1 X127.144 Y109.24 E150.60027
G1 X126.832 Y110.597 E150.61773
G1 X126.6 Y111.273 E150.62669
G1 X126.031 Y112.547 E150.64419
G1 X125.349 Y113.655 E150.6605
G1 X125.349 Y101.347 E150.81485
G1 F1500 E144.31485
G0 F15000 X123.065 Y99.268
G0 X121.766 Y98.383
G0 X120.347 Y97.698
G0 X118.846 Y97.236
G0 X117.344 Y97.01
G0 X116.447 Y96.977
G0 X114.936 Y97.09
G0 X113.454 Y97.427
G0 X112.605 Y97.725
G0 X111.241 Y98.383
G0 X109.984 Y99.238
G0 X109.303 Y99.825
G0 X108.467 Y100.727
G0 X107.578 Y101.952
G0 X109.347 Y103.157
G1 F1500 E150.81485
G1 F3000 X109.347 Y99.465 E150.86115
G1 X108.82 Y99.933 E150.86999
G1 X107.906 Y100.991 E150.88752
G1 X107.147 Y102.145 E150.90484
G1 X106.525 Y103.42 E150.92263
G1 X106.081 Y104.725 E150.93992
G1 X105.811 Y106.095 E150.95743
G1 X105.723 Y107.493 E150.975
G1 X105.809 Y108.89 E150.99255
G1 X106.076 Y110.246 E151.00988
G1 X106.518 Y111.577 E151.02747
G1 X106.68 Y111.907 E151.03208
G1 X106.68 Y103.102 E151.1425
M204 S3500
G1 F1500 E144.6425
;MESH:The cap.stl
G0 F15000 X110.142 Y104.436
G0 X111.325 Y103.628
;TYPE:FILL
G1 F1500 E151.1425
G1 F4200 X110.082 Y108.267 E151.20272
G1 X110.026 Y107.506 E151.21229
G1 X110.097 Y106.542 E151.22441
G1 X110.314 Y105.59 E151.23666
G1 X110.755 Y104.467 E151.25179
G1 X111.433 Y103.471 E151.2669
G1 X111.93 Y102.932 E151.27609
G1 X113.499 Y104.5 E151.30391
G1 X113.16 Y104.84 E151.30993
G1 X112.644 Y105.656 E151.32204
G1 X112.254 Y106.787 E151.33704
G1 X112.254 Y107.987 E151.35209
G1 X112.393 Y108.599 E151.35996
G1 X110.225 Y109.18 E151.3881
G1 X110.754 Y110.533 E151.40632
G1 X111.433 Y111.528 E151.42143
G1 X112.105 Y112.254 E151.43383
G1 X112.854 Y112.852 E151.44585
G1 X113.906 Y113.459 E151.46108
G1 X114.001 Y113.487 E151.46233
G1 X110.565 Y110.051 E151.52326
G0 F15000 X115.734 Y113.916
G1 F4200 X120.438 Y112.655 E151.58434
G1 X120.356 Y112.733 E151.58575
G1 X119.103 Y113.457 E151.6039
G1 X117.944 Y113.815 E151.61911
G1 X116.99 Y113.959 E151.63121
G1 X116.015 Y113.959 E151.64344
G1 X114.817 Y113.778 E151.65863
G1 X115.386 Y111.653 E151.68622
G1 X116.51 Y111.777 E151.7004
G1 X117.451 Y111.672 E151.71228
G1 X118.362 Y111.352 E151.72438
G1 X119.17 Y110.842 E151.73637
G1 X119.504 Y110.505 E151.74232
G1 X121.068 Y112.07 E151.77006
G1 X121.433 Y111.734 E151.77628
G1 X122.108 Y110.742 E151.79133
G1 X122.534 Y109.857 E151.80365
G1 X122.818 Y108.939 E151.8157
G1 X122.962 Y107.987 E151.82777
G1 X122.962 Y107.011 E151.84001
G1 X122.918 Y106.727 E151.84362
G1 X121.67 Y111.384 E151.90408
G0 F15000 X122.441 Y104.957
G1 F4200 X119.037 Y101.553 E151.96445
G1 X119.749 Y101.897 E151.97436
G1 X120.529 Y102.427 E151.98619
G1 X121.257 Y103.103 E151.99865
G1 X121.854 Y103.851 E152.01065
G1 X122.336 Y104.689 E152.02277
G1 X122.78 Y105.816 E152.03796
G1 X120.619 Y106.395 E152.06602
G1 X120.358 Y105.644 E152.07599
G1 X119.846 Y104.84 E152.08794
G1 X119.165 Y104.152 E152.10008
G1 X118.357 Y103.649 E152.11202
G1 X117.603 Y103.378 E152.12206
G1 X118.181 Y101.222 E152.15006
G1 X117.261 Y101.083 E152.16172
G1 X112.624 Y102.326 E152.22193
G1 X113.262 Y101.895 E152.23158
G1 X114.359 Y101.365 E152.24686
G1 X115.542 Y101.097 E152.26207
G1 X116.738 Y101.006 E152.27711
M204 S429
G0 F15000 X119.721 Y104.937
G0 X120.209 Y105.713
G0 X120.513 Y106.582
G0 X120.618 Y107.498
G0 X120.515 Y108.412
G0 X120.212 Y109.283
G0 X119.722 Y110.063
G0 X119.066 Y110.718
G0 X118.291 Y111.206
G0 X116.431 Y111.666
G0 X116.509 Y110.97
;TYPE:WALL-OUTER
G1 F3000 X115.731 Y110.886 E152.28693
G1 X114.978 Y110.618 E152.29695
G1 X114.34 Y110.214 E152.30642
G1 X113.788 Y109.661 E152.31622
G1 X113.274 Y108.843 E152.32833
G1 X113.053 Y107.879 E152.34073
G1 X113.057 Y106.902 E152.35299
G1 X113.367 Y106.01 E152.36483
G1 X113.779 Y105.351 E152.37458
G1 X114.337 Y104.788 E152.38452
G1 X114.997 Y104.371 E152.39431
G1 X115.731 Y104.114 E152.40406
G1 X116.493 Y104.03 E152.41367
G1 X117.287 Y104.117 E152.42369
G1 X118.008 Y104.371 E152.43327
G1 X118.65 Y104.775 E152.44279
G1 X119.219 Y105.34 E152.45284
G1 X119.638 Y106.009 E152.46274
G1 X119.881 Y106.705 E152.47199
G1 X119.974 Y107.492 E152.48192
G1 X119.882 Y108.29 E152.492
G1 X119.632 Y109.004 E152.50149
G1 X119.228 Y109.647 E152.51101
G1 X118.675 Y110.205 E152.52086
G1 X118.001 Y110.632 E152.53087
G1 X117.287 Y110.883 E152.54036
G1 X116.509 Y110.97 E152.55017
G0 F15000 X116.311 Y110.949
G0 X116.233 Y111.644
G0 X116.011 Y114.06
G0 X115.953 Y114.759
G1 F3000 X117.052 Y114.759 E152.56396
G1 X118.12 Y114.598 E152.5775
G1 X119.424 Y114.195 E152.59462
G1 X120.606 Y113.512 E152.61174
G1 X121.033 Y113.197 E152.61839
G1 X122.046 Y112.257 E152.63572
G1 X122.803 Y111.143 E152.65261
G1 X123.281 Y110.15 E152.66643
G1 X123.601 Y109.115 E152.68002
G1 X123.762 Y108.049 E152.69353
G1 X123.762 Y106.949 E152.70733
G1 X123.559 Y105.614 E152.72426
G1 X123.06 Y104.341 E152.74141
G1 X122.516 Y103.399 E152.75505
G1 X121.843 Y102.556 E152.76858
G1 X121.033 Y101.803 E152.78245
G1 X120.146 Y101.2 E152.7959
G1 X119.153 Y100.721 E152.80972
G1 X118.125 Y100.404 E152.82321
G1 X116.772 Y100.201 E152.84037
G1 X115.42 Y100.304 E152.85737
G1 X114.094 Y100.605 E152.87443
G1 X112.86 Y101.2 E152.89161
G1 X111.748 Y101.954 E152.90845
G1 X110.806 Y102.97 E152.92583
G1 X110.045 Y104.086 E152.94277
G1 X109.547 Y105.355 E152.95986
G1 X109.304 Y106.42 E152.97356
G1 X109.224 Y107.506 E152.98722
G1 X109.304 Y108.58 E153.00072
G1 X109.546 Y109.639 E153.01435
G1 X110.044 Y110.913 E153.0315
G1 X110.806 Y112.03 E153.04846
G1 X111.558 Y112.84 E153.06232
G1 X112.402 Y113.514 E153.07586
G1 X113.584 Y114.197 E153.09298
G1 X114.886 Y114.598 E153.11007
G1 X115.953 Y114.759 E153.1236
M204 S1500
G0 F15000 X116.153 Y114.759
G0 X115.983 Y114.359
;TYPE:WALL-INNER
G1 F3300 X117.022 Y114.359 E153.13663
G1 X118.031 Y114.207 E153.14942
G1 X119.263 Y113.826 E153.16559
G1 X120.596 Y113.055 E153.18491
G1 X121.738 Y111.997 E153.20443
G1 X122.455 Y110.943 E153.22041
G1 X122.907 Y110.004 E153.23348
G1 X123.21 Y109.025 E153.24633
G1 X123.362 Y108.019 E153.25909
G1 X123.362 Y106.979 E153.27213
G1 X123.17 Y105.718 E153.28813
G1 X122.698 Y104.515 E153.30434
G1 X122.185 Y103.625 E153.31722
G1 X121.549 Y102.829 E153.33
G1 X120.783 Y102.117 E153.34311
G1 X119.946 Y101.548 E153.3558
G1 X119.006 Y101.095 E153.36889
G1 X118.036 Y100.795 E153.38162
G1 X116.759 Y100.604 E153.39781
G1 X115.48 Y100.7 E153.4139
G1 X114.227 Y100.985 E153.43001
G1 X113.06 Y101.548 E153.44626
G1 X112.008 Y102.261 E153.4622
G1 X111.12 Y103.22 E153.47859
G1 X110.398 Y104.28 E153.49467
G1 X109.931 Y105.473 E153.51074
G1 X109.701 Y106.48 E153.52369
G1 X109.625 Y107.506 E153.53659
G1 X109.701 Y108.52 E153.54934
G1 X109.93 Y109.521 E153.56222
G1 X110.399 Y110.724 E153.57841
G1 X111.12 Y111.78 E153.59445
G1 X111.831 Y112.546 E153.60755
G1 X112.628 Y113.182 E153.62034
G1 X113.745 Y113.828 E153.63652
G1 X114.975 Y114.207 E153.65266
G1 X115.983 Y114.359 E153.66545
G0 F15000 X116.011 Y114.06
G0 X116.475 Y111.671
G0 X116.509 Y111.37
G1 F3300 X115.642 Y111.276 E153.67638
G1 X114.827 Y110.995 E153.68719
G1 X114.09 Y110.527 E153.69814
G1 X113.474 Y109.909 E153.70908
G1 X112.898 Y109.003 E153.72255
G1 X112.654 Y107.94 E153.73622
G1 X112.654 Y106.85 E153.74989
G1 X113.017 Y105.812 E153.76368
G1 X113.473 Y105.087 E153.77442
G1 X114.082 Y104.48 E153.78521
G1 X114.823 Y104.011 E153.7962
G1 X115.643 Y103.724 E153.8071
G1 X116.501 Y103.627 E153.81793
G1 X117.367 Y103.72 E153.82885
G1 X118.182 Y104.01 E153.8397
G1 X118.916 Y104.468 E153.85055
G1 X119.533 Y105.09 E153.86153
G1 X119.996 Y105.82 E153.87237
G1 X120.279 Y106.633 E153.88317
G1 X120.374 Y107.492 E153.89401
G1 X120.28 Y108.365 E153.90502
G1 X119.993 Y109.178 E153.91583
G1 X119.538 Y109.907 E153.92661
G1 X118.895 Y110.543 E153.93795
G1 X118.161 Y110.999 E153.94878
G1 X117.361 Y111.28 E153.95942
G1 X116.509 Y111.37 E153.97016
M204 S2000
G0 F15000 X116.442 Y111.969
G1 F1500 E147.47016
;MESH:NONMESH
G0 F600 X116.442 Y111.969 Z6
G0 F15000 X118.815 Y110.404
G0 X119.407 Y109.812
G0 X119.849 Y109.108
G0 X120.122 Y108.322
G0 X120.216 Y107.498
G0 X120.12 Y106.672
G0 X117.019 Y100.459
G0 X117.348 Y96.771
;TIME_ELAPSED:403.802120
;LAYER:29
;TYPE:SUPPORT
G1 F1500 E153.97016
G1 F3000 X117.735 Y96.79 E153.97502
G1 X119.101 Y97.041 E153.99244
G1 X120.015 Y97.329 E154.00445
G1 X120.015 Y99.911 E154.03683
G1 X120.682 Y100.232 E154.04612
G1 X121.726 Y100.944 E154.06196
G1 X122.642 Y101.795 E154.07764
G1 X122.682 Y101.845 E154.07845
G1 X123.43 Y102.784 E154.0935
G1 X124.052 Y103.857 E154.10905
G1 X124.524 Y105.075 E154.12543
G1 X124.666 Y105.603 E154.13229
G1 X124.862 Y106.867 E154.14833
G1 X124.862 Y108.125 E154.16411
G1 X124.675 Y109.363 E154.17981
G1 X124.309 Y110.55 E154.19539
G1 X123.76 Y111.695 E154.21131
G1 X123.092 Y112.672 E154.22615
G1 X122.682 Y113.156 E154.23411
G1 X122.682 Y116.322 E154.27381
G1 X121.68 Y116.959 E154.2887
G1 X120.425 Y117.545 E154.30607
G1 X120.015 Y117.675 E154.31146
G1 X120.015 Y115.099 E154.34377
G1 X119.521 Y115.318 E154.35054
G1 X118.357 Y115.673 E154.3658
G1 X117.348 Y115.825 E154.3786
G1 X117.348 Y118.23 E154.40876
G1 X116.316 Y118.279 E154.42171
G1 X114.932 Y118.165 E154.43913
G1 X114.681 Y118.111 E154.44235
G1 X114.681 Y115.679 E154.47285
G1 X114.632 Y115.671 E154.47347
G1 X113.416 Y115.29 E154.48945
G1 X112.81 Y115.021 E154.49776
G1 X112.014 Y114.56 E154.5093
G1 X112.014 Y117.287 E154.5435
G1 X111.003 Y116.772 E154.55773
G1 X109.851 Y115.988 E154.5752
G1 X109.347 Y115.534 E154.58371
G1 X109.347 Y111.846 E154.62996
G1 X109.284 Y111.753 E154.63136
G1 X108.929 Y111.083 E154.64087
G1 X108.492 Y109.97 E154.65587
G1 X108.214 Y108.751 E154.67155
G1 X108.121 Y107.503 E154.68724
G1 X108.214 Y106.246 E154.70305
G1 X108.494 Y105.028 E154.71872
G1 X108.973 Y103.823 E154.73498
G1 X109.276 Y103.259 E154.74301
G1 X109.347 Y103.157 E154.74457
G1 X109.978 Y102.245 E154.75848
G1 X110.83 Y101.332 E154.77414
G1 X111.259 Y100.963 E154.78123
G1 X112.014 Y100.448 E154.79269
G1 X112.014 Y97.713 E154.82699
G1 X112.262 Y97.589 E154.83047
G1 X113.584 Y97.122 E154.84805
G1 X114.681 Y96.888 E154.86212
G1 X114.681 Y99.345 E154.89293
G1 X115.254 Y99.212 E154.9003
G1 X116.521 Y99.12 E154.91624
G1 X117.115 Y99.143 E154.92369
G1 X117.348 Y99.177 E154.92664
G1 X117.348 Y96.771 E154.95681
G1 F1500 E148.45681
G0 F15000 X122.682 Y101.845
G1 F1500 E154.95681
G1 F3000 X122.682 Y98.637 E154.99704
G1 X123.945 Y99.7 E155.01775
G1 X125.132 Y100.994 E155.03977
G1 X126.042 Y102.473 E155.06154
G1 X126.607 Y103.733 E155.07886
G1 X127.009 Y105.081 E155.0965
G1 X127.23 Y106.446 E155.11384
G1 X127.277 Y107.861 E155.13159
G1 X127.144 Y109.24 E155.14897
G1 X126.832 Y110.597 E155.16643
G1 X126.6 Y111.273 E155.17539
G1 X126.031 Y112.547 E155.19289
G1 X125.349 Y113.655 E155.20921
G1 X125.349 Y101.347 E155.36355
G1 F1500 E148.86355
G0 F15000 X123.065 Y99.268
G0 X121.766 Y98.383
G0 X120.347 Y97.698
G0 X118.846 Y97.236
G0 X117.344 Y97.01
G0 X116.447 Y96.977
G0 X114.936 Y97.09
G0 X113.454 Y97.427
G0 X112.605 Y97.725
G0 X111.241 Y98.383
G0 X109.984 Y99.238
G0 X109.303 Y99.825
G0 X108.467 Y100.727
G0 X107.578 Y101.952
G0 X109.347 Y103.157
G1 F1500 E155.36355
G1 F3000 X109.347 Y99.465 E155.40985
G1 X108.82 Y99.933 E155.41869
G1 X107.906 Y100.991 E155.43622
G1 X107.147 Y102.145 E155.45354
G1 X106.525 Y103.42 E155.47133
G1 X106.081 Y104.725 E155.48862
G1 X105.811 Y106.095 E155.50613
G1 X105.723 Y107.493 E155.5237
G1 X105.809 Y108.89 E155.54125
G1 X106.076 Y110.246 E155.55858
G1 X106.518 Y111.577 E155.57617
G1 X106.68 Y111.907 E155.58078
G1 X106.68 Y103.102 E155.6912
M204 S3500
G1 F1500 E149.1912
;MESH:The cap.stl
G0 F15000 X110.142 Y104.436
G0 X111.325 Y103.628
;TYPE:FILL
G1 F1500 E155.6912
G1 F4200 X110.082 Y108.267 E155.75142
G1 X110.026 Y107.506 E155.76099
G1 X110.097 Y106.542 E155.77311
G1 X110.314 Y105.59 E155.78536
G1 X110.755 Y104.467 E155.80049
G1 X111.433 Y103.471 E155.8156
G1 X111.93 Y102.932 E155.82479
G1 X113.499 Y104.5 E155.85261
G1 X113.16 Y104.84 E155.85863
G1 X112.644 Y105.656 E155.87074
G1 X112.254 Y106.787 E155.88574
G1 X112.254 Y107.987 E155.90079
G1 X112.393 Y108.599 E155.90866
G1 X110.225 Y109.18 E155.93681
G1 X110.754 Y110.533 E155.95502
G1 X111.433 Y111.528 E155.97013
G1 X112.105 Y112.254 E155.98254
G1 X112.854 Y112.852 E155.99455
G1 X113.906 Y113.459 E156.00979
G1 X114.001 Y113.487 E156.01103
G1 X110.565 Y110.051 E156.07196
G0 F15000 X115.734 Y113.916
G1 F4200 X120.438 Y112.655 E156.13304
G1 X120.356 Y112.733 E156.13446
G1 X119.103 Y113.457 E156.1526
G1 X117.944 Y113.815 E156.16782
G1 X116.99 Y113.959 E156.17991
G1 X116.015 Y113.959 E156.19214
G1 X114.817 Y113.778 E156.20734
G1 X115.386 Y111.653 E156.23492
G1 X116.51 Y111.777 E156.2491
G1 X117.451 Y111.672 E156.26098
G1 X118.362 Y111.352 E156.27309
G1 X119.17 Y110.842 E156.28507
G1 X119.504 Y110.505 E156.29102
G1 X121.068 Y112.07 E156.31876
G1 X121.433 Y111.734 E156.32499
G1 X122.108 Y110.742 E156.34003
G1 X122.534 Y109.857 E156.35235
G1 X122.818 Y108.939 E156.3644
G1 X122.962 Y107.987 E156.37647
G1 X122.962 Y107.011 E156.38871
G1 X122.918 Y106.727 E156.39232
G1 X121.67 Y111.384 E156.45278
G0 F15000 X122.441 Y104.957
G1 F4200 X119.037 Y101.553 E156.51315
G1 X119.749 Y101.897 E156.52306
G1 X120.529 Y102.427 E156.53489
G1 X121.257 Y103.103 E156.54735
G1 X121.854 Y103.851 E156.55935
G1 X122.336 Y104.689 E156.57147
G1 X122.78 Y105.816 E156.58666
G1 X120.619 Y106.395 E156.61472
G1 X120.358 Y105.644 E156.62469
G1 X119.846 Y104.84 E156.63664
G1 X119.165 Y104.152 E156.64878
G1 X118.357 Y103.649 E156.66072
G1 X117.603 Y103.378 E156.67076
G1 X118.181 Y101.222 E156.69876
G1 X117.261 Y101.083 E156.71042
G1 X112.624 Y102.326 E156.77063
G1 X113.262 Y101.895 E156.78028
G1 X114.359 Y101.365 E156.79556
G1 X115.542 Y101.097 E156.81077
G1 X116.738 Y101.006 E156.82581
M204 S429
G0 F15000 X119.721 Y104.937
G0 X120.209 Y105.713
G0 X120.513 Y106.582
G0 X120.618 Y107.498
G0 X120.515 Y108.412
G0 X120.212 Y109.283
G0 X119.722 Y110.063
G0 X119.066 Y110.718
G0 X118.291 Y111.206
G0 X116.431 Y111.666
G0 X116.509 Y110.97
;TYPE:WALL-OUTER
G1 F3000 X115.731 Y110.886 E156.83563
G1 X114.978 Y110.618 E156.84565
G1 X114.34 Y110.214 E156.85512
G1 X113.788 Y109.661 E156.86492
G1 X113.274 Y108.843 E156.87703
G1 X113.053 Y107.879 E156.88944
G1 X113.057 Y106.902 E156.90169
G1 X113.367 Y106.01 E156.91353
G1 X113.779 Y105.351 E156.92328
G1 X114.337 Y104.788 E156.93322
G1 X114.997 Y104.371 E156.94301
G1 X115.731 Y104.114 E156.95276
G1 X116.493 Y104.03 E156.96237
G1 X117.287 Y104.117 E156.97239
G1 X118.008 Y104.371 E156.98198
G1 X118.65 Y104.775 E156.99149
G1 X119.219 Y105.34 E157.00154
G1 X119.638 Y106.009 E157.01144
G1 X119.881 Y106.705 E157.02069
G1 X119.974 Y107.492 E157.03063
G1 X119.882 Y108.29 E157.0407
G1 X119.632 Y109.004 E157.05019
G1 X119.228 Y109.647 E157.05971
G1 X118.675 Y110.205 E157.06956
G1 X118.001 Y110.632 E157.07957
G1 X117.287 Y110.883 E157.08906
G1 X116.509 Y110.97 E157.09888
G0 F15000 X116.311 Y110.949
G0 X116.233 Y111.644
G0 X116.011 Y114.06
G0 X115.953 Y114.759
G1 F3000 X117.052 Y114.759 E157.11266
G1 X118.12 Y114.598 E157.1262
G1 X119.424 Y114.195 E157.14332
G1 X120.606 Y113.512 E157.16044
G1 X121.033 Y113.197 E157.16709
G1 X122.046 Y112.257 E157.18442
G1 X122.803 Y111.143 E157.20131
G1 X123.281 Y110.15 E157.21513
G1 X123.601 Y109.115 E157.22872
G1 X123.762 Y108.049 E157.24224
G1 X123.762 Y106.949 E157.25603
G1 X123.559 Y105.614 E157.27296
G1 X123.06 Y104.341 E157.29011
G1 X122.516 Y103.399 E157.30375
G1 X121.843 Y102.556 E157.31728
G1 X121.033 Y101.803 E157.33115
G1 X120.146 Y101.2 E157.3446
G1 X119.153 Y100.721 E157.35842
G1 X118.125 Y100.404 E157.37192
G1 X116.772 Y100.201 E157.38907
G1 X115.42 Y100.304 E157.40608
G1 X114.094 Y100.605 E157.42313
G1 X112.86 Y101.2 E157.44031
G1 X111.748 Y101.954 E157.45716
G1 X110.806 Y102.97 E157.47453
G1 X110.045 Y104.086 E157.49147
G1 X109.547 Y105.355 E157.50856
G1 X109.304 Y106.42 E157.52226
G1 X109.224 Y107.506 E157.53592
G1 X109.304 Y108.58 E157.54942
G1 X109.546 Y109.639 E157.56305
G1 X110.044 Y110.913 E157.5802
G1 X110.806 Y112.03 E157.59716
G1 X111.558 Y112.84 E157.61102
G1 X112.402 Y113.514 E157.62456
G1 X113.584 Y114.197 E157.64168
G1 X114.886 Y114.598 E157.65877
G1 X115.953 Y114.759 E157.6723
M204 S1500
G0 F15000 X116.153 Y114.759
G0 X115.983 Y114.359
;TYPE:WALL-INNER
G1 F3300 X117.022 Y114.359 E157.68533
G1 X118.031 Y114.207 E157.69812
G1 X119.263 Y113.826 E157.7143
G1 X120.596 Y113.055 E157.73361
G1 X121.738 Y111.997 E157.75313
G1 X122.455 Y110.943 E157.76912
G1 X122.907 Y110.004 E157.78218
G1 X123.21 Y109.025 E157.79504
G1 X123.362 Y108.019 E157.80779
G1 X123.362 Y106.979 E157.82084
G1 X123.17 Y105.718 E157.83683
G1 X122.698 Y104.515 E157.85304
G1 X122.185 Y103.625 E157.86592
G1 X121.549 Y102.829 E157.8787
G1 X120.783 Y102.117 E157.89181
G1 X119.946 Y101.548 E157.9045
G1 X119.006 Y101.095 E157.91759
G1 X118.036 Y100.795 E157.93032
G1 X116.759 Y100.604 E157.94651
G1 X115.48 Y100.7 E157.9626
G1 X114.227 Y100.985 E157.97871
G1 X113.06 Y101.548 E157.99496
G1 X112.008 Y102.261 E158.0109
G1 X111.12 Y103.22 E158.02729
G1 X110.398 Y104.28 E158.04337
G1 X109.931 Y105.473 E158.05944
G1 X109.701 Y106.48 E158.07239
G1 X109.625 Y107.506 E158.08529
G1 X109.701 Y108.52 E158.09804
G1 X109.93 Y109.521 E158.11092
G1 X110.399 Y110.724 E158.12711
G1 X111.12 Y111.78 E158.14315
G1 X111.831 Y112.546 E158.15625
G1 X112.628 Y113.182 E158.16904
G1 X113.745 Y113.828 E158.18522
G1 X114.975 Y114.207 E158.20136
G1 X115.983 Y114.359 E158.21415
G0 F15000 X116.011 Y114.06
G0 X116.475 Y111.671
G0 X116.509 Y111.37
G1 F3300 X115.642 Y111.276 E158.22508
G1 X114.827 Y110.995 E158.23589
G1 X114.09 Y110.527 E158.24684
G1 X113.474 Y109.909 E158.25778
G1 X112.898 Y109.003 E158.27125
G1 X112.654 Y107.94 E158.28493
G1 X112.654 Y106.85 E158.29859
G1 X113.017 Y105.812 E158.31238
G1 X113.473 Y105.087 E158.32312
G1 X114.082 Y104.48 E158.33391
G1 X114.823 Y104.011 E158.3449
G1 X115.643 Y103.724 E158.3558
G1 X116.501 Y103.627 E158.36663
G1 X117.367 Y103.72 E158.37755
G1 X118.182 Y104.01 E158.3884
G1 X118.916 Y104.468 E158.39925
G1 X119.533 Y105.09 E158.41023
G1 X119.996 Y105.82 E158.42107
G1 X120.279 Y106.633 E158.43187
G1 X120.374 Y107.492 E158.44271
G1 X120.28 Y108.365 E158.45372
G1 X119.993 Y109.178 E158.46453
G1 X119.538 Y109.907 E158.47531
G1 X118.895 Y110.543 E158.48665
G1 X118.161 Y110.999 E158.49749
G1 X117.361 Y111.28 E158.50812
G1 X116.509 Y111.37 E158.51886
M204 S2000
G0 F15000 X116.442 Y111.969
G1 F1500 E152.01886
;MESH:NONMESH
G0 F600 X116.442 Y111.969 Z6.2
G0 F15000 X118.815 Y110.404
G0 X119.407 Y109.812
G0 X119.849 Y109.108
G0 X120.122 Y108.322
G0 X120.216 Y107.498
G0 X120.12 Y106.672
G0 X117.019 Y100.459
G0 X117.348 Y96.771
;TIME_ELAPSED:414.909384
;LAYER:30
;TYPE:SUPPORT
G1 F1500 E158.51886
G1 F3000 X117.735 Y96.79 E158.52372
G1 X119.101 Y97.041 E158.54114
G1 X120.015 Y97.329 E158.55316
G1 X120.015 Y99.911 E158.58553
G1 X120.682 Y100.232 E158.59482
G1 X121.726 Y100.944 E158.61066
G1 X122.642 Y101.795 E158.62634
G1 X122.682 Y101.845 E158.62715
G1 X123.43 Y102.784 E158.6422
G1 X124.052 Y103.857 E158.65775
G1 X124.524 Y105.075 E158.67414
G1 X124.666 Y105.603 E158.68099
G1 X124.862 Y106.867 E158.69703
G1 X124.862 Y108.125 E158.71281
G1 X124.675 Y109.363 E158.72851
G1 X124.309 Y110.55 E158.74409
G1 X123.76 Y111.695 E158.76001
G1 X123.092 Y112.672 E158.77485
G1 X122.682 Y113.156 E158.78281
G1 X122.682 Y116.322 E158.82251
G1 X121.68 Y116.959 E158.8374
G1 X120.425 Y117.545 E158.85477
G1 X120.015 Y117.675 E158.86016
G1 X120.015 Y115.099 E158.89247
G1 X119.521 Y115.318 E158.89924
G1 X118.357 Y115.673 E158.9145
G1 X117.348 Y115.825 E158.9273
G1 X117.348 Y118.23 E158.95746
G1 X116.316 Y118.279 E158.97042
G1 X114.932 Y118.165 E158.98783
G1 X114.681 Y118.111 E158.99105
G1 X114.681 Y115.679 E159.02155
G1 X114.632 Y115.671 E159.02217
G1 X113.416 Y115.29 E159.03815
G1 X112.81 Y115.021 E159.04647
G1 X112.014 Y114.56 E159.058
G1 X112.014 Y117.287 E159.0922
G1 X111.003 Y116.772 E159.10643
G1 X109.851 Y115.988 E159.1239
G1 X109.347 Y115.534 E159.13241
G1 X109.347 Y111.846 E159.17866
G1 X109.284 Y111.753 E159.18007
G1 X108.929 Y111.083 E159.18957
G1 X108.492 Y109.97 E159.20457
G1 X108.214 Y108.751 E159.22025
G1 X108.121 Y107.503 E159.23594
G1 X108.214 Y106.246 E159.25175
G1 X108.494 Y105.028 E159.26742
G1 X108.973 Y103.823 E159.28368
G1 X109.276 Y103.259 E159.29171
G1 X109.347 Y103.157 E159.29327
G1 X109.978 Y102.245 E159.30718
G1 X110.83 Y101.332 E159.32284
G1 X111.259 Y100.963 E159.32993
G1 X112.014 Y100.448 E159.34139
G1 X112.014 Y97.713 E159.37569
G1 X112.262 Y97.589 E159.37917
G1 X113.584 Y97.122 E159.39675
G1 X114.681 Y96.888 E159.41082
G1 X114.681 Y99.345 E159.44163
G1 X115.254 Y99.212 E159.44901
G1 X116.521 Y99.12 E159.46494
G1 X117.115 Y99.143 E159.47239
G1 X117.348 Y99.177 E159.47534
G1 X117.348 Y96.771 E159.50552
G1 F1500 E153.00552
G0 F15000 X122.682 Y101.845
G1 F1500 E159.50552
G1 F3000 X122.682 Y98.637 E159.54575
G1 X123.945 Y99.7 E159.56645
G1 X125.132 Y100.994 E159.58847
G1 X126.042 Y102.473 E159.61024
G1 X126.607 Y103.733 E159.62756
G1 X127.009 Y105.081 E159.6452
G1 X127.23 Y106.446 E159.66254
G1 X127.277 Y107.861 E159.6803
G1 X127.144 Y109.24 E159.69767
G1 X126.832 Y110.597 E159.71513
G1 X126.6 Y111.273 E159.72409
G1 X126.031 Y112.547 E159.74159
G1 X125.349 Y113.655 E159.75791
G1 X125.349 Y101.347 E159.91225
G1 F1500 E153.41225
G0 F15000 X123.065 Y99.268
G0 X121.766 Y98.383
G0 X120.347 Y97.698
G0 X118.846 Y97.236
G0 X117.344 Y97.01
G0 X116.447 Y96.977
G0 X114.936 Y97.09
G0 X113.454 Y97.427
G0 X112.605 Y97.725
G0 X111.241 Y98.383
G0 X109.984 Y99.238
G0 X109.303 Y99.825
G0 X108.467 Y100.727
G0 X107.578 Y101.952
G0 X109.347 Y103.157
G1 F1500 E159.91225
G1 F3000 X109.347 Y99.465 E159.95855
G1 X108.82 Y99.933 E159.96739
G1 X107.906 Y100.991 E159.98492
G1 X107.147 Y102.145 E160.00225
G1 X106.525 Y103.42 E160.02004
G1 X106.081 Y104.725 E160.03732
G1 X105.811 Y106.095 E160.05483
G1 X105.723 Y107.493 E160.0724
G1 X105.809 Y108.89 E160.08995
G1 X106.076 Y110.246 E160.10728
G1 X106.518 Y111.577 E160.12487
G1 X106.68 Y111.907 E160.12948
G1 X106.68 Y103.102 E160.2399
M204 S3500
G1 F1500 E153.7399
;MESH:The cap.stl
G0 F15000 X110.142 Y104.436
G0 X111.325 Y103.628
;TYPE:FILL
G1 F1500 E160.2399
G1 F4200 X110.082 Y108.267 E160.30012
G1 X110.026 Y107.506 E160.30969
G1 X110.097 Y106.542 E160.32182
G1 X110.314 Y105.59 E160.33406
G1 X110.755 Y104.467 E160.34919
G1 X111.433 Y103.471 E160.3643
G1 X111.93 Y102.932 E160.37349
G1 X113.499 Y104.5 E160.40131
G1 X113.16 Y104.84 E160.40733
G1 X112.644 Y105.656 E160.41944
G1 X112.254 Y106.787 E160.43444
G1 X112.254 Y107.987 E160.44949
G1 X112.393 Y108.599 E160.45736
G1 X110.225 Y109.18 E160.48551
G1 X110.754 Y110.533 E160.50372
G1 X111.433 Y111.528 E160.51883
G1 X112.105 Y112.254 E160.53124
G1 X112.854 Y112.852 E160.54326
G1 X113.906 Y113.459 E160.55849
G1 X114.001 Y113.487 E160.55973
G1 X110.565 Y110.051 E160.62067
G0 F15000 X115.734 Y113.916
G1 F4200 X120.438 Y112.655 E160.68174
G1 X120.356 Y112.733 E160.68316
G1 X119.103 Y113.457 E160.70131
G1 X117.944 Y113.815 E160.71652
G1 X116.99 Y113.959 E160.72862
G1 X116.015 Y113.959 E160.74084
G1 X114.817 Y113.778 E160.75604
G1 X115.386 Y111.653 E160.78362
G1 X116.51 Y111.777 E160.7978
G1 X117.451 Y111.672 E160.80968
G1 X118.362 Y111.352 E160.82179
G1 X119.17 Y110.842 E160.83377
G1 X119.504 Y110.505 E160.83972
G1 X121.068 Y112.07 E160.86747
G1 X121.433 Y111.734 E160.87369
G1 X122.108 Y110.742 E160.88873
G1 X122.534 Y109.857 E160.90105
G1 X122.818 Y108.939 E160.9131
G1 X122.962 Y107.987 E160.92518
G1 X122.962 Y107.011 E160.93741
G1 X122.918 Y106.727 E160.94102
G1 X121.67 Y111.384 E161.00148
G0 F15000 X122.441 Y104.957
G1 F4200 X119.037 Y101.553 E161.06185
G1 X119.749 Y101.897 E161.07177
G1 X120.529 Y102.427 E161.08359
G1 X121.257 Y103.103 E161.09605
G1 X121.854 Y103.851 E161.10805
G1 X122.336 Y104.689 E161.12017
G1 X122.78 Y105.816 E161.13536
G1 X120.619 Y106.395 E161.16342
G1 X120.358 Y105.644 E161.17339
G1 X119.846 Y104.84 E161.18534
G1 X119.165 Y104.152 E161.19748
G1 X118.357 Y103.649 E161.20942
G1 X117.603 Y103.378 E161.21947
G1 X118.181 Y101.222 E161.24746
G1 X117.261 Y101.083 E161.25913
G1 X112.624 Y102.326 E161.31933
G1 X113.262 Y101.895 E161.32898
G1 X114.359 Y101.365 E161.34426
G1 X115.542 Y101.097 E161.35947
G1 X116.738 Y101.006 E161.37452
M204 S429
G0 F15000 X119.721 Y104.937
G0 X120.209 Y105.713
G0 X120.513 Y106.582
G0 X120.618 Y107.498
G0 X120.515 Y108.412
G0 X120.212 Y109.283
G0 X119.722 Y110.063
G0 X119.066 Y110.718
G0 X118.291 Y111.206
G0 X116.431 Y111.666
G0 X116.509 Y110.97
;TYPE:WALL-OUTER
G1 F3000 X115.731 Y110.886 E161.38433
G1 X114.978 Y110.618 E161.39435
G1 X114.34 Y110.214 E161.40382
G1 X113.788 Y109.661 E161.41362
G1 X113.274 Y108.843 E161.42573
G1 X113.053 Y107.879 E161.43814
G1 X113.057 Y106.902 E161.45039
G1 X113.367 Y106.01 E161.46223
G1 X113.779 Y105.351 E161.47198
G1 X114.337 Y104.788 E161.48192
G1 X114.997 Y104.371 E161.49171
G1 X115.731 Y104.114 E161.50146
G1 X116.493 Y104.03 E161.51107
G1 X117.287 Y104.117 E161.52109
G1 X118.008 Y104.371 E161.53068
G1 X118.65 Y104.775 E161.54019
G1 X119.219 Y105.34 E161.55025
G1 X119.638 Y106.009 E161.56014
G1 X119.881 Y106.705 E161.56939
G1 X119.974 Y107.492 E161.57933
G1 X119.882 Y108.29 E161.5894
G1 X119.632 Y109.004 E161.59889
G1 X119.228 Y109.647 E161.60841
G1 X118.675 Y110.205 E161.61826
G1 X118.001 Y110.632 E161.62827
G1 X117.287 Y110.883 E161.63776
G1 X116.509 Y110.97 E161.64758
G0 F15000 X116.311 Y110.949
G0 X116.233 Y111.644
G0 X116.011 Y114.06
G0 X115.953 Y114.759
G1 F3000 X117.052 Y114.759 E161.66136
G1 X118.12 Y114.598 E161.6749
G1 X119.424 Y114.195 E161.69202
G1 X120.606 Y113.512 E161.70914
G1 X121.033 Y113.197 E161.71579
G1 X122.046 Y112.257 E161.73312
G1 X122.803 Y111.143 E161.75001
G1 X123.281 Y110.15 E161.76383
G1 X123.601 Y109.115 E161.77742
G1 X123.762 Y108.049 E161.79094
G1 X123.762 Y106.949 E161.80473
G1 X123.559 Y105.614 E161.82167
G1 X123.06 Y104.341 E161.83881
G1 X122.516 Y103.399 E161.85245
G1 X121.843 Y102.556 E161.86598
G1 X121.033 Y101.803 E161.87985
G1 X120.146 Y101.2 E161.8933
G1 X119.153 Y100.721 E161.90713
G1 X118.125 Y100.404 E161.92062
G1 X116.772 Y100.201 E161.93777
G1 X115.42 Y100.304 E161.95478
G1 X114.094 Y100.605 E161.97183
G1 X112.86 Y101.2 E161.98901
G1 X111.748 Y101.954 E162.00586
G1 X110.806 Y102.97 E162.02323
G1 X110.045 Y104.086 E162.04017
G1 X109.547 Y105.355 E162.05727
G1 X109.304 Y106.42 E162.07096
G1 X109.224 Y107.506 E162.08462
G1 X109.304 Y108.58 E162.09813
G1 X109.546 Y109.639 E162.11175
G1 X110.044 Y110.913 E162.1289
G1 X110.806 Y112.03 E162.14586
G1 X111.558 Y112.84 E162.15972
G1 X112.402 Y113.514 E162.17326
G1 X113.584 Y114.197 E162.19038
G1 X114.886 Y114.598 E162.20747
G1 X115.953 Y114.759 E162.221
M204 S1500
G0 F15000 X116.153 Y114.759
G0 X115.983 Y114.359
;TYPE:WALL-INNER
G1 F3300 X117.022 Y114.359 E162.23403
G1 X118.031 Y114.207 E162.24683
G1 X119.263 Y113.826 E162.263
G1 X120.596 Y113.055 E162.28231
G1 X121.738 Y111.997 E162.30183
G1 X122.455 Y110.943 E162.31782
G1 X122.907 Y110.004 E162.33089
G1 X123.21 Y109.025 E162.34374
G1 X123.362 Y108.019 E162.3565
G1 X123.362 Y106.979 E162.36954
G1 X123.17 Y105.718 E162.38553
G1 X122.698 Y104.515 E162.40174
G1 X122.185 Y103.625 E162.41462
G1 X121.549 Y102.829 E162.4274
G1 X120.783 Y102.117 E162.44051
G1 X119.946 Y101.548 E162.45321
G1 X119.006 Y101.095 E162.46629
G1 X118.036 Y100.795 E162.47902
G1 X116.759 Y100.604 E162.49522
G1 X115.48 Y100.7 E162.5113
G1 X114.227 Y100.985 E162.52741
G1 X113.06 Y101.548 E162.54366
G1 X112.008 Y102.261 E162.5596
G1 X111.12 Y103.22 E162.57599
G1 X110.398 Y104.28 E162.59207
G1 X109.931 Y105.473 E162.60814
G1 X109.701 Y106.48 E162.62109
G1 X109.625 Y107.506 E162.63399
G1 X109.701 Y108.52 E162.64675
G1 X109.93 Y109.521 E162.65962
G1 X110.399 Y110.724 E162.67582
G1 X111.12 Y111.78 E162.69185
G1 X111.831 Y112.546 E162.70496
G1 X112.628 Y113.182 E162.71774
G1 X113.745 Y113.828 E162.73392
G1 X114.975 Y114.207 E162.75006
G1 X115.983 Y114.359 E162.76285
G0 F15000 X116.011 Y114.06
G0 X116.475 Y111.671
G0 X116.509 Y111.37
G1 F3300 X115.642 Y111.276 E162.77378
G1 X114.827 Y110.995 E162.7846
G1 X114.09 Y110.527 E162.79554
G1 X113.474 Y109.909 E162.80649
G1 X112.898 Y109.003 E162.81995
G1 X112.654 Y107.94 E162.83363
G1 X112.654 Y106.85 E162.8473
G1 X113.017 Y105.812 E162.86109
G1 X113.473 Y105.087 E162.87183
G1 X114.082 Y104.48 E162.88261
G1 X114.823 Y104.011 E162.89361
G1 X115.643 Y103.724 E162.9045
G1 X116.501 Y103.627 E162.91533
G1 X117.367 Y103.72 E162.92625
G1 X118.182 Y104.01 E162.9371
G1 X118.916 Y104.468 E162.94795
G1 X119.533 Y105.09 E162.95894
G1 X119.996 Y105.82 E162.96978
G1 X120.279 Y106.633 E162.98057
G1 X120.374 Y107.492 E162.99141
G1 X120.28 Y108.365 E163.00242
G1 X119.993 Y109.178 E163.01323
G1 X119.538 Y109.907 E163.02401
G1 X118.895 Y110.543 E163.03535
G1 X118.161 Y110.999 E163.04619
G1 X117.361 Y111.28 E163.05682
G1 X116.509 Y111.37 E163.06756
M204 S2000
G0 F15000 X116.442 Y111.969
G1 F1500 E156.56756
;MESH:NONMESH
G0 F600 X116.442 Y111.969 Z6.4
G0 F15000 X118.815 Y110.404
G0 X119.407 Y109.812
G0 X119.849 Y109.108
G0 X120.122 Y108.322
G0 X120.216 Y107.498
G0 X120.12 Y106.672
G0 X117.019 Y100.459
G0 X117.348 Y96.771
;TIME_ELAPSED:426.016648
;LAYER:31
;TYPE:SUPPORT
G1 F1500 E163.06756
G1 F3000 X117.735 Y96.79 E163.07242
G1 X119.101 Y97.041 E163.08984
G1 X120.015 Y97.329 E163.10186
G1 X120.015 Y99.911 E163.13424
G1 X120.682 Y100.232 E163.14352
G1 X121.726 Y100.944 E163.15937
G1 X122.642 Y101.795 E163.17505
G1 X122.682 Y101.845 E163.17585
G1 X123.43 Y102.784 E163.1909
G1 X124.052 Y103.857 E163.20646
G1 X124.524 Y105.075 E163.22284
G1 X124.666 Y105.603 E163.22969
G1 X124.862 Y106.867 E163.24573
G1 X124.862 Y108.125 E163.26151
G1 X124.675 Y109.363 E163.27721
G1 X124.309 Y110.55 E163.29279
G1 X123.76 Y111.695 E163.30871
G1 X123.092 Y112.672 E163.32355
G1 X122.682 Y113.156 E163.33151
G1 X122.682 Y116.322 E163.37121
G1 X121.68 Y116.959 E163.3861
G1 X120.425 Y117.545 E163.40347
G1 X120.015 Y117.675 E163.40886
G1 X120.015 Y115.099 E163.44117
G1 X119.521 Y115.318 E163.44794
G1 X118.357 Y115.673 E163.46321
G1 X117.348 Y115.825 E163.476
G1 X117.348 Y118.23 E163.50616
G1 X116.316 Y118.279 E163.51912
G1 X114.932 Y118.165 E163.53653
G1 X114.681 Y118.111 E163.53975
G1 X114.681 Y115.679 E163.57025
G1 X114.632 Y115.671 E163.57087
G1 X113.416 Y115.29 E163.58685
G1 X112.81 Y115.021 E163.59517
G1 X112.014 Y114.56 E163.6067
G1 X112.014 Y117.287 E163.6409
G1 X111.003 Y116.772 E163.65513
G1 X109.851 Y115.988 E163.6726
G1 X109.347 Y115.534 E163.68111
G1 X109.347 Y111.846 E163.72736
G1 X109.284 Y111.753 E163.72877
G1 X108.929 Y111.083 E163.73828
G1 X108.492 Y109.97 E163.75327
G1 X108.214 Y108.751 E163.76895
G1 X108.121 Y107.503 E163.78464
G1 X108.214 Y106.246 E163.80045
G1 X108.494 Y105.028 E163.81612
G1 X108.973 Y103.823 E163.83238
G1 X109.276 Y103.259 E163.84041
G1 X109.347 Y103.157 E163.84197
G1 X109.978 Y102.245 E163.85588
G1 X110.83 Y101.332 E163.87154
G1 X111.259 Y100.963 E163.87863
G1 X112.014 Y100.448 E163.8901
G1 X112.014 Y97.713 E163.92439
G1 X112.262 Y97.589 E163.92787
G1 X113.584 Y97.122 E163.94545
G1 X114.681 Y96.888 E163.95952
G1 X114.681 Y99.345 E163.99033
G1 X115.254 Y99.212 E163.99771
G1 X116.521 Y99.12 E164.01364
G1 X117.115 Y99.143 E164.02109
G1 X117.348 Y99.177 E164.02405
G1 X117.348 Y96.771 E164.05422
G1 F1500 E157.55422
G0 F15000 X122.682 Y101.845
G1 F1500 E164.05422
G1 F3000 X122.682 Y98.637 E164.09445
G1 X123.945 Y99.7 E164.11515
G1 X125.132 Y100.994 E164.13717
G1 X126.042 Y102.473 E164.15895
G1 X126.607 Y103.733 E164.17626
G1 X127.009 Y105.081 E164.1939
G1 X127.23 Y106.446 E164.21124
G1 X127.277 Y107.861 E164.229
G1 X127.144 Y109.24 E164.24637
G1 X126.832 Y110.597 E164.26383
G1 X126.6 Y111.273 E164.27279
G1 X126.031 Y112.547 E164.29029
G1 X125.349 Y113.655 E164.30661
G1 X125.349 Y101.347 E164.46096
G1 F1500 E157.96096
G0 F15000 X123.065 Y99.268
G0 X121.766 Y98.383
G0 X120.347 Y97.698
G0 X118.846 Y97.236
G0 X117.344 Y97.01
G0 X116.447 Y96.977
G0 X114.936 Y97.09
G0 X113.454 Y97.427
G0 X112.605 Y97.725
G0 X111.241 Y98.383
G0 X109.984 Y99.238
G0 X109.303 Y99.825
G0 X108.467 Y100.727
G0 X107.578 Y101.952
G0 X109.347 Y103.157
G1 F1500 E164.46096
G1 F3000 X109.347 Y99.465 E164.50725
G1 X108.82 Y99.933 E164.51609
G1 X107.906 Y100.991 E164.53363
G1 X107.147 Y102.145 E164.55095
G1 X106.525 Y103.42 E164.56874
G1 X106.081 Y104.725 E164.58602
G1 X105.811 Y106.095 E164.60353
G1 X105.723 Y107.493 E164.6211
G1 X105.809 Y108.89 E164.63865
G1 X106.076 Y110.246 E164.65598
G1 X106.518 Y111.577 E164.67357
G1 X106.68 Y111.907 E164.67818
G1 X106.68 Y103.102 E164.7886
M204 S3500
G1 F1500 E158.2886
;MESH:The cap.stl
G0 F15000 X110.142 Y104.436
G0 X111.325 Y103.628
;TYPE:FILL
G1 F1500 E164.7886
G1 F4200 X110.082 Y108.267 E164.84883
G1 X110.026 Y107.506 E164.8584
G1 X110.097 Y106.542 E164.87052
G1 X110.314 Y105.59 E164.88276
G1 X110.755 Y104.467 E164.89789
G1 X111.433 Y103.471 E164.913
G1 X111.93 Y102.932 E164.92219
G1 X113.499 Y104.5 E164.95001
G1 X113.16 Y104.84 E164.95603
G1 X112.644 Y105.656 E164.96814
G1 X112.254 Y106.787 E164.98314
G1 X112.254 Y107.987 E164.99819
G1 X112.393 Y108.599 E165.00606
G1 X110.225 Y109.18 E165.03421
G1 X110.754 Y110.533 E165.05243
G1 X111.433 Y111.528 E165.06753
G1 X112.105 Y112.254 E165.07994
G1 X112.854 Y112.852 E165.09196
G1 X113.906 Y113.459 E165.10719
G1 X114.001 Y113.487 E165.10843
G1 X110.565 Y110.051 E165.16937
G0 F15000 X115.734 Y113.916
G1 F4200 X120.438 Y112.655 E165.23044
G1 X120.356 Y112.733 E165.23186
G1 X119.103 Y113.457 E165.25001
G1 X117.944 Y113.815 E165.26522
G1 X116.99 Y113.959 E165.27732
G1 X116.015 Y113.959 E165.28954
G1 X114.817 Y113.778 E165.30474
G1 X115.386 Y111.653 E165.33233
G1 X116.51 Y111.777 E165.34651
G1 X117.451 Y111.672 E165.35838
G1 X118.362 Y111.352 E165.37049
G1 X119.17 Y110.842 E165.38247
G1 X119.504 Y110.505 E165.38842
G1 X121.068 Y112.07 E165.41617
G1 X121.433 Y111.734 E165.42239
G1 X122.108 Y110.742 E165.43743
G1 X122.534 Y109.857 E165.44975
G1 X122.818 Y108.939 E165.4618
G1 X122.962 Y107.987 E165.47388
G1 X122.962 Y107.011 E165.48612
G1 X122.918 Y106.727 E165.48972
G1 X121.67 Y111.384 E165.55018
G0 F15000 X122.441 Y104.957
G1 F4200 X119.037 Y101.553 E165.61055
G1 X119.749 Y101.897 E165.62047
G1 X120.529 Y102.427 E165.63229
G1 X121.257 Y103.103 E165.64475
G1 X121.854 Y103.851 E165.65675
G1 X122.336 Y104.689 E165.66888
G1 X122.78 Y105.816 E165.68407
G1 X120.619 Y106.395 E165.71212
G1 X120.358 Y105.644 E165.72209
G1 X119.846 Y104.84 E165.73404
G1 X119.165 Y104.152 E165.74618
G1 X118.357 Y103.649 E165.75812
G1 X117.603 Y103.378 E165.76817
G1 X118.181 Y101.222 E165.79616
G1 X117.261 Y101.083 E165.80783
G1 X112.624 Y102.326 E165.86803
G1 X113.262 Y101.895 E165.87769
G1 X114.359 Y101.365 E165.89296
G1 X115.542 Y101.097 E165.90817
G1 X116.738 Y101.006 E165.92322
M204 S429
G0 F15000 X119.721 Y104.937
G0 X120.209 Y105.713
G0 X120.513 Y106.582
G0 X120.618 Y107.498
G0 X120.515 Y108.412
G0 X120.212 Y109.283
G0 X119.722 Y110.063
G0 X119.066 Y110.718
G0 X118.291 Y111.206
G0 X116.431 Y111.666
G0 X116.509 Y110.97
;TYPE:WALL-OUTER
G1 F3000 X115.731 Y110.886 E165.93303
G1 X114.978 Y110.618 E165.94305
G1 X114.34 Y110.214 E165.95252
G1 X113.788 Y109.661 E165.96232
G1 X113.274 Y108.843 E165.97444
G1 X113.053 Y107.879 E165.98684
G1 X113.057 Y106.902 E165.99909
G1 X113.367 Y106.01 E166.01093
G1 X113.779 Y105.351 E166.02068
G1 X114.337 Y104.788 E166.03062
G1 X114.997 Y104.371 E166.04041
G1 X115.731 Y104.114 E166.05016
G1 X116.493 Y104.03 E166.05978
G1 X117.287 Y104.117 E166.06979
G1 X118.008 Y104.371 E166.07938
G1 X118.65 Y104.775 E166.08889
G1 X119.219 Y105.34 E166.09895
G1 X119.638 Y106.009 E166.10885
G1 X119.881 Y106.705 E166.11809
G1 X119.974 Y107.492 E166.12803
G1 X119.882 Y108.29 E166.1381
G1 X119.632 Y109.004 E166.14759
G1 X119.228 Y109.647 E166.15711
G1 X118.675 Y110.205 E166.16696
G1 X118.001 Y110.632 E166.17697
G1 X117.287 Y110.883 E166.18646
G1 X116.509 Y110.97 E166.19628
G0 F15000 X116.311 Y110.949
G0 X116.233 Y111.644
G0 X116.011 Y114.06
G0 X115.953 Y114.759
G1 F3000 X117.052 Y114.759 E166.21006
G1 X118.12 Y114.598 E166.2236
G1 X119.424 Y114.195 E166.24072
G1 X120.606 Y113.512 E166.25784
G1 X121.033 Y113.197 E166.26449
G1 X122.046 Y112.257 E166.28182
G1 X122.803 Y111.143 E166.29871
G1 X123.281 Y110.15 E166.31253
G1 X123.601 Y109.115 E166.32612
G1 X123.762 Y108.049 E166.33964
G1 X123.762 Y106.949 E166.35343
G1 X123.559 Y105.614 E166.37037
G1 X123.06 Y104.341 E166.38751
G1 X122.516 Y103.399 E166.40116
G1 X121.843 Y102.556 E166.41468
G1 X121.033 Y101.803 E166.42855
G1 X120.146 Y101.2 E166.442
G1 X119.153 Y100.721 E166.45583
G1 X118.125 Y100.404 E166.46932
G1 X116.772 Y100.201 E166.48647
G1 X115.42 Y100.304 E166.50348
G1 X114.094 Y100.605 E166.52053
G1 X112.86 Y101.2 E166.53771
G1 X111.748 Y101.954 E166.55456
G1 X110.806 Y102.97 E166.57193
G1 X110.045 Y104.086 E166.58887
G1 X109.547 Y105.355 E166.60597
G1 X109.304 Y106.42 E166.61967
G1 X109.224 Y107.506 E166.63332
G1 X109.304 Y108.58 E166.64683
G1 X109.546 Y109.639 E166.66045
G1 X110.044 Y110.913 E166.6776
G1 X110.806 Y112.03 E166.69456
G1 X111.558 Y112.84 E166.70842
G1 X112.402 Y113.514 E166.72197
G1 X113.584 Y114.197 E166.73909
G1 X114.886 Y114.598 E166.75617
G1 X115.953 Y114.759 E166.7697
M204 S1500
G0 F15000 X116.153 Y114.759
G0 X115.983 Y114.359
;TYPE:WALL-INNER
G1 F3300 X117.022 Y114.359 E166.78273
G1 X118.031 Y114.207 E166.79553
G1 X119.263 Y113.826 E166.8117
G1 X120.596 Y113.055 E166.83101
G1 X121.738 Y111.997 E166.85053
G1 X122.455 Y110.943 E166.86652
G1 X122.907 Y110.004 E166.87959
G1 X123.21 Y109.025 E166.89244
G1 X123.362 Y108.019 E166.9052
G1 X123.362 Y106.979 E166.91824
G1 X123.17 Y105.718 E166.93423
G1 X122.698 Y104.515 E166.95044
G1 X122.185 Y103.625 E166.96332
G1 X121.549 Y102.829 E166.9761
G1 X120.783 Y102.117 E166.98921
G1 X119.946 Y101.548 E167.00191
G1 X119.006 Y101.095 E167.01499
G1 X118.036 Y100.795 E167.02772
G1 X116.759 Y100.604 E167.04392
G1 X115.48 Y100.7 E167.06
G1 X114.227 Y100.985 E167.07612
G1 X113.06 Y101.548 E167.09236
G1 X112.008 Y102.261 E167.1083
G1 X111.12 Y103.22 E167.12469
G1 X110.398 Y104.28 E167.14077
G1 X109.931 Y105.473 E167.15684
G1 X109.701 Y106.48 E167.16979
G1 X109.625 Y107.506 E167.1827
G1 X109.701 Y108.52 E167.19545
G1 X109.93 Y109.521 E167.20832
G1 X110.399 Y110.724 E167.22452
G1 X111.12 Y111.78 E167.24055
G1 X111.831 Y112.546 E167.25366
G1 X112.628 Y113.182 E167.26644
G1 X113.745 Y113.828 E167.28263
G1 X114.975 Y114.207 E167.29877
G1 X115.983 Y114.359 E167.31155
G0 F15000 X116.011 Y114.06
G0 X116.475 Y111.671
G0 X116.509 Y111.37
G1 F3300 X115.642 Y111.276 E167.32249
G1 X114.827 Y110.995 E167.3333
G1 X114.09 Y110.527 E167.34425
G1 X113.474 Y109.909 E167.35519
G1 X112.898 Y109.003 E167.36865
G1 X112.654 Y107.94 E167.38233
G1 X112.654 Y106.85 E167.396
G1 X113.017 Y105.812 E167.40979
G1 X113.473 Y105.087 E167.42053
G1 X114.082 Y104.48 E167.43131
G1 X114.823 Y104.011 E167.44231
G1 X115.643 Y103.724 E167.4532
G1 X116.501 Y103.627 E167.46403
G1 X117.367 Y103.72 E167.47495
G1 X118.182 Y104.01 E167.4858
G1 X118.916 Y104.468 E167.49665
G1 X119.533 Y105.09 E167.50764
G1 X119.996 Y105.82 E167.51848
G1 X120.279 Y106.633 E167.52927
G1 X120.374 Y107.492 E167.54011
G1 X120.28 Y108.365 E167.55112
G1 X119.993 Y109.178 E167.56193
G1 X119.538 Y109.907 E167.57271
G1 X118.895 Y110.543 E167.58405
G1 X118.161 Y110.999 E167.59489
G1 X117.361 Y111.28 E167.60552
G1 X116.509 Y111.37 E167.61627
M204 S2000
G0 F15000 X116.442 Y111.969
G1 F1500 E161.11627
;MESH:NONMESH
G0 F600 X116.442 Y111.969 Z6.6
G0 F15000 X118.815 Y110.404
G0 X119.407 Y109.812
G0 X119.849 Y109.108
G0 X120.122 Y108.322
G0 X120.216 Y107.498
G0 X120.12 Y106.672
G0 X117.019 Y100.459
G0 X117.348 Y96.771
;TIME_ELAPSED:437.123912
;LAYER:32
;TYPE:SUPPORT
G1 F1500 E167.61627
G1 F3000 X117.735 Y96.79 E167.62112
G1 X119.101 Y97.041 E167.63854
G1 X120.015 Y97.329 E167.65056
G1 X120.015 Y99.911 E167.68294
G1 X120.682 Y100.232 E167.69222
G1 X121.726 Y100.944 E167.70807
G1 X122.642 Y101.795 E167.72375
G1 X122.682 Y101.845 E167.72455
G1 X123.43 Y102.784 E167.7396
G1 X124.052 Y103.857 E167.75516
G1 X124.524 Y105.075 E167.77154
G1 X124.666 Y105.603 E167.7784
G1 X124.862 Y106.867 E167.79444
G1 X124.862 Y108.125 E167.81021
G1 X124.675 Y109.363 E167.82591
G1 X124.309 Y110.55 E167.84149
G1 X123.76 Y111.695 E167.85741
G1 X123.092 Y112.672 E167.87226
G1 X122.682 Y113.156 E167.88021
G1 X122.682 Y116.322 E167.91991
G1 X121.68 Y116.959 E167.9348
G1 X120.425 Y117.545 E167.95217
G1 X120.015 Y117.675 E167.95757
G1 X120.015 Y115.099 E167.98987
G1 X119.521 Y115.318 E167.99665
G1 X118.357 Y115.673 E168.01191
G1 X117.348 Y115.825 E168.0247
G1 X117.348 Y118.23 E168.05486
G1 X116.316 Y118.279 E168.06782
G1 X114.932 Y118.165 E168.08523
G1 X114.681 Y118.111 E168.08845
G1 X114.681 Y115.679 E168.11895
G1 X114.632 Y115.671 E168.11957
G1 X113.416 Y115.29 E168.13555
G1 X112.81 Y115.021 E168.14387
G1 X112.014 Y114.56 E168.1554
G1 X112.014 Y117.287 E168.1896
G1 X111.003 Y116.772 E168.20383
G1 X109.851 Y115.988 E168.2213
G1 X109.347 Y115.534 E168.22981
G1 X109.347 Y111.846 E168.27606
G1 X109.284 Y111.753 E168.27747
G1 X108.929 Y111.083 E168.28698
G1 X108.492 Y109.97 E168.30197
G1 X108.214 Y108.751 E168.31765
G1 X108.121 Y107.503 E168.33334
G1 X108.214 Y106.246 E168.34915
G1 X108.494 Y105.028 E168.36482
G1 X108.973 Y103.823 E168.38108
G1 X109.276 Y103.259 E168.38911
G1 X109.347 Y103.157 E168.39067
G1 X109.978 Y102.245 E168.40458
G1 X110.83 Y101.332 E168.42024
G1 X111.259 Y100.963 E168.42734
G1 X112.014 Y100.448 E168.4388
G1 X112.014 Y97.713 E168.47309
G1 X112.262 Y97.589 E168.47657
G1 X113.584 Y97.122 E168.49415
G1 X114.681 Y96.888 E168.50822
G1 X114.681 Y99.345 E168.53903
G1 X115.254 Y99.212 E168.54641
G1 X116.521 Y99.12 E168.56234
G1 X117.115 Y99.143 E168.56979
G1 X117.348 Y99.177 E168.57275
G1 X117.348 Y96.771 E168.60292
G1 F1500 E162.10292
G0 F15000 X122.682 Y101.845
G1 F1500 E168.60292
G1 F3000 X122.682 Y98.637 E168.64315
G1 X123.945 Y99.7 E168.66385
G1 X125.132 Y100.994 E168.68587
G1 X126.042 Y102.473 E168.70765
G1 X126.607 Y103.733 E168.72496
G1 X127.009 Y105.081 E168.7426
G1 X127.23 Y106.446 E168.75994
G1 X127.277 Y107.861 E168.7777
G1 X127.144 Y109.24 E168.79507
G1 X126.832 Y110.597 E168.81253
G1 X126.6 Y111.273 E168.8215
G1 X126.031 Y112.547 E168.83899
G1 X125.349 Y113.655 E168.85531
G1 X125.349 Y101.347 E169.00966
G1 F1500 E162.50966
G0 F15000 X123.065 Y99.268
G0 X121.766 Y98.383
G0 X120.347 Y97.698
G0 X118.846 Y97.236
G0 X117.344 Y97.01
G0 X116.447 Y96.977
G0 X114.936 Y97.09
G0 X113.454 Y97.427
G0 X112.605 Y97.725
G0 X111.241 Y98.383
G0 X109.984 Y99.238
G0 X109.303 Y99.825
G0 X108.467 Y100.727
G0 X107.578 Y101.952
G0 X109.347 Y103.157
G1 F1500 E169.00966
G1 F3000 X109.347 Y99.465 E169.05596
G1 X108.82 Y99.933 E169.06479
G1 X107.906 Y100.991 E169.08233
G1 X107.147 Y102.145 E169.09965
G1 X106.525 Y103.42 E169.11744
G1 X106.081 Y104.725 E169.13472
G1 X105.811 Y106.095 E169.15224
G1 X105.723 Y107.493 E169.1698
G1 X105.809 Y108.89 E169.18735
G1 X106.076 Y110.246 E169.20469
G1 X106.518 Y111.577 E169.22227
G1 X106.68 Y111.907 E169.22688
G1 X106.68 Y103.102 E169.3373
M204 S3500
G1 F1500 E162.8373
;MESH:The cap.stl
G0 F15000 X110.142 Y104.436
G0 X111.325 Y103.628
;TYPE:FILL
G1 F1500 E169.3373
G1 F4200 X110.082 Y108.267 E169.39753
G1 X110.026 Y107.506 E169.4071
G1 X110.097 Y106.542 E169.41922
G1 X110.314 Y105.59 E169.43146
G1 X110.755 Y104.467 E169.44659
G1 X111.433 Y103.471 E169.4617
G1 X111.93 Y102.932 E169.4709
G1 X113.499 Y104.5 E169.49871
G1 X113.16 Y104.84 E169.50473
G1 X112.644 Y105.656 E169.51684
G1 X112.254 Y106.787 E169.53184
G1 X112.254 Y107.987 E169.54689
G1 X112.393 Y108.599 E169.55476
G1 X110.225 Y109.18 E169.58291
G1 X110.754 Y110.533 E169.60113
G1 X111.433 Y111.528 E169.61623
G1 X112.105 Y112.254 E169.62864
G1 X112.854 Y112.852 E169.64066
G1 X113.906 Y113.459 E169.65589
G1 X114.001 Y113.487 E169.65713
G1 X110.565 Y110.051 E169.71807
G0 F15000 X115.734 Y113.916
G1 F4200 X120.438 Y112.655 E169.77914
G1 X120.356 Y112.733 E169.78056
G1 X119.103 Y113.457 E169.79871
G1 X117.944 Y113.815 E169.81392
G1 X116.99 Y113.959 E169.82602
G1 X116.015 Y113.959 E169.83825
G1 X114.817 Y113.778 E169.85344
G1 X115.386 Y111.653 E169.88103
G1 X116.51 Y111.777 E169.89521
G1 X117.451 Y111.672 E169.90708
G1 X118.362 Y111.352 E169.91919
G1 X119.17 Y110.842 E169.93117
G1 X119.504 Y110.505 E169.93712
G1 X121.068 Y112.07 E169.96487
G1 X121.433 Y111.734 E169.97109
G1 X122.108 Y110.742 E169.98614
G1 X122.534 Y109.857 E169.99845
G1 X122.818 Y108.939 E170.0105
G1 X122.962 Y107.987 E170.02258
G1 X122.962 Y107.011 E170.03482
G1 X122.918 Y106.727 E170.03842
G1 X121.67 Y111.384 E170.09888
G0 F15000 X122.441 Y104.957
G1 F4200 X119.037 Y101.553 E170.15925
G1 X119.749 Y101.897 E170.16917
G1 X120.529 Y102.427 E170.18099
G1 X121.257 Y103.103 E170.19345
G1 X121.854 Y103.851 E170.20545
G1 X122.336 Y104.689 E170.21758
G1 X122.78 Y105.816 E170.23277
G1 X120.619 Y106.395 E170.26082
G1 X120.358 Y105.644 E170.27079
G1 X119.846 Y104.84 E170.28275
G1 X119.165 Y104.152 E170.29489
G1 X118.357 Y103.649 E170.30682
G1 X117.603 Y103.378 E170.31687
G1 X118.181 Y101.222 E170.34486
G1 X117.261 Y101.083 E170.35653
G1 X112.624 Y102.326 E170.41673
G1 X113.262 Y101.895 E170.42639
G1 X114.359 Y101.365 E170.44167
G1 X115.542 Y101.097 E170.45688
G1 X116.738 Y101.006 E170.47192
M204 S429
G0 F15000 X119.721 Y104.937
G0 X120.209 Y105.713
G0 X120.513 Y106.582
G0 X120.618 Y107.498
G0 X120.515 Y108.412
G0 X120.212 Y109.283
G0 X119.722 Y110.063
G0 X119.066 Y110.718
G0 X118.291 Y111.206
G0 X116.431 Y111.666
G0 X116.509 Y110.97
;TYPE:WALL-OUTER
G1 F3000 X115.731 Y110.886 E170.48173
G1 X114.978 Y110.618 E170.49175
G1 X114.34 Y110.214 E170.50122
G1 X113.788 Y109.661 E170.51102
G1 X113.274 Y108.843 E170.52314
G1 X113.053 Y107.879 E170.53554
G1 X113.057 Y106.902 E170.54779
G1 X113.367 Y106.01 E170.55963
G1 X113.779 Y105.351 E170.56938
G1 X114.337 Y104.788 E170.57932
G1 X114.997 Y104.371 E170.58911
G1 X115.731 Y104.114 E170.59886
G1 X116.493 Y104.03 E170.60848
G1 X117.287 Y104.117 E170.61849
G1 X118.008 Y104.371 E170.62808
G1 X118.65 Y104.775 E170.63759
G1 X119.219 Y105.34 E170.64765
G1 X119.638 Y106.009 E170.65755
G1 X119.881 Y106.705 E170.66679
G1 X119.974 Y107.492 E170.67673
G1 X119.882 Y108.29 E170.6868
G1 X119.632 Y109.004 E170.69629
G1 X119.228 Y109.647 E170.70581
G1 X118.675 Y110.205 E170.71567
G1 X118.001 Y110.632 E170.72567
G1 X117.287 Y110.883 E170.73516
G1 X116.509 Y110.97 E170.74498
G0 F15000 X116.311 Y110.949
G0 X116.233 Y111.644
G0 X116.011 Y114.06
G0 X115.953 Y114.759
G1 F3000 X117.052 Y114.759 E170.75876
G1 X118.12 Y114.598 E170.77231
G1 X119.424 Y114.195 E170.78942
G1 X120.606 Y113.512 E170.80654
G1 X121.033 Y113.197 E170.8132
G1 X122.046 Y112.257 E170.83053
G1 X122.803 Y111.143 E170.84742
G1 X123.281 Y110.15 E170.86124
G1 X123.601 Y109.115 E170.87482
G1 X123.762 Y108.049 E170.88834
G1 X123.762 Y106.949 E170.90214
G1 X123.559 Y105.614 E170.91907
G1 X123.06 Y104.341 E170.93622
G1 X122.516 Y103.399 E170.94986
G1 X121.843 Y102.556 E170.96338
G1 X121.033 Y101.803 E170.97725
G1 X120.146 Y101.2 E170.9907
G1 X119.153 Y100.721 E171.00453
G1 X118.125 Y100.404 E171.01802
G1 X116.772 Y100.201 E171.03518
G1 X115.42 Y100.304 E171.05218
G1 X114.094 Y100.605 E171.06923
G1 X112.86 Y101.2 E171.08641
G1 X111.748 Y101.954 E171.10326
G1 X110.806 Y102.97 E171.12063
G1 X110.045 Y104.086 E171.13757
G1 X109.547 Y105.355 E171.15467
G1 X109.304 Y106.42 E171.16837
G1 X109.224 Y107.506 E171.18202
G1 X109.304 Y108.58 E171.19553
G1 X109.546 Y109.639 E171.20915
G1 X110.044 Y110.913 E171.22631
G1 X110.806 Y112.03 E171.24326
G1 X111.558 Y112.84 E171.25712
G1 X112.402 Y113.514 E171.27067
G1 X113.584 Y114.197 E171.28779
G1 X114.886 Y114.598 E171.30487
G1 X115.953 Y114.759 E171.3184
M204 S1500
G0 F15000 X116.153 Y114.759
G0 X115.983 Y114.359
;TYPE:WALL-INNER
G1 F3300 X117.022 Y114.359 E171.33143
G1 X118.031 Y114.207 E171.34423
G1 X119.263 Y113.826 E171.3604
G1 X120.596 Y113.055 E171.37971
G1 X121.738 Y111.997 E171.39923
G1 X122.455 Y110.943 E171.41522
G1 X122.907 Y110.004 E171.42829
G1 X123.21 Y109.025 E171.44114
G1 X123.362 Y108.019 E171.4539
G1 X123.362 Y106.979 E171.46694
G1 X123.17 Y105.718 E171.48294
G1 X122.698 Y104.515 E171.49914
G1 X122.185 Y103.625 E171.51202
G1 X121.549 Y102.829 E171.5248
G1 X120.783 Y102.117 E171.53792
G1 X119.946 Y101.548 E171.55061
G1 X119.006 Y101.095 E171.56369
G1 X118.036 Y100.795 E171.57643
G1 X116.759 Y100.604 E171.59262
G1 X115.48 Y100.7 E171.6087
G1 X114.227 Y100.985 E171.62482
G1 X113.06 Y101.548 E171.64107
G1 X112.008 Y102.261 E171.657
G1 X111.12 Y103.22 E171.67339
G1 X110.398 Y104.28 E171.68948
G1 X109.931 Y105.473 E171.70554
G1 X109.701 Y106.48 E171.7185
G1 X109.625 Y107.506 E171.7314
G1 X109.701 Y108.52 E171.74415
G1 X109.93 Y109.521 E171.75703
G1 X110.399 Y110.724 E171.77322
G1 X111.12 Y111.78 E171.78925
G1 X111.831 Y112.546 E171.80236
G1 X112.628 Y113.182 E171.81515
G1 X113.745 Y113.828 E171.83133
G1 X114.975 Y114.207 E171.84747
G1 X115.983 Y114.359 E171.86025
G0 F15000 X116.011 Y114.06
G0 X116.475 Y111.671
G0 X116.509 Y111.37
G1 F3300 X115.642 Y111.276 E171.87119
G1 X114.827 Y110.995 E171.882
G1 X114.09 Y110.527 E171.89295
G1 X113.474 Y109.909 E171.90389
G1 X112.898 Y109.003 E171.91735
G1 X112.654 Y107.94 E171.93103
G1 X112.654 Y106.85 E171.9447
G1 X113.017 Y105.812 E171.95849
G1 X113.473 Y105.087 E171.96923
G1 X114.082 Y104.48 E171.98001
G1 X114.823 Y104.011 E171.99101
G1 X115.643 Y103.724 E172.0019
G1 X116.501 Y103.627 E172.01273
G1 X117.367 Y103.72 E172.02365
G1 X118.182 Y104.01 E172.0345
G1 X118.916 Y104.468 E172.04535
G1 X119.533 Y105.09 E172.05634
G1 X119.996 Y105.82 E172.06718
G1 X120.279 Y106.633 E172.07797
G1 X120.374 Y107.492 E172.08881
G1 X120.28 Y108.365 E172.09982
G1 X119.993 Y109.178 E172.11064
G1 X119.538 Y109.907 E172.12141
G1 X118.895 Y110.543 E172.13275
G1 X118.161 Y110.999 E172.14359
G1 X117.361 Y111.28 E172.15422
G1 X116.509 Y111.37 E172.16497
M204 S2000
G0 F15000 X116.442 Y111.969
G1 F1500 E165.66497
;MESH:NONMESH
G0 F600 X116.442 Y111.969 Z6.8
G0 F15000 X118.815 Y110.404
G0 X119.407 Y109.812
G0 X119.849 Y109.108
G0 X120.122 Y108.322
G0 X120.216 Y107.498
G0 X120.12 Y106.672
G0 X117.019 Y100.459
G0 X117.348 Y96.771
;TIME_ELAPSED:448.231177
;LAYER:33
;TYPE:SUPPORT
G1 F1500 E172.16497
G1 F3000 X117.735 Y96.79 E172.16983
G1 X119.101 Y97.041 E172.18724
G1 X120.015 Y97.329 E172.19926
G1 X120.015 Y99.911 E172.23164
G1 X120.682 Y100.232 E172.24092
G1 X121.726 Y100.944 E172.25677
G1 X122.642 Y101.795 E172.27245
G1 X122.682 Y101.845 E172.27325
G1 X123.43 Y102.784 E172.28831
G1 X124.052 Y103.857 E172.30386
G1 X124.524 Y105.075 E172.32024
G1 X124.666 Y105.603 E172.3271
G1 X124.862 Y106.867 E172.34314
G1 X124.862 Y108.125 E172.35891
G1 X124.675 Y109.363 E172.37461
G1 X124.309 Y110.55 E172.39019
G1 X123.76 Y111.695 E172.40611
G1 X123.092 Y112.672 E172.42096
G1 X122.682 Y113.156 E172.42891
G1 X122.682 Y116.322 E172.46861
G1 X121.68 Y116.959 E172.4835
G1 X120.425 Y117.545 E172.50087
G1 X120.015 Y117.675 E172.50627
G1 X120.015 Y115.099 E172.53857
G1 X119.521 Y115.318 E172.54535
G1 X118.357 Y115.673 E172.56061
G1 X117.348 Y115.825 E172.5734
G1 X117.348 Y118.23 E172.60356
G1 X116.316 Y118.279 E172.61652
G1 X114.932 Y118.165 E172.63393
G1 X114.681 Y118.111 E172.63715
G1 X114.681 Y115.679 E172.66765
G1 X114.632 Y115.671 E172.66828
G1 X113.416 Y115.29 E172.68426
G1 X112.81 Y115.021 E172.69257
G1 X112.014 Y114.56 E172.70411
G1 X112.014 Y117.287 E172.7383
G1 X111.003 Y116.772 E172.75253
G1 X109.851 Y115.988 E172.77001
G1 X109.347 Y115.534 E172.77851
G1 X109.347 Y111.846 E172.82476
G1 X109.284 Y111.753 E172.82617
G1 X108.929 Y111.083 E172.83568
G1 X108.492 Y109.97 E172.85067
G1 X108.214 Y108.751 E172.86635
G1 X108.121 Y107.503 E172.88205
G1 X108.214 Y106.246 E172.89785
G1 X108.494 Y105.028 E172.91353
G1 X108.973 Y103.823 E172.92979
G1 X109.276 Y103.259 E172.93782
G1 X109.347 Y103.157 E172.93937
G1 X109.978 Y102.245 E172.95328
G1 X110.83 Y101.332 E172.96894
G1 X111.259 Y100.963 E172.97604
G1 X112.014 Y100.448 E172.9875
G1 X112.014 Y97.713 E173.0218
G1 X112.262 Y97.589 E173.02527
G1 X113.584 Y97.122 E173.04286
G1 X114.681 Y96.888 E173.05692
G1 X114.681 Y99.345 E173.08773
G1 X115.254 Y99.212 E173.09511
G1 X116.521 Y99.12 E173.11104
G1 X117.115 Y99.143 E173.1185
G1 X117.348 Y99.177 E173.12145
G1 X117.348 Y96.771 E173.15162
G1 F1500 E166.65162
G0 F15000 X122.682 Y101.845
G1 F1500 E173.15162
G1 F3000 X122.682 Y98.637 E173.19185
G1 X123.945 Y99.7 E173.21255
G1 X125.132 Y100.994 E173.23457
G1 X126.042 Y102.473 E173.25635
G1 X126.607 Y103.733 E173.27367
G1 X127.009 Y105.081 E173.29131
G1 X127.23 Y106.446 E173.30865
G1 X127.277 Y107.861 E173.3264
G1 X127.144 Y109.24 E173.34377
G1 X126.832 Y110.597 E173.36124
G1 X126.6 Y111.273 E173.3702
G1 X126.031 Y112.547 E173.3877
G1 X125.349 Y113.655 E173.40401
G1 X125.349 Y101.347 E173.55836
G1 F1500 E167.05836
G0 F15000 X123.065 Y99.268
G0 X121.766 Y98.383
G0 X120.347 Y97.698
G0 X118.846 Y97.236
G0 X117.344 Y97.01
G0 X116.447 Y96.977
G0 X114.936 Y97.09
G0 X113.454 Y97.427
G0 X112.605 Y97.725
G0 X111.241 Y98.383
G0 X109.984 Y99.238
G0 X109.303 Y99.825
G0 X108.467 Y100.727
G0 X107.578 Y101.952
G0 X109.347 Y103.157
G1 F1500 E173.55836
G1 F3000 X109.347 Y99.465 E173.60466
G1 X108.82 Y99.933 E173.6135
G1 X107.906 Y100.991 E173.63103
G1 X107.147 Y102.145 E173.64835
G1 X106.525 Y103.42 E173.66614
G1 X106.081 Y104.725 E173.68343
G1 X105.811 Y106.095 E173.70094
G1 X105.723 Y107.493 E173.7185
G1 X105.809 Y108.89 E173.73606
G1 X106.076 Y110.246 E173.75339
G1 X106.518 Y111.577 E173.77097
G1 X106.68 Y111.907 E173.77558
G1 X106.68 Y103.102 E173.886
M204 S3500
G1 F1500 E167.386
;MESH:The cap.stl
G0 F15000 X110.142 Y104.436
G0 X111.325 Y103.628
;TYPE:FILL
G1 F1500 E173.886
G1 F4200 X110.082 Y108.267 E173.94623
G1 X110.026 Y107.506 E173.9558
G1 X110.097 Y106.542 E173.96792
G1 X110.314 Y105.59 E173.98016
G1 X110.755 Y104.467 E173.99529
G1 X111.433 Y103.471 E174.0104
G1 X111.93 Y102.932 E174.0196
G1 X113.499 Y104.5 E174.04741
G1 X113.16 Y104.84 E174.05344
G1 X112.644 Y105.656 E174.06554
G1 X112.254 Y106.787 E174.08055
G1 X112.254 Y107.987 E174.09559
G1 X112.393 Y108.599 E174.10346
G1 X110.225 Y109.18 E174.13161
G1 X110.754 Y110.533 E174.14983
G1 X111.433 Y111.528 E174.16494
G1 X112.105 Y112.254 E174.17734
G1 X112.854 Y112.852 E174.18936
G1 X113.906 Y113.459 E174.20459
G1 X114.001 Y113.487 E174.20583
G1 X110.565 Y110.051 E174.26677
G0 F15000 X115.734 Y113.916
G1 F4200 X120.438 Y112.655 E174.32784
G1 X120.356 Y112.733 E174.32926
G1 X119.103 Y113.457 E174.34741
G1 X117.944 Y113.815 E174.36262
G1 X116.99 Y113.959 E174.37472
G1 X116.015 Y113.959 E174.38695
G1 X114.817 Y113.778 E174.40214
G1 X115.386 Y111.653 E174.42973
G1 X116.51 Y111.777 E174.44391
G1 X117.451 Y111.672 E174.45578
G1 X118.362 Y111.352 E174.46789
G1 X119.17 Y110.842 E174.47987
G1 X119.504 Y110.505 E174.48582
G1 X121.068 Y112.07 E174.51357
G1 X121.433 Y111.734 E174.51979
G1 X122.108 Y110.742 E174.53484
G1 X122.534 Y109.857 E174.54715
G1 X122.818 Y108.939 E174.55921
G1 X122.962 Y107.987 E174.57128
G1 X122.962 Y107.011 E174.58352
G1 X122.918 Y106.727 E174.58712
G1 X121.67 Y111.384 E174.64758
G0 F15000 X122.441 Y104.957
G1 F4200 X119.037 Y101.553 E174.70795
G1 X119.749 Y101.897 E174.71787
G1 X120.529 Y102.427 E174.7297
G1 X121.257 Y103.103 E174.74215
G1 X121.854 Y103.851 E174.75416
G1 X122.336 Y104.689 E174.76628
G1 X122.78 Y105.816 E174.78147
G1 X120.619 Y106.395 E174.80952
G1 X120.358 Y105.644 E174.81949
G1 X119.846 Y104.84 E174.83145
G1 X119.165 Y104.152 E174.84359
G1 X118.357 Y103.649 E174.85552
G1 X117.603 Y103.378 E174.86557
G1 X118.181 Y101.222 E174.89356
G1 X117.261 Y101.083 E174.90523
G1 X112.624 Y102.326 E174.96543
G1 X113.262 Y101.895 E174.97509
G1 X114.359 Y101.365 E174.99037
G1 X115.542 Y101.097 E175.00558
G1 X116.738 Y101.006 E175.02062
M204 S429
G0 F15000 X119.721 Y104.937
G0 X120.209 Y105.713
G0 X120.513 Y106.582
G0 X120.618 Y107.498
G0 X120.515 Y108.412
G0 X120.212 Y109.283
G0 X119.722 Y110.063
G0 X119.066 Y110.718
G0 X118.291 Y111.206
G0 X116.431 Y111.666
G0 X116.509 Y110.97
;TYPE:WALL-OUTER
G1 F3000 X115.731 Y110.886 E175.03043
G1 X114.978 Y110.618 E175.04046
G1 X114.34 Y110.214 E175.04993
G1 X113.788 Y109.661 E175.05972
G1 X113.274 Y108.843 E175.07184
G1 X113.053 Y107.879 E175.08424
G1 X113.057 Y106.902 E175.09649
G1 X113.367 Y106.01 E175.10834
G1 X113.779 Y105.351 E175.11808
G1 X114.337 Y104.788 E175.12802
G1 X114.997 Y104.371 E175.13781
G1 X115.731 Y104.114 E175.14757
G1 X116.493 Y104.03 E175.15718
G1 X117.287 Y104.117 E175.1672
G1 X118.008 Y104.371 E175.17678
G1 X118.65 Y104.775 E175.18629
G1 X119.219 Y105.34 E175.19635
G1 X119.638 Y106.009 E175.20625
G1 X119.881 Y106.705 E175.21549
G1 X119.974 Y107.492 E175.22543
G1 X119.882 Y108.29 E175.23551
G1 X119.632 Y109.004 E175.24499
G1 X119.228 Y109.647 E175.25452
G1 X118.675 Y110.205 E175.26437
G1 X118.001 Y110.632 E175.27437
G1 X117.287 Y110.883 E175.28386
G1 X116.509 Y110.97 E175.29368
G0 F15000 X116.311 Y110.949
G0 X116.233 Y111.644
G0 X116.011 Y114.06
G0 X115.953 Y114.759
G1 F3000 X117.052 Y114.759 E175.30746
G1 X118.12 Y114.598 E175.32101
G1 X119.424 Y114.195 E175.33812
G1 X120.606 Y113.512 E175.35524
G1 X121.033 Y113.197 E175.3619
G1 X122.046 Y112.257 E175.37923
G1 X122.803 Y111.143 E175.39612
G1 X123.281 Y110.15 E175.40994
G1 X123.601 Y109.115 E175.42352
G1 X123.762 Y108.049 E175.43704
G1 X123.762 Y106.949 E175.45084
G1 X123.559 Y105.614 E175.46777
G1 X123.06 Y104.341 E175.48492
G1 X122.516 Y103.399 E175.49856
G1 X121.843 Y102.556 E175.51209
G1 X121.033 Y101.803 E175.52595
G1 X120.146 Y101.2 E175.5394
G1 X119.153 Y100.721 E175.55323
G1 X118.125 Y100.404 E175.56672
G1 X116.772 Y100.201 E175.58388
G1 X115.42 Y100.304 E175.60088
G1 X114.094 Y100.605 E175.61793
G1 X112.86 Y101.2 E175.63511
G1 X111.748 Y101.954 E175.65196
G1 X110.806 Y102.97 E175.66934
G1 X110.045 Y104.086 E175.68628
G1 X109.547 Y105.355 E175.70337
G1 X109.304 Y106.42 E175.71707
G1 X109.224 Y107.506 E175.73072
G1 X109.304 Y108.58 E175.74423
G1 X109.546 Y109.639 E175.75785
G1 X110.044 Y110.913 E175.77501
G1 X110.806 Y112.03 E175.79196
G1 X111.558 Y112.84 E175.80582
G1 X112.402 Y113.514 E175.81937
G1 X113.584 Y114.197 E175.83649
G1 X114.886 Y114.598 E175.85357
G1 X115.953 Y114.759 E175.8671
M204 S1500
G0 F15000 X116.153 Y114.759
G0 X115.983 Y114.359
;TYPE:WALL-INNER
G1 F3300 X117.022 Y114.359 E175.88013
G1 X118.031 Y114.207 E175.89293
G1 X119.263 Y113.826 E175.9091
G1 X120.596 Y113.055 E175.92841
G1 X121.738 Y111.997 E175.94793
G1 X122.455 Y110.943 E175.96392
G1 X122.907 Y110.004 E175.97699
G1 X123.21 Y109.025 E175.98984
G1 X123.362 Y108.019 E176.0026
G1 X123.362 Y106.979 E176.01564
G1 X123.17 Y105.718 E176.03164
G1 X122.698 Y104.515 E176.04784
G1 X122.185 Y103.625 E176.06073
G1 X121.549 Y102.829 E176.0735
G1 X120.783 Y102.117 E176.08662
G1 X119.946 Y101.548 E176.09931
G1 X119.006 Y101.095 E176.11239
G1 X118.036 Y100.795 E176.12513
G1 X116.759 Y100.604 E176.14132
G1 X115.48 Y100.7 E176.1574
G1 X114.227 Y100.985 E176.17352
G1 X113.06 Y101.548 E176.18977
G1 X112.008 Y102.261 E176.2057
G1 X111.12 Y103.22 E176.22209
G1 X110.398 Y104.28 E176.23818
G1 X109.931 Y105.473 E176.25424
G1 X109.701 Y106.48 E176.2672
G1 X109.625 Y107.506 E176.2801
G1 X109.701 Y108.52 E176.29285
G1 X109.93 Y109.521 E176.30573
G1 X110.399 Y110.724 E176.32192
G1 X111.12 Y111.78 E176.33795
G1 X111.831 Y112.546 E176.35106
G1 X112.628 Y113.182 E176.36385
G1 X113.745 Y113.828 E176.38003
G1 X114.975 Y114.207 E176.39617
G1 X115.983 Y114.359 E176.40895
G0 F15000 X116.011 Y114.06
G0 X116.475 Y111.671
G0 X116.509 Y111.37
G1 F3300 X115.642 Y111.276 E176.41989
G1 X114.827 Y110.995 E176.4307
G1 X114.09 Y110.527 E176.44165
G1 X113.474 Y109.909 E176.45259
G1 X112.898 Y109.003 E176.46605
G1 X112.654 Y107.94 E176.47973
G1 X112.654 Y106.85 E176.4934
G1 X113.017 Y105.812 E176.50719
G1 X113.473 Y105.087 E176.51793
G1 X114.082 Y104.48 E176.52871
G1 X114.823 Y104.011 E176.53971
G1 X115.643 Y103.724 E176.55061
G1 X116.501 Y103.627 E176.56143
G1 X117.367 Y103.72 E176.57236
G1 X118.182 Y104.01 E176.5832
G1 X118.916 Y104.468 E176.59405
G1 X119.533 Y105.09 E176.60504
G1 X119.996 Y105.82 E176.61588
G1 X120.279 Y106.633 E176.62668
G1 X120.374 Y107.492 E176.63751
G1 X120.28 Y108.365 E176.64852
G1 X119.993 Y109.178 E176.65934
G1 X119.538 Y109.907 E176.67011
G1 X118.895 Y110.543 E176.68145
G1 X118.161 Y110.999 E176.69229
G1 X117.361 Y111.28 E176.70292
G1 X116.509 Y111.37 E176.71367
M204 S2000
G0 F15000 X116.442 Y111.969
G1 F1500 E170.21367
;MESH:NONMESH
G0 F600 X116.442 Y111.969 Z7
G0 F15000 X118.815 Y110.404
G0 X119.407 Y109.812
G0 X119.849 Y109.108
G0 X120.122 Y108.322
G0 X120.216 Y107.498
G0 X120.12 Y106.672
G0 X117.019 Y100.459
G0 X117.348 Y96.771
;TIME_ELAPSED:459.338441
;LAYER:34
;TYPE:SUPPORT
G1 F1500 E176.71367
G1 F3000 X117.735 Y96.79 E176.71853
G1 X119.101 Y97.041 E176.73594
G1 X120.015 Y97.329 E176.74796
G1 X120.015 Y99.911 E176.78034
G1 X120.682 Y100.232 E176.78962
G1 X121.726 Y100.944 E176.80547
G1 X122.642 Y101.795 E176.82115
G1 X122.682 Y101.845 E176.82195
G1 X123.43 Y102.784 E176.83701
G1 X124.052 Y103.857 E176.85256
G1 X124.524 Y105.075 E176.86894
G1 X124.666 Y105.603 E176.8758
G1 X124.862 Y106.867 E176.89184
G1 X124.862 Y108.125 E176.90761
G1 X124.675 Y109.363 E176.92332
G1 X124.309 Y110.55 E176.93889
G1 X123.76 Y111.695 E176.95482
G1 X123.092 Y112.672 E176.96966
G1 X122.682 Y113.156 E176.97761
G1 X122.682 Y116.322 E177.01732
G1 X121.68 Y116.959 E177.03221
G1 X120.425 Y117.545 E177.04957
G1 X120.015 Y117.675 E177.05497
G1 X120.015 Y115.099 E177.08727
G1 X119.521 Y115.318 E177.09405
G1 X118.357 Y115.673 E177.10931
G1 X117.348 Y115.825 E177.12211
G1 X117.348 Y118.23 E177.15227
G1 X116.316 Y118.279 E177.16522
G1 X114.932 Y118.165 E177.18264
G1 X114.681 Y118.111 E177.18586
G1 X114.681 Y115.679 E177.21635
G1 X114.632 Y115.671 E177.21698
G1 X113.416 Y115.29 E177.23296
G1 X112.81 Y115.021 E177.24127
G1 X112.014 Y114.56 E177.25281
G1 X112.014 Y117.287 E177.287
G1 X111.003 Y116.772 E177.30123
G1 X109.851 Y115.988 E177.31871
G1 X109.347 Y115.534 E177.32721
G1 X109.347 Y111.846 E177.37346
G1 X109.284 Y111.753 E177.37487
G1 X108.929 Y111.083 E177.38438
G1 X108.492 Y109.97 E177.39937
G1 X108.214 Y108.751 E177.41505
G1 X108.121 Y107.503 E177.43075
G1 X108.214 Y106.246 E177.44655
G1 X108.494 Y105.028 E177.46223
G1 X108.973 Y103.823 E177.47849
G1 X109.276 Y103.259 E177.48652
G1 X109.347 Y103.157 E177.48808
G1 X109.978 Y102.245 E177.50198
G1 X110.83 Y101.332 E177.51764
G1 X111.259 Y100.963 E177.52474
G1 X112.014 Y100.448 E177.5362
G1 X112.014 Y97.713 E177.5705
G1 X112.262 Y97.589 E177.57397
G1 X113.584 Y97.122 E177.59156
G1 X114.681 Y96.888 E177.60562
G1 X114.681 Y99.345 E177.63644
G1 X115.254 Y99.212 E177.64381
G1 X116.521 Y99.12 E177.65974
G1 X117.115 Y99.143 E177.6672
G1 X117.348 Y99.177 E177.67015
G1 X117.348 Y96.771 E177.70032
G1 F1500 E171.20032
G0 F15000 X122.682 Y101.845
G1 F1500 E177.70032
G1 F3000 X122.682 Y98.637 E177.74055
G1 X123.945 Y99.7 E177.76125
G1 X125.132 Y100.994 E177.78327
G1 X126.042 Y102.473 E177.80505
G1 X126.607 Y103.733 E177.82237
G1 X127.009 Y105.081 E177.84001
G1 X127.23 Y106.446 E177.85735
G1 X127.277 Y107.861 E177.8751
G1 X127.144 Y109.24 E177.89248
G1 X126.832 Y110.597 E177.90994
G1 X126.6 Y111.273 E177.9189
G1 X126.031 Y112.547 E177.9364
G1 X125.349 Y113.655 E177.95271
G1 X125.349 Y101.347 E178.10706
G1 F1500 E171.60706
G0 F15000 X123.065 Y99.268
G0 X121.766 Y98.383
G0 X120.347 Y97.698
G0 X118.846 Y97.236
G0 X117.344 Y97.01
G0 X116.447 Y96.977
G0 X114.936 Y97.09
G0 X113.454 Y97.427
G0 X112.605 Y97.725
G0 X111.241 Y98.383
G0 X109.984 Y99.238
G0 X109.303 Y99.825
G0 X108.467 Y100.727
G0 X107.578 Y101.952
G0 X109.347 Y103.157
G1 F1500 E178.10706
G1 F3000 X109.347 Y99.465 E178.15336
G1 X108.82 Y99.933 E178.1622
G1 X107.906 Y100.991 E178.17973
G1 X107.147 Y102.145 E178.19705
G1 X106.525 Y103.42 E178.21484
G1 X106.081 Y104.725 E178.23213
G1 X105.811 Y106.095 E178.24964
G1 X105.723 Y107.493 E178.2672
G1 X105.809 Y108.89 E178.28476
G1 X106.076 Y110.246 E178.30209
G1 X106.518 Y111.577 E178.31968
G1 X106.68 Y111.907 E178.32429
G1 X106.68 Y103.102 E178.4347
M204 S3500
G1 F1500 E171.9347
;MESH:The cap.stl
G0 F15000 X110.142 Y104.436
G0 X111.325 Y103.628
;TYPE:FILL
G1 F1500 E178.4347
G1 F4200 X110.082 Y108.267 E178.49493
G1 X110.026 Y107.506 E178.5045
G1 X110.097 Y106.542 E178.51662
G1 X110.314 Y105.59 E178.52887
G1 X110.755 Y104.467 E178.544
G1 X111.433 Y103.471 E178.55911
G1 X111.93 Y102.932 E178.5683
G1 X113.499 Y104.5 E178.59612
G1 X113.16 Y104.84 E178.60214
G1 X112.644 Y105.656 E178.61424
G1 X112.254 Y106.787 E178.62925
G1 X112.254 Y107.987 E178.6443
G1 X112.393 Y108.599 E178.65217
G1 X110.225 Y109.18 E178.68031
G1 X110.754 Y110.533 E178.69853
G1 X111.433 Y111.528 E178.71364
G1 X112.105 Y112.254 E178.72604
G1 X112.854 Y112.852 E178.73806
G1 X113.906 Y113.459 E178.75329
G1 X114.001 Y113.487 E178.75453
G1 X110.565 Y110.051 E178.81547
G0 F15000 X115.734 Y113.916
G1 F4200 X120.438 Y112.655 E178.87654
G1 X120.356 Y112.733 E178.87796
G1 X119.103 Y113.457 E178.89611
G1 X117.944 Y113.815 E178.91132
G1 X116.99 Y113.959 E178.92342
G1 X116.015 Y113.959 E178.93565
G1 X114.817 Y113.778 E178.95084
G1 X115.386 Y111.653 E178.97843
G1 X116.51 Y111.777 E178.99261
G1 X117.451 Y111.672 E179.00448
G1 X118.362 Y111.352 E179.01659
G1 X119.17 Y110.842 E179.02857
G1 X119.504 Y110.505 E179.03452
G1 X121.068 Y112.07 E179.06227
G1 X121.433 Y111.734 E179.06849
G1 X122.108 Y110.742 E179.08354
G1 X122.534 Y109.857 E179.09586
G1 X122.818 Y108.939 E179.10791
G1 X122.962 Y107.987 E179.11998
G1 X122.962 Y107.011 E179.13222
G1 X122.918 Y106.727 E179.13582
G1 X121.67 Y111.384 E179.19629
G0 F15000 X122.441 Y104.957
G1 F4200 X119.037 Y101.553 E179.25665
G1 X119.749 Y101.897 E179.26657
G1 X120.529 Y102.427 E179.2784
G1 X121.257 Y103.103 E179.29086
G1 X121.854 Y103.851 E179.30286
G1 X122.336 Y104.689 E179.31498
G1 X122.78 Y105.816 E179.33017
G1 X120.619 Y106.395 E179.35823
G1 X120.358 Y105.644 E179.3682
G1 X119.846 Y104.84 E179.38015
G1 X119.165 Y104.152 E179.39229
G1 X118.357 Y103.649 E179.40422
G1 X117.603 Y103.378 E179.41427
G1 X118.181 Y101.222 E179.44226
G1 X117.261 Y101.083 E179.45393
G1 X112.624 Y102.326 E179.51413
G1 X113.262 Y101.895 E179.52379
G1 X114.359 Y101.365 E179.53907
G1 X115.542 Y101.097 E179.55428
G1 X116.738 Y101.006 E179.56932
M204 S429
G0 F15000 X119.721 Y104.937
G0 X120.209 Y105.713
G0 X120.513 Y106.582
G0 X120.618 Y107.498
G0 X120.515 Y108.412
G0 X120.212 Y109.283
G0 X119.722 Y110.063
G0 X119.066 Y110.718
G0 X118.291 Y111.206
G0 X116.431 Y111.666
G0 X116.509 Y110.97
;TYPE:WALL-OUTER
G1 F3000 X115.731 Y110.886 E179.57913
G1 X114.978 Y110.618 E179.58916
G1 X114.34 Y110.214 E179.59863
G1 X113.788 Y109.661 E179.60843
G1 X113.274 Y108.843 E179.62054
G1 X113.053 Y107.879 E179.63294
G1 X113.057 Y106.902 E179.6452
G1 X113.367 Y106.01 E179.65704
G1 X113.779 Y105.351 E179.66678
G1 X114.337 Y104.788 E179.67672
G1 X114.997 Y104.371 E179.68651
G1 X115.731 Y104.114 E179.69627
G1 X116.493 Y104.03 E179.70588
G1 X117.287 Y104.117 E179.7159
G1 X118.008 Y104.371 E179.72548
G1 X118.65 Y104.775 E179.735
G1 X119.219 Y105.34 E179.74505
G1 X119.638 Y106.009 E179.75495
G1 X119.881 Y106.705 E179.7642
G1 X119.974 Y107.492 E179.77413
G1 X119.882 Y108.29 E179.78421
G1 X119.632 Y109.004 E179.79369
G1 X119.228 Y109.647 E179.80322
G1 X118.675 Y110.205 E179.81307
G1 X118.001 Y110.632 E179.82307
G1 X117.287 Y110.883 E179.83257
G1 X116.509 Y110.97 E179.84238
G0 F15000 X116.311 Y110.949
G0 X116.233 Y111.644
G0 X116.011 Y114.06
G0 X115.953 Y114.759
G1 F3000 X117.052 Y114.759 E179.85616
G1 X118.12 Y114.598 E179.86971
G1 X119.424 Y114.195 E179.88682
G1 X120.606 Y113.512 E179.90394
G1 X121.033 Y113.197 E179.9106
G1 X122.046 Y112.257 E179.92793
G1 X122.803 Y111.143 E179.94482
G1 X123.281 Y110.15 E179.95864
G1 X123.601 Y109.115 E179.97222
G1 X123.762 Y108.049 E179.98574
G1 X123.762 Y106.949 E179.99954
G1 X123.559 Y105.614 E180.01647
G1 X123.06 Y104.341 E180.03362
G1 X122.516 Y103.399 E180.04726
G1 X121.843 Y102.556 E180.06079
G1 X121.033 Y101.803 E180.07466
G1 X120.146 Y101.2 E180.08811
G1 X119.153 Y100.721 E180.10193
G1 X118.125 Y100.404 E180.11542
G1 X116.772 Y100.201 E180.13258
G1 X115.42 Y100.304 E180.14958
G1 X114.094 Y100.605 E180.16663
G1 X112.86 Y101.2 E180.18381
G1 X111.748 Y101.954 E180.20066
G1 X110.806 Y102.97 E180.21804
G1 X110.045 Y104.086 E180.23498
G1 X109.547 Y105.355 E180.25207
G1 X109.304 Y106.42 E180.26577
G1 X109.224 Y107.506 E180.27943
G1 X109.304 Y108.58 E180.29293
G1 X109.546 Y109.639 E180.30655
G1 X110.044 Y110.913 E180.32371
G1 X110.806 Y112.03 E180.34066
G1 X111.558 Y112.84 E180.35453
G1 X112.402 Y113.514 E180.36807
G1 X113.584 Y114.197 E180.38519
G1 X114.886 Y114.598 E180.40227
G1 X115.953 Y114.759 E180.41581
M204 S1500
G0 F15000 X116.153 Y114.759
G0 X115.983 Y114.359
;TYPE:WALL-INNER
G1 F3300 X117.022 Y114.359 E180.42884
G1 X118.031 Y114.207 E180.44163
G1 X119.263 Y113.826 E180.4578
G1 X120.596 Y113.055 E180.47711
G1 X121.738 Y111.997 E180.49664
G1 X122.455 Y110.943 E180.51262
G1 X122.907 Y110.004 E180.52569
G1 X123.21 Y109.025 E180.53854
G1 X123.362 Y108.019 E180.5513
G1 X123.362 Y106.979 E180.56434
G1 X123.17 Y105.718 E180.58034
G1 X122.698 Y104.515 E180.59654
G1 X122.185 Y103.625 E180.60943
G1 X121.549 Y102.829 E180.6222
G1 X120.783 Y102.117 E180.63532
G1 X119.946 Y101.548 E180.64801
G1 X119.006 Y101.095 E180.6611
G1 X118.036 Y100.795 E180.67383
G1 X116.759 Y100.604 E180.69002
G1 X115.48 Y100.7 E180.70611
G1 X114.227 Y100.985 E180.72222
G1 X113.06 Y101.548 E180.73847
G1 X112.008 Y102.261 E180.75441
G1 X111.12 Y103.22 E180.7708
G1 X110.398 Y104.28 E180.78688
G1 X109.931 Y105.473 E180.80294
G1 X109.701 Y106.48 E180.8159
G1 X109.625 Y107.506 E180.8288
G1 X109.701 Y108.52 E180.84155
G1 X109.93 Y109.521 E180.85443
G1 X110.399 Y110.724 E180.87062
G1 X111.12 Y111.78 E180.88666
G1 X111.831 Y112.546 E180.89976
G1 X112.628 Y113.182 E180.91255
G1 X113.745 Y113.828 E180.92873
G1 X114.975 Y114.207 E180.94487
G1 X115.983 Y114.359 E180.95765
G0 F15000 X116.011 Y114.06
G0 X116.475 Y111.671
G0 X116.509 Y111.37
G1 F3300 X115.642 Y111.276 E180.96859
G1 X114.827 Y110.995 E180.9794
G1 X114.09 Y110.527 E180.99035
G1 X113.474 Y109.909 E181.00129
G1 X112.898 Y109.003 E181.01476
G1 X112.654 Y107.94 E181.02843
G1 X112.654 Y106.85 E181.0421
G1 X113.017 Y105.812 E181.05589
G1 X113.473 Y105.087 E181.06663
G1 X114.082 Y104.48 E181.07741
G1 X114.823 Y104.011 E181.08841
G1 X115.643 Y103.724 E181.09931
G1 X116.501 Y103.627 E181.11013
G1 X117.367 Y103.72 E181.12106
G1 X118.182 Y104.01 E181.13191
G1 X118.916 Y104.468 E181.14275
G1 X119.533 Y105.09 E181.15374
G1 X119.996 Y105.82 E181.16458
G1 X120.279 Y106.633 E181.17538
G1 X120.374 Y107.492 E181.18622
G1 X120.28 Y108.365 E181.19723
G1 X119.993 Y109.178 E181.20804
G1 X119.538 Y109.907 E181.21881
G1 X118.895 Y110.543 E181.23016
G1 X118.161 Y110.999 E181.24099
G1 X117.361 Y111.28 E181.25163
G1 X116.509 Y111.37 E181.26237
M204 S2000
G0 F15000 X116.442 Y111.969
G1 F1500 E174.76237
;MESH:NONMESH
G0 F600 X116.442 Y111.969 Z7.2
G0 F15000 X118.815 Y110.404
G0 X119.407 Y109.812
G0 X119.849 Y109.108
G0 X120.122 Y108.322
G0 X120.216 Y107.498
G0 X120.12 Y106.672
G0 X117.019 Y100.459
G0 X117.348 Y96.771
;TIME_ELAPSED:470.445705
;LAYER:35
;TYPE:SUPPORT
G1 F1500 E181.26237
G1 F3000 X117.735 Y96.79 E181.26723
G1 X119.101 Y97.041 E181.28465
G1 X120.015 Y97.329 E181.29666
G1 X120.015 Y99.911 E181.32904
G1 X120.682 Y100.232 E181.33832
G1 X121.726 Y100.944 E181.35417
G1 X122.642 Y101.795 E181.36985
G1 X122.682 Y101.845 E181.37065
G1 X123.43 Y102.784 E181.38571
G1 X124.052 Y103.857 E181.40126
G1 X124.524 Y105.075 E181.41764
G1 X124.666 Y105.603 E181.4245
G1 X124.862 Y106.867 E181.44054
G1 X124.862 Y108.125 E181.45632
G1 X124.675 Y109.363 E181.47202
G1 X124.309 Y110.55 E181.48759
G1 X123.76 Y111.695 E181.50352
G1 X123.092 Y112.672 E181.51836
G1 X122.682 Y113.156 E181.52631
G1 X122.682 Y116.322 E181.56602
G1 X121.68 Y116.959 E181.58091
G1 X120.425 Y117.545 E181.59828
G1 X120.015 Y117.675 E181.60367
G1 X120.015 Y115.099 E181.63597
G1 X119.521 Y115.318 E181.64275
G1 X118.357 Y115.673 E181.65801
G1 X117.348 Y115.825 E181.67081
G1 X117.348 Y118.23 E181.70097
G1 X116.316 Y118.279 E181.71392
G1 X114.932 Y118.165 E181.73134
G1 X114.681 Y118.111 E181.73456
G1 X114.681 Y115.679 E181.76506
G1 X114.632 Y115.671 E181.76568
G1 X113.416 Y115.29 E181.78166
G1 X112.81 Y115.021 E181.78997
G1 X112.014 Y114.56 E181.80151
G1 X112.014 Y117.287 E181.83571
G1 X111.003 Y116.772 E181.84993
G1 X109.851 Y115.988 E181.86741
G1 X109.347 Y115.534 E181.87592
G1 X109.347 Y111.846 E181.92216
G1 X109.284 Y111.753 E181.92357
G1 X108.929 Y111.083 E181.93308
G1 X108.492 Y109.97 E181.94808
G1 X108.214 Y108.751 E181.96376
G1 X108.121 Y107.503 E181.97945
G1 X108.214 Y106.246 E181.99526
G1 X108.494 Y105.028 E182.01093
G1 X108.973 Y103.823 E182.02719
G1 X109.276 Y103.259 E182.03522
G1 X109.347 Y103.157 E182.03678
G1 X109.978 Y102.245 E182.05068
G1 X110.83 Y101.332 E182.06634
G1 X111.259 Y100.963 E182.07344
G1 X112.014 Y100.448 E182.0849
G1 X112.014 Y97.713 E182.1192
G1 X112.262 Y97.589 E182.12268
G1 X113.584 Y97.122 E182.14026
G1 X114.681 Y96.888 E182.15432
G1 X114.681 Y99.345 E182.18514
G1 X115.254 Y99.212 E182.19251
G1 X116.521 Y99.12 E182.20844
G1 X117.115 Y99.143 E182.2159
G1 X117.348 Y99.177 E182.21885
G1 X117.348 Y96.771 E182.24902
G1 F1500 E175.74902
G0 F15000 X122.682 Y101.845
G1 F1500 E182.24902
G1 F3000 X122.682 Y98.637 E182.28925
G1 X123.945 Y99.7 E182.30995
G1 X125.132 Y100.994 E182.33197
G1 X126.042 Y102.473 E182.35375
G1 X126.607 Y103.733 E182.37107
G1 X127.009 Y105.081 E182.38871
G1 X127.23 Y106.446 E182.40605
G1 X127.277 Y107.861 E182.4238
G1 X127.144 Y109.24 E182.44118
G1 X126.832 Y110.597 E182.45864
G1 X126.6 Y111.273 E182.4676
G1 X126.031 Y112.547 E182.4851
G1 X125.349 Y113.655 E182.50141
G1 X125.349 Y101.347 E182.65576
G1 F1500 E176.15576
G0 F15000 X123.065 Y99.268
G0 X121.766 Y98.383
G0 X120.347 Y97.698
G0 X118.846 Y97.236
G0 X117.344 Y97.01
G0 X116.447 Y96.977
G0 X114.936 Y97.09
G0 X113.454 Y97.427
G0 X112.605 Y97.725
G0 X111.241 Y98.383
G0 X109.984 Y99.238
G0 X109.303 Y99.825
G0 X108.467 Y100.727
G0 X107.578 Y101.952
G0 X109.347 Y103.157
G1 F1500 E182.65576
G1 F3000 X109.347 Y99.465 E182.70206
G1 X108.82 Y99.933 E182.7109
G1 X107.906 Y100.991 E182.72843
G1 X107.147 Y102.145 E182.74575
G1 X106.525 Y103.42 E182.76354
G1 X106.081 Y104.725 E182.78083
G1 X105.811 Y106.095 E182.79834
G1 X105.723 Y107.493 E182.81591
G1 X105.809 Y108.89 E182.83346
G1 X106.076 Y110.246 E182.85079
G1 X106.518 Y111.577 E182.86838
G1 X106.68 Y111.907 E182.87299
G1 X106.68 Y103.102 E182.98341
M204 S3500
G1 F1500 E176.48341
;MESH:The cap.stl
G0 F15000 X110.142 Y104.436
G0 X111.325 Y103.628
;TYPE:FILL
G1 F1500 E182.98341
G1 F4200 X110.082 Y108.267 E183.04363
G1 X110.026 Y107.506 E183.0532
G1 X110.097 Y106.542 E183.06532
G1 X110.314 Y105.59 E183.07757
G1 X110.755 Y104.467 E183.0927
G1 X111.433 Y103.471 E183.10781
G1 X111.93 Y102.932 E183.117
G1 X113.499 Y104.5 E183.14482
G1 X113.16 Y104.84 E183.15084
G1 X112.644 Y105.656 E183.16295
G1 X112.254 Y106.787 E183.17795
G1 X112.254 Y107.987 E183.193
G1 X112.393 Y108.599 E183.20087
G1 X110.225 Y109.18 E183.22901
G1 X110.754 Y110.533 E183.24723
G1 X111.433 Y111.528 E183.26234
G1 X112.105 Y112.254 E183.27474
G1 X112.854 Y112.852 E183.28676
G1 X113.906 Y113.459 E183.30199
G1 X114.001 Y113.487 E183.30324
G1 X110.565 Y110.051 E183.36417
G0 F15000 X115.734 Y113.916
G1 F4200 X120.438 Y112.655 E183.42525
G1 X120.356 Y112.733 E183.42666
G1 X119.103 Y113.457 E183.44481
G1 X117.944 Y113.815 E183.46002
G1 X116.99 Y113.959 E183.47212
G1 X116.015 Y113.959 E183.48435
G1 X114.817 Y113.778 E183.49954
G1 X115.386 Y111.653 E183.52713
G1 X116.51 Y111.777 E183.54131
G1 X117.451 Y111.672 E183.55319
G1 X118.362 Y111.352 E183.56529
G1 X119.17 Y110.842 E183.57728
G1 X119.504 Y110.505 E183.58323
G1 X121.068 Y112.07 E183.61097
G1 X121.433 Y111.734 E183.61719
G1 X122.108 Y110.742 E183.63224
G1 X122.534 Y109.857 E183.64456
G1 X122.818 Y108.939 E183.65661
G1 X122.962 Y107.987 E183.66868
G1 X122.962 Y107.011 E183.68092
G1 X122.918 Y106.727 E183.68453
G1 X121.67 Y111.384 E183.74499
G0 F15000 X122.441 Y104.957
G1 F4200 X119.037 Y101.553 E183.80536
G1 X119.749 Y101.897 E183.81527
G1 X120.529 Y102.427 E183.8271
G1 X121.257 Y103.103 E183.83956
G1 X121.854 Y103.851 E183.85156
G1 X122.336 Y104.689 E183.86368
G1 X122.78 Y105.816 E183.87887
G1 X120.619 Y106.395 E183.90693
G1 X120.358 Y105.644 E183.9169
G1 X119.846 Y104.84 E183.92885
G1 X119.165 Y104.152 E183.94099
G1 X118.357 Y103.649 E183.95293
G1 X117.603 Y103.378 E183.96297
G1 X118.181 Y101.222 E183.99097
G1 X117.261 Y101.083 E184.00263
G1 X112.624 Y102.326 E184.06284
G1 X113.262 Y101.895 E184.07249
G1 X114.359 Y101.365 E184.08777
G1 X115.542 Y101.097 E184.10298
G1 X116.738 Y101.006 E184.11802
M204 S429
G0 F15000 X119.721 Y104.937
G0 X120.209 Y105.713
G0 X120.513 Y106.582
G0 X120.618 Y107.498
G0 X120.515 Y108.412
G0 X120.212 Y109.283
G0 X119.722 Y110.063
G0 X119.066 Y110.718
G0 X118.291 Y111.206
G0 X116.431 Y111.666
G0 X116.509 Y110.97
;TYPE:WALL-OUTER
G1 F3000 X115.731 Y110.886 E184.12784
G1 X114.978 Y110.618 E184.13786
G1 X114.34 Y110.214 E184.14733
G1 X113.788 Y109.661 E184.15713
G1 X113.274 Y108.843 E184.16924
G1 X113.053 Y107.879 E184.18164
G1 X113.057 Y106.902 E184.1939
G1 X113.367 Y106.01 E184.20574
G1 X113.779 Y105.351 E184.21549
G1 X114.337 Y104.788 E184.22543
G1 X114.997 Y104.371 E184.23522
G1 X115.731 Y104.114 E184.24497
G1 X116.493 Y104.03 E184.25458
G1 X117.287 Y104.117 E184.2646
G1 X118.008 Y104.371 E184.27418
G1 X118.65 Y104.775 E184.2837
G1 X119.219 Y105.34 E184.29375
G1 X119.638 Y106.009 E184.30365
G1 X119.881 Y106.705 E184.3129
G1 X119.974 Y107.492 E184.32283
G1 X119.882 Y108.29 E184.33291
G1 X119.632 Y109.004 E184.3424
G1 X119.228 Y109.647 E184.35192
G1 X118.675 Y110.205 E184.36177
G1 X118.001 Y110.632 E184.37178
G1 X117.287 Y110.883 E184.38127
G1 X116.509 Y110.97 E184.39108
G0 F15000 X116.311 Y110.949
G0 X116.233 Y111.644
G0 X116.011 Y114.06
G0 X115.953 Y114.759
G1 F3000 X117.052 Y114.759 E184.40487
G1 X118.12 Y114.598 E184.41841
G1 X119.424 Y114.195 E184.43553
G1 X120.606 Y113.512 E184.45265
G1 X121.033 Y113.197 E184.4593
G1 X122.046 Y112.257 E184.47663
G1 X122.803 Y111.143 E184.49352
G1 X123.281 Y110.15 E184.50734
G1 X123.601 Y109.115 E184.52093
G1 X123.762 Y108.049 E184.53444
G1 X123.762 Y106.949 E184.54824
G1 X123.559 Y105.614 E184.56517
G1 X123.06 Y104.341 E184.58232
G1 X122.516 Y103.399 E184.59596
G1 X121.843 Y102.556 E184.60949
G1 X121.033 Y101.803 E184.62336
G1 X120.146 Y101.2 E184.63681
G1 X119.153 Y100.721 E184.65063
G1 X118.125 Y100.404 E184.66412
G1 X116.772 Y100.201 E184.68128
G1 X115.42 Y100.304 E184.69828
G1 X114.094 Y100.605 E184.71534
G1 X112.86 Y101.2 E184.73252
G1 X111.748 Y101.954 E184.74936
G1 X110.806 Y102.97 E184.76674
G1 X110.045 Y104.086 E184.78368
G1 X109.547 Y105.355 E184.80077
G1 X109.304 Y106.42 E184.81447
G1 X109.224 Y107.506 E184.82813
G1 X109.304 Y108.58 E184.84163
G1 X109.546 Y109.639 E184.85526
G1 X110.044 Y110.913 E184.87241
G1 X110.806 Y112.03 E184.88937
G1 X111.558 Y112.84 E184.90323
G1 X112.402 Y113.514 E184.91677
G1 X113.584 Y114.197 E184.93389
G1 X114.886 Y114.598 E184.95098
G1 X115.953 Y114.759 E184.96451
M204 S1500
G0 F15000 X116.153 Y114.759
G0 X115.983 Y114.359
;TYPE:WALL-INNER
G1 F3300 X117.022 Y114.359 E184.97754
G1 X118.031 Y114.207 E184.99033
G1 X119.263 Y113.826 E185.0065
G1 X120.596 Y113.055 E185.02582
G1 X121.738 Y111.997 E185.04534
G1 X122.455 Y110.943 E185.06132
G1 X122.907 Y110.004 E185.07439
G1 X123.21 Y109.025 E185.08724
G1 X123.362 Y108.019 E185.1
G1 X123.362 Y106.979 E185.11304
G1 X123.17 Y105.718 E185.12904
G1 X122.698 Y104.515 E185.14525
G1 X122.185 Y103.625 E185.15813
G1 X121.549 Y102.829 E185.17091
G1 X120.783 Y102.117 E185.18402
G1 X119.946 Y101.548 E185.19671
G1 X119.006 Y101.095 E185.2098
G1 X118.036 Y100.795 E185.22253
G1 X116.759 Y100.604 E185.23872
G1 X115.48 Y100.7 E185.25481
G1 X114.227 Y100.985 E185.27092
G1 X113.06 Y101.548 E185.28717
G1 X112.008 Y102.261 E185.30311
G1 X111.12 Y103.22 E185.3195
G1 X110.398 Y104.28 E185.33558
G1 X109.931 Y105.473 E185.35165
G1 X109.701 Y106.48 E185.3646
G1 X109.625 Y107.506 E185.3775
G1 X109.701 Y108.52 E185.39025
G1 X109.93 Y109.521 E185.40313
G1 X110.399 Y110.724 E185.41932
G1 X111.12 Y111.78 E185.43536
G1 X111.831 Y112.546 E185.44846
G1 X112.628 Y113.182 E185.46125
G1 X113.745 Y113.828 E185.47743
G1 X114.975 Y114.207 E185.49357
G1 X115.983 Y114.359 E185.50636
G0 F15000 X116.011 Y114.06
G0 X116.475 Y111.671
G0 X116.509 Y111.37
G1 F3300 X115.642 Y111.276 E185.51729
G1 X114.827 Y110.995 E185.5281
G1 X114.09 Y110.527 E185.53905
G1 X113.474 Y109.909 E185.54999
G1 X112.898 Y109.003 E185.56346
G1 X112.654 Y107.94 E185.57713
G1 X112.654 Y106.85 E185.5908
G1 X113.017 Y105.812 E185.60459
G1 X113.473 Y105.087 E185.61533
G1 X114.082 Y104.48 E185.62612
G1 X114.823 Y104.011 E185.63711
G1 X115.643 Y103.724 E185.64801
G1 X116.501 Y103.627 E185.65884
G1 X117.367 Y103.72 E185.66976
G1 X118.182 Y104.01 E185.68061
G1 X118.916 Y104.468 E185.69146
G1 X119.533 Y105.09 E185.70244
G1 X119.996 Y105.82 E185.71328
G1 X120.279 Y106.633 E185.72408
G1 X120.374 Y107.492 E185.73492
G1 X120.28 Y108.365 E185.74593
G1 X119.993 Y109.178 E185.75674
G1 X119.538 Y109.907 E185.76752
G1 X118.895 Y110.543 E185.77886
G1 X118.161 Y110.999 E185.78969
G1 X117.361 Y111.28 E185.80033
G1 X116.509 Y111.37 E185.81107
M204 S2000
G0 F15000 X116.442 Y111.969
G1 F1500 E179.31107
;MESH:NONMESH
G0 F600 X116.442 Y111.969 Z7.4
G0 F15000 X118.815 Y110.404
G0 X119.407 Y109.812
G0 X119.849 Y109.108
G0 X120.122 Y108.322
G0 X120.216 Y107.498
G0 X120.12 Y106.672
G0 X117.019 Y100.459
G0 X117.348 Y96.771
;TIME_ELAPSED:481.552969
;LAYER:36
;TYPE:SUPPORT
G1 F1500 E185.81107
G1 F3000 X117.735 Y96.79 E185.81593
G1 X119.101 Y97.041 E185.83335
G1 X120.015 Y97.329 E185.84536
G1 X120.015 Y99.911 E185.87774
G1 X120.682 Y100.232 E185.88703
G1 X121.726 Y100.944 E185.90287
G1 X122.642 Y101.795 E185.91855
G1 X122.682 Y101.845 E185.91936
G1 X123.43 Y102.784 E185.93441
G1 X124.052 Y103.857 E185.94996
G1 X124.524 Y105.075 E185.96634
G1 X124.666 Y105.603 E185.9732
G1 X124.862 Y106.867 E185.98924
G1 X124.862 Y108.125 E186.00502
G1 X124.675 Y109.363 E186.02072
G1 X124.309 Y110.55 E186.0363
G1 X123.76 Y111.695 E186.05222
G1 X123.092 Y112.672 E186.06706
G1 X122.682 Y113.156 E186.07502
G1 X122.682 Y116.322 E186.11472
G1 X121.68 Y116.959 E186.12961
G1 X120.425 Y117.545 E186.14698
G1 X120.015 Y117.675 E186.15237
G1 X120.015 Y115.099 E186.18468
G1 X119.521 Y115.318 E186.19145
G1 X118.357 Y115.673 E186.20671
G1 X117.348 Y115.825 E186.21951
G1 X117.348 Y118.23 E186.24967
G1 X116.316 Y118.279 E186.26262
G1 X114.932 Y118.165 E186.28004
G1 X114.681 Y118.111 E186.28326
G1 X114.681 Y115.679 E186.31376
G1 X114.632 Y115.671 E186.31438
G1 X113.416 Y115.29 E186.33036
G1 X112.81 Y115.021 E186.33867
G1 X112.014 Y114.56 E186.35021
G1 X112.014 Y117.287 E186.38441
G1 X111.003 Y116.772 E186.39864
G1 X109.851 Y115.988 E186.41611
G1 X109.347 Y115.534 E186.42462
G1 X109.347 Y111.846 E186.47087
G1 X109.284 Y111.753 E186.47227
G1 X108.929 Y111.083 E186.48178
G1 X108.492 Y109.97 E186.49678
G1 X108.214 Y108.751 E186.51246
G1 X108.121 Y107.503 E186.52815
G1 X108.214 Y106.246 E186.54396
G1 X108.494 Y105.028 E186.55963
G1 X108.973 Y103.823 E186.57589
G1 X109.276 Y103.259 E186.58392
G1 X109.347 Y103.157 E186.58548
G1 X109.978 Y102.245 E186.59939
G1 X110.83 Y101.332 E186.61505
G1 X111.259 Y100.963 E186.62214
G1 X112.014 Y100.448 E186.6336
G1 X112.014 Y97.713 E186.6679
G1 X112.262 Y97.589 E186.67138
G1 X113.584 Y97.122 E186.68896
G1 X114.681 Y96.888 E186.70303
G1 X114.681 Y99.345 E186.73384
G1 X115.254 Y99.212 E186.74121
G1 X116.521 Y99.12 E186.75715
G1 X117.115 Y99.143 E186.7646
G1 X117.348 Y99.177 E186.76755
G1 X117.348 Y96.771 E186.79772
G1 F1500 E180.29772
G0 F15000 X122.682 Y101.845
G1 F1500 E186.79772
G1 F3000 X122.682 Y98.637 E186.83795
G1 X123.945 Y99.7 E186.85866
G1 X125.132 Y100.994 E186.88068
G1 X126.042 Y102.473 E186.90245
G1 X126.607 Y103.733 E186.91977
G1 X127.009 Y105.081 E186.93741
G1 X127.23 Y106.446 E186.95475
G1 X127.277 Y107.861 E186.9725
G1 X127.144 Y109.24 E186.98988
G1 X126.832 Y110.597 E187.00734
G1 X126.6 Y111.273 E187.0163
G1 X126.031 Y112.547 E187.0338
G1 X125.349 Y113.655 E187.05012
G1 X125.349 Y101.347 E187.20446
G1 F1500 E180.70446
G0 F15000 X123.065 Y99.268
G0 X121.766 Y98.383
G0 X120.347 Y97.698
G0 X118.846 Y97.236
G0 X117.344 Y97.01
G0 X116.447 Y96.977
G0 X114.936 Y97.09
G0 X113.454 Y97.427
G0 X112.605 Y97.725
G0 X111.241 Y98.383
G0 X109.984 Y99.238
G0 X109.303 Y99.825
G0 X108.467 Y100.727
G0 X107.578 Y101.952
G0 X109.347 Y103.157
G1 F1500 E187.20446
G1 F3000 X109.347 Y99.465 E187.25076
G1 X108.82 Y99.933 E187.2596
G1 X107.906 Y100.991 E187.27713
G1 X107.147 Y102.145 E187.29445
G1 X106.525 Y103.42 E187.31224
G1 X106.081 Y104.725 E187.32953
G1 X105.811 Y106.095 E187.34704
G1 X105.723 Y107.493 E187.36461
G1 X105.809 Y108.89 E187.38216
G1 X106.076 Y110.246 E187.39949
G1 X106.518 Y111.577 E187.41708
G1 X106.68 Y111.907 E187.42169
G1 X106.68 Y103.102 E187.53211
M204 S3500
G1 F1500 E181.03211
;MESH:The cap.stl
G0 F15000 X110.142 Y104.436
G0 X111.325 Y103.628
;TYPE:FILL
G1 F1500 E187.53211
G1 F4200 X110.082 Y108.267 E187.59233
G1 X110.026 Y107.506 E187.6019
G1 X110.097 Y106.542 E187.61402
G1 X110.314 Y105.59 E187.62627
G1 X110.755 Y104.467 E187.6414
G1 X111.433 Y103.471 E187.65651
G1 X111.93 Y102.932 E187.6657
G1 X113.499 Y104.5 E187.69352
G1 X113.16 Y104.84 E187.69954
G1 X112.644 Y105.656 E187.71165
G1 X112.254 Y106.787 E187.72665
G1 X112.254 Y107.987 E187.7417
G1 X112.393 Y108.599 E187.74957
G1 X110.225 Y109.18 E187.77772
G1 X110.754 Y110.533 E187.79593
G1 X111.433 Y111.528 E187.81104
G1 X112.105 Y112.254 E187.82345
G1 X112.854 Y112.852 E187.83546
G1 X113.906 Y113.459 E187.8507
G1 X114.001 Y113.487 E187.85194
G1 X110.565 Y110.051 E187.91287
G0 F15000 X115.734 Y113.916
G1 F4200 X120.438 Y112.655 E187.97395
G1 X120.356 Y112.733 E187.97537
G1 X119.103 Y113.457 E187.99351
G1 X117.944 Y113.815 E188.00873
G1 X116.99 Y113.959 E188.02082
G1 X116.015 Y113.959 E188.03305
G1 X114.817 Y113.778 E188.04825
G1 X115.386 Y111.653 E188.07583
G1 X116.51 Y111.777 E188.09001
G1 X117.451 Y111.672 E188.10189
G1 X118.362 Y111.352 E188.114
G1 X119.17 Y110.842 E188.12598
G1 X119.504 Y110.505 E188.13193
G1 X121.068 Y112.07 E188.15967
G1 X121.433 Y111.734 E188.1659
G1 X122.108 Y110.742 E188.18094
G1 X122.534 Y109.857 E188.19326
G1 X122.818 Y108.939 E188.20531
G1 X122.962 Y107.987 E188.21738
G1 X122.962 Y107.011 E188.22962
G1 X122.918 Y106.727 E188.23323
G1 X121.67 Y111.384 E188.29369
G0 F15000 X122.441 Y104.957
G1 F4200 X119.037 Y101.553 E188.35406
G1 X119.749 Y101.897 E188.36397
G1 X120.529 Y102.427 E188.3758
G1 X121.257 Y103.103 E188.38826
G1 X121.854 Y103.851 E188.40026
G1 X122.336 Y104.689 E188.41238
G1 X122.78 Y105.816 E188.42757
G1 X120.619 Y106.395 E188.45563
G1 X120.358 Y105.644 E188.4656
G1 X119.846 Y104.84 E188.47755
G1 X119.165 Y104.152 E188.48969
G1 X118.357 Y103.649 E188.50163
G1 X117.603 Y103.378 E188.51167
G1 X118.181 Y101.222 E188.53967
G1 X117.261 Y101.083 E188.55133
G1 X112.624 Y102.326 E188.61154
G1 X113.262 Y101.895 E188.62119
G1 X114.359 Y101.365 E188.63647
G1 X115.542 Y101.097 E188.65168
G1 X116.738 Y101.006 E188.66672
M204 S429
G0 F15000 X119.721 Y104.937
G0 X120.209 Y105.713
G0 X120.513 Y106.582
G0 X120.618 Y107.498
G0 X120.515 Y108.412
G0 X120.212 Y109.283
G0 X119.722 Y110.063
G0 X119.066 Y110.718
G0 X118.291 Y111.206
G0 X116.431 Y111.666
G0 X116.509 Y110.97
;TYPE:WALL-OUTER
G1 F3000 X115.731 Y110.886 E188.67654
G1 X114.978 Y110.618 E188.68656
G1 X114.34 Y110.214 E188.69603
G1 X113.788 Y109.661 E188.70583
G1 X113.274 Y108.843 E188.71794
G1 X113.053 Y107.879 E188.73035
G1 X113.057 Y106.902 E188.7426
G1 X113.367 Y106.01 E188.75444
G1 X113.779 Y105.351 E188.76419
G1 X114.337 Y104.788 E188.77413
G1 X114.997 Y104.371 E188.78392
G1 X115.731 Y104.114 E188.79367
G1 X116.493 Y104.03 E188.80328
G1 X117.287 Y104.117 E188.8133
G1 X118.008 Y104.371 E188.82289
G1 X118.65 Y104.775 E188.8324
G1 X119.219 Y105.34 E188.84245
G1 X119.638 Y106.009 E188.85235
G1 X119.881 Y106.705 E188.8616
G1 X119.974 Y107.492 E188.87154
G1 X119.882 Y108.29 E188.88161
G1 X119.632 Y109.004 E188.8911
G1 X119.228 Y109.647 E188.90062
G1 X118.675 Y110.205 E188.91047
G1 X118.001 Y110.632 E188.92048
G1 X117.287 Y110.883 E188.92997
G1 X116.509 Y110.97 E188.93979
G0 F15000 X116.311 Y110.949
G0 X116.233 Y111.644
G0 X116.011 Y114.06
G0 X115.953 Y114.759
G1 F3000 X117.052 Y114.759 E188.95357
G1 X118.12 Y114.598 E188.96711
G1 X119.424 Y114.195 E188.98423
G1 X120.606 Y113.512 E189.00135
G1 X121.033 Y113.197 E189.008
G1 X122.046 Y112.257 E189.02533
G1 X122.803 Y111.143 E189.04222
G1 X123.281 Y110.15 E189.05604
G1 X123.601 Y109.115 E189.06963
G1 X123.762 Y108.049 E189.08315
G1 X123.762 Y106.949 E189.09694
G1 X123.559 Y105.614 E189.11387
G1 X123.06 Y104.341 E189.13102
G1 X122.516 Y103.399 E189.14466
G1 X121.843 Y102.556 E189.15819
G1 X121.033 Y101.803 E189.17206
G1 X120.146 Y101.2 E189.18551
G1 X119.153 Y100.721 E189.19933
G1 X118.125 Y100.404 E189.21283
G1 X116.772 Y100.201 E189.22998
G1 X115.42 Y100.304 E189.24699
G1 X114.094 Y100.605 E189.26404
G1 X112.86 Y101.2 E189.28122
G1 X111.748 Y101.954 E189.29807
G1 X110.806 Y102.97 E189.31544
G1 X110.045 Y104.086 E189.33238
G1 X109.547 Y105.355 E189.34947
G1 X109.304 Y106.42 E189.36317
G1 X109.224 Y107.506 E189.37683
G1 X109.304 Y108.58 E189.39033
G1 X109.546 Y109.639 E189.40396
G1 X110.044 Y110.913 E189.42111
G1 X110.806 Y112.03 E189.43807
G1 X111.558 Y112.84 E189.45193
G1 X112.402 Y113.514 E189.46547
G1 X113.584 Y114.197 E189.48259
G1 X114.886 Y114.598 E189.49968
G1 X115.953 Y114.759 E189.51321
M204 S1500
G0 F15000 X116.153 Y114.759
G0 X115.983 Y114.359
;TYPE:WALL-INNER
G1 F3300 X117.022 Y114.359 E189.52624
G1 X118.031 Y114.207 E189.53903
G1 X119.263 Y113.826 E189.55521
G1 X120.596 Y113.055 E189.57452
G1 X121.738 Y111.997 E189.59404
G1 X122.455 Y110.943 E189.61003
G1 X122.907 Y110.004 E189.62309
G1 X123.21 Y109.025 E189.63595
G1 X123.362 Y108.019 E189.6487
G1 X123.362 Y106.979 E189.66175
G1 X123.17 Y105.718 E189.67774
G1 X122.698 Y104.515 E189.69395
G1 X122.185 Y103.625 E189.70683
G1 X121.549 Y102.829 E189.71961
G1 X120.783 Y102.117 E189.73272
G1 X119.946 Y101.548 E189.74541
G1 X119.006 Y101.095 E189.7585
G1 X118.036 Y100.795 E189.77123
G1 X116.759 Y100.604 E189.78742
G1 X115.48 Y100.7 E189.80351
G1 X114.227 Y100.985 E189.81962
G1 X113.06 Y101.548 E189.83587
G1 X112.008 Y102.261 E189.85181
G1 X111.12 Y103.22 E189.8682
G1 X110.398 Y104.28 E189.88428
G1 X109.931 Y105.473 E189.90035
G1 X109.701 Y106.48 E189.9133
G1 X109.625 Y107.506 E189.9262
G1 X109.701 Y108.52 E189.93895
G1 X109.93 Y109.521 E189.95183
G1 X110.399 Y110.724 E189.96802
G1 X111.12 Y111.78 E189.98406
G1 X111.831 Y112.546 E189.99716
G1 X112.628 Y113.182 E190.00995
G1 X113.745 Y113.828 E190.02613
G1 X114.975 Y114.207 E190.04227
G1 X115.983 Y114.359 E190.05506
G0 F15000 X116.011 Y114.06
G0 X116.475 Y111.671
G0 X116.509 Y111.37
G1 F3300 X115.642 Y111.276 E190.06599
G1 X114.827 Y110.995 E190.0768
G1 X114.09 Y110.527 E190.08775
G1 X113.474 Y109.909 E190.09869
G1 X112.898 Y109.003 E190.11216
G1 X112.654 Y107.94 E190.12584
G1 X112.654 Y106.85 E190.1395
G1 X113.017 Y105.812 E190.15329
G1 X113.473 Y105.087 E190.16403
G1 X114.082 Y104.48 E190.17482
G1 X114.823 Y104.011 E190.18581
G1 X115.643 Y103.724 E190.19671
G1 X116.501 Y103.627 E190.20754
G1 X117.367 Y103.72 E190.21846
G1 X118.182 Y104.01 E190.22931
G1 X118.916 Y104.468 E190.24016
G1 X119.533 Y105.09 E190.25114
G1 X119.996 Y105.82 E190.26198
G1 X120.279 Y106.633 E190.27278
G1 X120.374 Y107.492 E190.28362
G1 X120.28 Y108.365 E190.29463
G1 X119.993 Y109.178 E190.30544
G1 X119.538 Y109.907 E190.31622
G1 X118.895 Y110.543 E190.32756
G1 X118.161 Y110.999 E190.3384
G1 X117.361 Y111.28 E190.34903
G1 X116.509 Y111.37 E190.35977
M204 S2000
G0 F15000 X116.442 Y111.969
G1 F1500 E183.85977
;MESH:NONMESH
G0 F600 X116.442 Y111.969 Z7.6
G0 F15000 X118.815 Y110.404
G0 X119.407 Y109.812
G0 X119.849 Y109.108
G0 X120.122 Y108.322
G0 X120.216 Y107.498
G0 X120.12 Y106.672
G0 X117.019 Y100.459
G0 X117.348 Y96.771
;TIME_ELAPSED:492.660234
;LAYER:37
;TYPE:SUPPORT
G1 F1500 E190.35977
G1 F3000 X117.735 Y96.79 E190.36463
G1 X119.101 Y97.041 E190.38205
G1 X120.015 Y97.329 E190.39407
G1 X120.015 Y99.911 E190.42645
G1 X120.682 Y100.232 E190.43573
G1 X121.726 Y100.944 E190.45157
G1 X122.642 Y101.795 E190.46725
G1 X122.682 Y101.845 E190.46806
G1 X123.43 Y102.784 E190.48311
G1 X124.052 Y103.857 E190.49866
G1 X124.524 Y105.075 E190.51505
G1 X124.666 Y105.603 E190.5219
G1 X124.862 Y106.867 E190.53794
G1 X124.862 Y108.125 E190.55372
G1 X124.675 Y109.363 E190.56942
G1 X124.309 Y110.55 E190.585
G1 X123.76 Y111.695 E190.60092
G1 X123.092 Y112.672 E190.61576
G1 X122.682 Y113.156 E190.62372
G1 X122.682 Y116.322 E190.66342
G1 X121.68 Y116.959 E190.67831
G1 X120.425 Y117.545 E190.69568
G1 X120.015 Y117.675 E190.70107
G1 X120.015 Y115.099 E190.73338
G1 X119.521 Y115.318 E190.74015
G1 X118.357 Y115.673 E190.75541
G1 X117.348 Y115.825 E190.76821
G1 X117.348 Y118.23 E190.79837
G1 X116.316 Y118.279 E190.81133
G1 X114.932 Y118.165 E190.82874
G1 X114.681 Y118.111 E190.83196
G1 X114.681 Y115.679 E190.86246
G1 X114.632 Y115.671 E190.86308
G1 X113.416 Y115.29 E190.87906
G1 X112.81 Y115.021 E190.88738
G1 X112.014 Y114.56 E190.89891
G1 X112.014 Y117.287 E190.93311
G1 X111.003 Y116.772 E190.94734
G1 X109.851 Y115.988 E190.96481
G1 X109.347 Y115.534 E190.97332
G1 X109.347 Y111.846 E191.01957
G1 X109.284 Y111.753 E191.02098
G1 X108.929 Y111.083 E191.03048
G1 X108.492 Y109.97 E191.04548
G1 X108.214 Y108.751 E191.06116
G1 X108.121 Y107.503 E191.07685
G1 X108.214 Y106.246 E191.09266
G1 X108.494 Y105.028 E191.10833
G1 X108.973 Y103.823 E191.12459
G1 X109.276 Y103.259 E191.13262
G1 X109.347 Y103.157 E191.13418
G1 X109.978 Y102.245 E191.14809
G1 X110.83 Y101.332 E191.16375
G1 X111.259 Y100.963 E191.17084
G1 X112.014 Y100.448 E191.1823
G1 X112.014 Y97.713 E191.2166
G1 X112.262 Y97.589 E191.22008
G1 X113.584 Y97.122 E191.23766
G1 X114.681 Y96.888 E191.25173
G1 X114.681 Y99.345 E191.28254
G1 X115.254 Y99.212 E191.28992
G1 X116.521 Y99.12 E191.30585
G1 X117.115 Y99.143 E191.3133
G1 X117.348 Y99.177 E191.31625
G1 X117.348 Y96.771 E191.34643
G1 F1500 E184.84643
G0 F15000 X122.682 Y101.845
G1 F1500 E191.34643
G1 F3000 X122.682 Y98.637 E191.38666
G1 X123.945 Y99.7 E191.40736
G1 X125.132 Y100.994 E191.42938
G1 X126.042 Y102.473 E191.45115
G1 X126.607 Y103.733 E191.46847
G1 X127.009 Y105.081 E191.48611
G1 X127.23 Y106.446 E191.50345
G1 X127.277 Y107.861 E191.52121
G1 X127.144 Y109.24 E191.53858
G1 X126.832 Y110.597 E191.55604
G1 X126.6 Y111.273 E191.565
G1 X126.031 Y112.547 E191.5825
G1 X125.349 Y113.655 E191.59882
G1 X125.349 Y101.347 E191.75316
G1 F1500 E185.25316
G0 F15000 X123.065 Y99.268
G0 X121.766 Y98.383
G0 X120.347 Y97.698
G0 X118.846 Y97.236
G0 X117.344 Y97.01
G0 X116.447 Y96.977
G0 X114.936 Y97.09
G0 X113.454 Y97.427
G0 X112.605 Y97.725
G0 X111.241 Y98.383
G0 X109.984 Y99.238
G0 X109.303 Y99.825
G0 X108.467 Y100.727
G0 X107.578 Y101.952
G0 X109.347 Y103.157
G1 F1500 E191.75316
G1 F3000 X109.347 Y99.465 E191.79946
G1 X108.82 Y99.933 E191.8083
G1 X107.906 Y100.991 E191.82583
G1 X107.147 Y102.145 E191.84316
G1 X106.525 Y103.42 E191.86095
G1 X106.081 Y104.725 E191.87823
G1 X105.811 Y106.095 E191.89574
G1 X105.723 Y107.493 E191.91331
G1 X105.809 Y108.89 E191.93086
G1 X106.076 Y110.246 E191.94819
G1 X106.518 Y111.577 E191.96578
G1 X106.68 Y111.907 E191.97039
G1 X106.68 Y103.102 E192.08081
M204 S3500
G1 F1500 E185.58081
;MESH:The cap.stl
G0 F15000 X110.142 Y104.436
G0 X111.325 Y103.628
;TYPE:FILL
G1 F1500 E192.08081
G1 F4200 X110.082 Y108.267 E192.14103
G1 X110.026 Y107.506 E192.1506
G1 X110.097 Y106.542 E192.16273
G1 X110.314 Y105.59 E192.17497
G1 X110.755 Y104.467 E192.1901
G1 X111.433 Y103.471 E192.20521
G1 X111.93 Y102.932 E192.2144
G1 X113.499 Y104.5 E192.24222
G1 X113.16 Y104.84 E192.24824
G1 X112.644 Y105.656 E192.26035
G1 X112.254 Y106.787 E192.27535
G1 X112.254 Y107.987 E192.2904
G1 X112.393 Y108.599 E192.29827
G1 X110.225 Y109.18 E192.32642
G1 X110.754 Y110.533 E192.34463
G1 X111.433 Y111.528 E192.35974
G1 X112.105 Y112.254 E192.37215
G1 X112.854 Y112.852 E192.38417
G1 X113.906 Y113.459 E192.3994
G1 X114.001 Y113.487 E192.40064
G1 X110.565 Y110.051 E192.46158
G0 F15000 X115.734 Y113.916
G1 F4200 X120.438 Y112.655 E192.52265
G1 X120.356 Y112.733 E192.52407
G1 X119.103 Y113.457 E192.54222
G1 X117.944 Y113.815 E192.55743
G1 X116.99 Y113.959 E192.56953
G1 X116.015 Y113.959 E192.58175
G1 X114.817 Y113.778 E192.59695
G1 X115.386 Y111.653 E192.62453
G1 X116.51 Y111.777 E192.63871
G1 X117.451 Y111.672 E192.65059
G1 X118.362 Y111.352 E192.6627
G1 X119.17 Y110.842 E192.67468
G1 X119.504 Y110.505 E192.68063
G1 X121.068 Y112.07 E192.70838
G1 X121.433 Y111.734 E192.7146
G1 X122.108 Y110.742 E192.72964
G1 X122.534 Y109.857 E192.74196
G1 X122.818 Y108.939 E192.75401
G1 X122.962 Y107.987 E192.76609
G1 X122.962 Y107.011 E192.77832
G1 X122.918 Y106.727 E192.78193
G1 X121.67 Y111.384 E192.84239
G0 F15000 X122.441 Y104.957
G1 F4200 X119.037 Y101.553 E192.90276
G1 X119.749 Y101.897 E192.91268
G1 X120.529 Y102.427 E192.9245
G1 X121.257 Y103.103 E192.93696
G1 X121.854 Y103.851 E192.94896
G1 X122.336 Y104.689 E192.96108
G1 X122.78 Y105.816 E192.97627
G1 X120.619 Y106.395 E193.00433
G1 X120.358 Y105.644 E193.0143
G1 X119.846 Y104.84 E193.02625
G1 X119.165 Y104.152 E193.03839
G1 X118.357 Y103.649 E193.05033
G1 X117.603 Y103.378 E193.06038
G1 X118.181 Y101.222 E193.08837
G1 X117.261 Y101.083 E193.10004
G1 X112.624 Y102.326 E193.16024
G1 X113.262 Y101.895 E193.16989
G1 X114.359 Y101.365 E193.18517
G1 X115.542 Y101.097 E193.20038
G1 X116.738 Y101.006 E193.21543
M204 S429
G0 F15000 X119.721 Y104.937
G0 X120.209 Y105.713
G0 X120.513 Y106.582
G0 X120.618 Y107.498
G0 X120.515 Y108.412
G0 X120.212 Y109.283
G0 X119.722 Y110.063
G0 X119.066 Y110.718
G0 X118.291 Y111.206
G0 X116.431 Y111.666
G0 X116.509 Y110.97
;TYPE:WALL-OUTER
G1 F3000 X115.731 Y110.886 E193.22524
G1 X114.978 Y110.618 E193.23526
G1 X114.34 Y110.214 E193.24473
G1 X113.788 Y109.661 E193.25453
G1 X113.274 Y108.843 E193.26664
G1 X113.053 Y107.879 E193.27905
G1 X113.057 Y106.902 E193.2913
G1 X113.367 Y106.01 E193.30314
G1 X113.779 Y105.351 E193.31289
G1 X114.337 Y104.788 E193.32283
G1 X114.997 Y104.371 E193.33262
G1 X115.731 Y104.114 E193.34237
G1 X116.493 Y104.03 E193.35198
G1 X117.287 Y104.117 E193.362
G1 X118.008 Y104.371 E193.37159
G1 X118.65 Y104.775 E193.3811
G1 X119.219 Y105.34 E193.39116
G1 X119.638 Y106.009 E193.40106
G1 X119.881 Y106.705 E193.4103
G1 X119.974 Y107.492 E193.42024
G1 X119.882 Y108.29 E193.43031
G1 X119.632 Y109.004 E193.4398
G1 X119.228 Y109.647 E193.44932
G1 X118.675 Y110.205 E193.45917
G1 X118.001 Y110.632 E193.46918
G1 X117.287 Y110.883 E193.47867
G1 X116.509 Y110.97 E193.48849
G0 F15000 X116.311 Y110.949
G0 X116.233 Y111.644
G0 X116.011 Y114.06
G0 X115.953 Y114.759
G1 F3000 X117.052 Y114.759 E193.50227
G1 X118.12 Y114.598 E193.51581
G1 X119.424 Y114.195 E193.53293
G1 X120.606 Y113.512 E193.55005
G1 X121.033 Y113.197 E193.5567
G1 X122.046 Y112.257 E193.57403
G1 X122.803 Y111.143 E193.59092
G1 X123.281 Y110.15 E193.60474
G1 X123.601 Y109.115 E193.61833
G1 X123.762 Y108.049 E193.63185
G1 X123.762 Y106.949 E193.64564
G1 X123.559 Y105.614 E193.66258
G1 X123.06 Y104.341 E193.67972
G1 X122.516 Y103.399 E193.69336
G1 X121.843 Y102.556 E193.70689
G1 X121.033 Y101.803 E193.72076
G1 X120.146 Y101.2 E193.73421
G1 X119.153 Y100.721 E193.74804
G1 X118.125 Y100.404 E193.76153
G1 X116.772 Y100.201 E193.77868
G1 X115.42 Y100.304 E193.79569
G1 X114.094 Y100.605 E193.81274
G1 X112.86 Y101.2 E193.82992
G1 X111.748 Y101.954 E193.84677
G1 X110.806 Y102.97 E193.86414
G1 X110.045 Y104.086 E193.88108
G1 X109.547 Y105.355 E193.89818
G1 X109.304 Y106.42 E193.91187
G1 X109.224 Y107.506 E193.92553
G1 X109.304 Y108.58 E193.93904
G1 X109.546 Y109.639 E193.95266
G1 X110.044 Y110.913 E193.96981
G1 X110.806 Y112.03 E193.98677
G1 X111.558 Y112.84 E194.00063
G1 X112.402 Y113.514 E194.01417
G1 X113.584 Y114.197 E194.03129
G1 X114.886 Y114.598 E194.04838
G1 X115.953 Y114.759 E194.06191
M204 S1500
G0 F15000 X116.153 Y114.759
G0 X115.983 Y114.359
;TYPE:WALL-INNER
G1 F3300 X117.022 Y114.359 E194.07494
G1 X118.031 Y114.207 E194.08774
G1 X119.263 Y113.826 E194.10391
G1 X120.596 Y113.055 E194.12322
G1 X121.738 Y111.997 E194.14274
G1 X122.455 Y110.943 E194.15873
G1 X122.907 Y110.004 E194.1718
G1 X123.21 Y109.025 E194.18465
G1 X123.362 Y108.019 E194.19741
G1 X123.362 Y106.979 E194.21045
G1 X123.17 Y105.718 E194.22644
G1 X122.698 Y104.515 E194.24265
G1 X122.185 Y103.625 E194.25553
G1 X121.549 Y102.829 E194.26831
G1 X120.783 Y102.117 E194.28142
G1 X119.946 Y101.548 E194.29412
G1 X119.006 Y101.095 E194.3072
G1 X118.036 Y100.795 E194.31993
G1 X116.759 Y100.604 E194.33613
G1 X115.48 Y100.7 E194.35221
G1 X114.227 Y100.985 E194.36832
G1 X113.06 Y101.548 E194.38457
G1 X112.008 Y102.261 E194.40051
G1 X111.12 Y103.22 E194.4169
G1 X110.398 Y104.28 E194.43298
G1 X109.931 Y105.473 E194.44905
G1 X109.701 Y106.48 E194.462
G1 X109.625 Y107.506 E194.4749
G1 X109.701 Y108.52 E194.48766
G1 X109.93 Y109.521 E194.50053
G1 X110.399 Y110.724 E194.51673
G1 X111.12 Y111.78 E194.53276
G1 X111.831 Y112.546 E194.54587
G1 X112.628 Y113.182 E194.55865
G1 X113.745 Y113.828 E194.57483
G1 X114.975 Y114.207 E194.59097
G1 X115.983 Y114.359 E194.60376
G0 F15000 X116.011 Y114.06
G0 X116.475 Y111.671
G0 X116.509 Y111.37
G1 F3300 X115.642 Y111.276 E194.61469
G1 X114.827 Y110.995 E194.62551
G1 X114.09 Y110.527 E194.63645
G1 X113.474 Y109.909 E194.6474
G1 X112.898 Y109.003 E194.66086
G1 X112.654 Y107.94 E194.67454
G1 X112.654 Y106.85 E194.68821
G1 X113.017 Y105.812 E194.702
G1 X113.473 Y105.087 E194.71274
G1 X114.082 Y104.48 E194.72352
G1 X114.823 Y104.011 E194.73452
G1 X115.643 Y103.724 E194.74541
G1 X116.501 Y103.627 E194.75624
G1 X117.367 Y103.72 E194.76716
G1 X118.182 Y104.01 E194.77801
G1 X118.916 Y104.468 E194.78886
G1 X119.533 Y105.09 E194.79985
G1 X119.996 Y105.82 E194.81069
G1 X120.279 Y106.633 E194.82148
G1 X120.374 Y107.492 E194.83232
G1 X120.28 Y108.365 E194.84333
G1 X119.993 Y109.178 E194.85414
G1 X119.538 Y109.907 E194.86492
G1 X118.895 Y110.543 E194.87626
G1 X118.161 Y110.999 E194.8871
G1 X117.361 Y111.28 E194.89773
G1 X116.509 Y111.37 E194.90847
M204 S2000
G0 F15000 X116.442 Y111.969
G1 F1500 E188.40847
;MESH:NONMESH
G0 F600 X116.442 Y111.969 Z7.8
G0 F15000 X118.815 Y110.404
G0 X119.407 Y109.812
G0 X119.849 Y109.108
G0 X120.122 Y108.322
G0 X120.216 Y107.498
G0 X120.12 Y106.672
G0 X117.019 Y100.459
G0 X117.348 Y96.771
;TIME_ELAPSED:503.767498
;LAYER:38
;TYPE:SUPPORT
G1 F1500 E194.90847
G1 F3000 X117.735 Y96.79 E194.91333
G1 X119.101 Y97.041 E194.93075
G1 X120.015 Y97.329 E194.94277
G1 X120.015 Y99.911 E194.97515
G1 X120.682 Y100.232 E194.98443
G1 X121.726 Y100.944 E195.00028
G1 X122.642 Y101.795 E195.01596
G1 X122.682 Y101.845 E195.01676
G1 X123.43 Y102.784 E195.03181
G1 X124.052 Y103.857 E195.04737
G1 X124.524 Y105.075 E195.06375
G1 X124.666 Y105.603 E195.0706
G1 X124.862 Y106.867 E195.08664
G1 X124.862 Y108.125 E195.10242
G1 X124.675 Y109.363 E195.11812
G1 X124.309 Y110.55 E195.1337
G1 X123.76 Y111.695 E195.14962
G1 X123.092 Y112.672 E195.16446
G1 X122.682 Y113.156 E195.17242
G1 X122.682 Y116.322 E195.21212
G1 X121.68 Y116.959 E195.22701
G1 X120.425 Y117.545 E195.24438
G1 X120.015 Y117.675 E195.24977
G1 X120.015 Y115.099 E195.28208
G1 X119.521 Y115.318 E195.28885
G1 X118.357 Y115.673 E195.30412
G1 X117.348 Y115.825 E195.31691
G1 X117.348 Y118.23 E195.34707
G1 X116.316 Y118.279 E195.36003
G1 X114.932 Y118.165 E195.37744
G1 X114.681 Y118.111 E195.38066
G1 X114.681 Y115.679 E195.41116
G1 X114.632 Y115.671 E195.41178
G1 X113.416 Y115.29 E195.42776
G1 X112.81 Y115.021 E195.43608
G1 X112.014 Y114.56 E195.44761
G1 X112.014 Y117.287 E195.48181
G1 X111.003 Y116.772 E195.49604
G1 X109.851 Y115.988 E195.51351
G1 X109.347 Y115.534 E195.52202
G1 X109.347 Y111.846 E195.56827
G1 X109.284 Y111.753 E195.56968
G1 X108.929 Y111.083 E195.57919
G1 X108.492 Y109.97 E195.59418
G1 X108.214 Y108.751 E195.60986
G1 X108.121 Y107.503 E195.62555
G1 X108.214 Y106.246 E195.64136
G1 X108.494 Y105.028 E195.65703
G1 X108.973 Y103.823 E195.67329
G1 X109.276 Y103.259 E195.68132
G1 X109.347 Y103.157 E195.68288
G1 X109.978 Y102.245 E195.69679
G1 X110.83 Y101.332 E195.71245
G1 X111.259 Y100.963 E195.71954
G1 X112.014 Y100.448 E195.73101
G1 X112.014 Y97.713 E195.7653
G1 X112.262 Y97.589 E195.76878
G1 X113.584 Y97.122 E195.78636
G1 X114.681 Y96.888 E195.80043
G1 X114.681 Y99.345 E195.83124
G1 X115.254 Y99.212 E195.83862
G1 X116.521 Y99.12 E195.85455
G1 X117.115 Y99.143 E195.862
G1 X117.348 Y99.177 E195.86496
G1 X117.348 Y96.771 E195.89513
G1 F1500 E189.39513
G0 F15000 X122.682 Y101.845
G1 F1500 E195.89513
G1 F3000 X122.682 Y98.637 E195.93536
G1 X123.945 Y99.7 E195.95606
G1 X125.132 Y100.994 E195.97808
G1 X126.042 Y102.473 E195.99986
G1 X126.607 Y103.733 E196.01717
G1 X127.009 Y105.081 E196.03481
G1 X127.23 Y106.446 E196.05215
G1 X127.277 Y107.861 E196.06991
G1 X127.144 Y109.24 E196.08728
G1 X126.832 Y110.597 E196.10474
G1 X126.6 Y111.273 E196.1137
G1 X126.031 Y112.547 E196.1312
G1 X125.349 Y113.655 E196.14752
G1 X125.349 Y101.347 E196.30187
G1 F1500 E189.80187
G0 F15000 X123.065 Y99.268
G0 X121.766 Y98.383
G0 X120.347 Y97.698
G0 X118.846 Y97.236
G0 X117.344 Y97.01
G0 X116.447 Y96.977
G0 X114.936 Y97.09
G0 X113.454 Y97.427
G0 X112.605 Y97.725
G0 X111.241 Y98.383
G0 X109.984 Y99.238
G0 X109.303 Y99.825
G0 X108.467 Y100.727
G0 X107.578 Y101.952
G0 X109.347 Y103.157
G1 F1500 E196.30187
G1 F3000 X109.347 Y99.465 E196.34816
G1 X108.82 Y99.933 E196.357
G1 X107.906 Y100.991 E196.37454
G1 X107.147 Y102.145 E196.39186
G1 X106.525 Y103.42 E196.40965
G1 X106.081 Y104.725 E196.42693
G1 X105.811 Y106.095 E196.44444
G1 X105.723 Y107.493 E196.46201
G1 X105.809 Y108.89 E196.47956
G1 X106.076 Y110.246 E196.49689
G1 X106.518 Y111.577 E196.51448
G1 X106.68 Y111.907 E196.51909
G1 X106.68 Y103.102 E196.62951
M204 S3500
G1 F1500 E190.12951
;MESH:The cap.stl
G0 F15000 X110.142 Y104.436
G0 X111.325 Y103.628
;TYPE:FILL
G1 F1500 E196.62951
G1 F4200 X110.082 Y108.267 E196.68974
G1 X110.026 Y107.506 E196.69931
G1 X110.097 Y106.542 E196.71143
G1 X110.314 Y105.59 E196.72367
G1 X110.755 Y104.467 E196.7388
G1 X111.433 Y103.471 E196.75391
G1 X111.93 Y102.932 E196.76311
G1 X113.499 Y104.5 E196.79092
G1 X113.16 Y104.84 E196.79694
G1 X112.644 Y105.656 E196.80905
G1 X112.254 Y106.787 E196.82405
G1 X112.254 Y107.987 E196.8391
G1 X112.393 Y108.599 E196.84697
G1 X110.225 Y109.18 E196.87512
G1 X110.754 Y110.533 E196.89334
G1 X111.433 Y111.528 E196.90844
G1 X112.105 Y112.254 E196.92085
G1 X112.854 Y112.852 E196.93287
G1 X113.906 Y113.459 E196.9481
G1 X114.001 Y113.487 E196.94934
G1 X110.565 Y110.051 E197.01028
G0 F15000 X115.734 Y113.916
G1 F4200 X120.438 Y112.655 E197.07135
G1 X120.356 Y112.733 E197.07277
G1 X119.103 Y113.457 E197.09092
G1 X117.944 Y113.815 E197.10613
G1 X116.99 Y113.959 E197.11823
G1 X116.015 Y113.959 E197.13045
G1 X114.817 Y113.778 E197.14565
G1 X115.386 Y111.653 E197.17324
G1 X116.51 Y111.777 E197.18742
G1 X117.451 Y111.672 E197.19929
G1 X118.362 Y111.352 E197.2114
G1 X119.17 Y110.842 E197.22338
G1 X119.504 Y110.505 E197.22933
G1 X121.068 Y112.07 E197.25708
G1 X121.433 Y111.734 E197.2633
G1 X122.108 Y110.742 E197.27834
G1 X122.534 Y109.857 E197.29066
G1 X122.818 Y108.939 E197.30271
G1 X122.962 Y107.987 E197.31479
G1 X122.962 Y107.011 E197.32703
G1 X122.918 Y106.727 E197.33063
G1 X121.67 Y111.384 E197.39109
G0 F15000 X122.441 Y104.957
G1 F4200 X119.037 Y101.553 E197.45146
G1 X119.749 Y101.897 E197.46138
G1 X120.529 Y102.427 E197.4732
G1 X121.257 Y103.103 E197.48566
G1 X121.854 Y103.851 E197.49766
G1 X122.336 Y104.689 E197.50979
G1 X122.78 Y105.816 E197.52498
G1 X120.619 Y106.395 E197.55303
G1 X120.358 Y105.644 E197.563
G1 X119.846 Y104.84 E197.57495
G1 X119.165 Y104.152 E197.58709
G1 X118.357 Y103.649 E197.59903
G1 X117.603 Y103.378 E197.60908
G1 X118.181 Y101.222 E197.63707
G1 X117.261 Y101.083 E197.64874
G1 X112.624 Y102.326 E197.70894
G1 X113.262 Y101.895 E197.7186
G1 X114.359 Y101.365 E197.73387
G1 X115.542 Y101.097 E197.74909
G1 X116.738 Y101.006 E197.76413
M204 S429
G0 F15000 X119.721 Y104.937
G0 X120.209 Y105.713
G0 X120.513 Y106.582
G0 X120.618 Y107.498
G0 X120.515 Y108.412
G0 X120.212 Y109.283
G0 X119.722 Y110.063
G0 X119.066 Y110.718
G0 X118.291 Y111.206
G0 X116.431 Y111.666
G0 X116.509 Y110.97
;TYPE:WALL-OUTER
G1 F3000 X115.731 Y110.886 E197.77394
G1 X114.978 Y110.618 E197.78396
G1 X114.34 Y110.214 E197.79343
G1 X113.788 Y109.661 E197.80323
G1 X113.274 Y108.843 E197.81535
G1 X113.053 Y107.879 E197.82775
G1 X113.057 Y106.902 E197.84
G1 X113.367 Y106.01 E197.85184
G1 X113.779 Y105.351 E197.86159
G1 X114.337 Y104.788 E197.87153
G1 X114.997 Y104.371 E197.88132
G1 X115.731 Y104.114 E197.89107
G1 X116.493 Y104.03 E197.90069
G1 X117.287 Y104.117 E197.9107
G1 X118.008 Y104.371 E197.92029
G1 X118.65 Y104.775 E197.9298
G1 X119.219 Y105.34 E197.93986
G1 X119.638 Y106.009 E197.94976
G1 X119.881 Y106.705 E197.959
G1 X119.974 Y107.492 E197.96894
G1 X119.882 Y108.29 E197.97901
G1 X119.632 Y109.004 E197.9885
G1 X119.228 Y109.647 E197.99802
G1 X118.675 Y110.205 E198.00787
G1 X118.001 Y110.632 E198.01788
G1 X117.287 Y110.883 E198.02737
G1 X116.509 Y110.97 E198.03719
G0 F15000 X116.311 Y110.949
G0 X116.233 Y111.644
G0 X116.011 Y114.06
G0 X115.953 Y114.759
G1 F3000 X117.052 Y114.759 E198.05097
G1 X118.12 Y114.598 E198.06451
G1 X119.424 Y114.195 E198.08163
G1 X120.606 Y113.512 E198.09875
G1 X121.033 Y113.197 E198.1054
G1 X122.046 Y112.257 E198.12273
G1 X122.803 Y111.143 E198.13962
G1 X123.281 Y110.15 E198.15344
G1 X123.601 Y109.115 E198.16703
G1 X123.762 Y108.049 E198.18055
G1 X123.762 Y106.949 E198.19434
G1 X123.559 Y105.614 E198.21128
G1 X123.06 Y104.341 E198.22842
G1 X122.516 Y103.399 E198.24207
G1 X121.843 Y102.556 E198.25559
G1 X121.033 Y101.803 E198.26946
G1 X120.146 Y101.2 E198.28291
G1 X119.153 Y100.721 E198.29674
G1 X118.125 Y100.404 E198.31023
G1 X116.772 Y100.201 E198.32739
G1 X115.42 Y100.304 E198.34439
G1 X114.094 Y100.605 E198.36144
G1 X112.86 Y101.2 E198.37862
G1 X111.748 Y101.954 E198.39547
G1 X110.806 Y102.97 E198.41284
G1 X110.045 Y104.086 E198.42978
G1 X109.547 Y105.355 E198.44688
G1 X109.304 Y106.42 E198.46058
G1 X109.224 Y107.506 E198.47423
G1 X109.304 Y108.58 E198.48774
G1 X109.546 Y109.639 E198.50136
G1 X110.044 Y110.913 E198.51851
G1 X110.806 Y112.03 E198.53547
G1 X111.558 Y112.84 E198.54933
G1 X112.402 Y113.514 E198.56288
G1 X113.584 Y114.197 E198.58
G1 X114.886 Y114.598 E198.59708
G1 X115.953 Y114.759 E198.61061
M204 S1500
G0 F15000 X116.153 Y114.759
G0 X115.983 Y114.359
;TYPE:WALL-INNER
G1 F3300 X117.022 Y114.359 E198.62364
G1 X118.031 Y114.207 E198.63644
G1 X119.263 Y113.826 E198.65261
G1 X120.596 Y113.055 E198.67192
G1 X121.738 Y111.997 E198.69144
G1 X122.455 Y110.943 E198.70743
G1 X122.907 Y110.004 E198.7205
G1 X123.21 Y109.025 E198.73335
G1 X123.362 Y108.019 E198.74611
G1 X123.362 Y106.979 E198.75915
G1 X123.17 Y105.718 E198.77514
G1 X122.698 Y104.515 E198.79135
G1 X122.185 Y103.625 E198.80423
G1 X121.549 Y102.829 E198.81701
G1 X120.783 Y102.117 E198.83012
G1 X119.946 Y101.548 E198.84282
G1 X119.006 Y101.095 E198.8559
G1 X118.036 Y100.795 E198.86863
G1 X116.759 Y100.604 E198.88483
G1 X115.48 Y100.7 E198.90091
G1 X114.227 Y100.985 E198.91703
G1 X113.06 Y101.548 E198.93327
G1 X112.008 Y102.261 E198.94921
G1 X111.12 Y103.22 E198.9656
G1 X110.398 Y104.28 E198.98168
G1 X109.931 Y105.473 E198.99775
G1 X109.701 Y106.48 E199.0107
G1 X109.625 Y107.506 E199.02361
G1 X109.701 Y108.52 E199.03636
G1 X109.93 Y109.521 E199.04923
G1 X110.399 Y110.724 E199.06543
G1 X111.12 Y111.78 E199.08146
G1 X111.831 Y112.546 E199.09457
G1 X112.628 Y113.182 E199.10735
G1 X113.745 Y113.828 E199.12354
G1 X114.975 Y114.207 E199.13968
G1 X115.983 Y114.359 E199.15246
G0 F15000 X116.011 Y114.06
G0 X116.475 Y111.671
G0 X116.509 Y111.37
G1 F3300 X115.642 Y111.276 E199.1634
G1 X114.827 Y110.995 E199.17421
G1 X114.09 Y110.527 E199.18516
G1 X113.474 Y109.909 E199.1961
G1 X112.898 Y109.003 E199.20956
G1 X112.654 Y107.94 E199.22324
G1 X112.654 Y106.85 E199.23691
G1 X113.017 Y105.812 E199.2507
G1 X113.473 Y105.087 E199.26144
G1 X114.082 Y104.48 E199.27222
G1 X114.823 Y104.011 E199.28322
G1 X115.643 Y103.724 E199.29411
G1 X116.501 Y103.627 E199.30494
G1 X117.367 Y103.72 E199.31586
G1 X118.182 Y104.01 E199.32671
G1 X118.916 Y104.468 E199.33756
G1 X119.533 Y105.09 E199.34855
G1 X119.996 Y105.82 E199.35939
G1 X120.279 Y106.633 E199.37018
G1 X120.374 Y107.492 E199.38102
G1 X120.28 Y108.365 E199.39203
G1 X119.993 Y109.178 E199.40284
G1 X119.538 Y109.907 E199.41362
G1 X118.895 Y110.543 E199.42496
G1 X118.161 Y110.999 E199.4358
G1 X117.361 Y111.28 E199.44643
G1 X116.509 Y111.37 E199.45718
M204 S2000
G0 F15000 X116.442 Y111.969
G1 F1500 E192.95718
;MESH:NONMESH
G0 F600 X116.442 Y111.969 Z8
G0 F15000 X118.815 Y110.404
G0 X119.407 Y109.812
G0 X119.849 Y109.108
G0 X120.122 Y108.322
G0 X120.216 Y107.498
G0 X120.12 Y106.672
G0 X117.019 Y100.459
G0 X117.348 Y96.771
;TIME_ELAPSED:514.874762
;LAYER:39
;TYPE:SUPPORT
G1 F1500 E199.45718
G1 F3000 X117.735 Y96.79 E199.46203
G1 X119.101 Y97.041 E199.47945
G1 X120.015 Y97.329 E199.49147
G1 X120.015 Y99.911 E199.52385
G1 X120.682 Y100.232 E199.53313
G1 X121.726 Y100.944 E199.54898
G1 X122.642 Y101.795 E199.56466
G1 X122.682 Y101.845 E199.56546
G1 X123.43 Y102.784 E199.58051
G1 X124.052 Y103.857 E199.59607
G1 X124.524 Y105.075 E199.61245
G1 X124.666 Y105.603 E199.61931
G1 X124.862 Y106.867 E199.63535
G1 X124.862 Y108.125 E199.65112
G1 X124.675 Y109.363 E199.66682
G1 X124.309 Y110.55 E199.6824
G1 X123.76 Y111.695 E199.69832
G1 X123.092 Y112.672 E199.71317
G1 X122.682 Y113.156 E199.72112
G1 X122.682 Y116.322 E199.76082
G1 X121.68 Y116.959 E199.77571
G1 X120.425 Y117.545 E199.79308
G1 X120.015 Y117.675 E199.79848
G1 X120.015 Y115.099 E199.83078
G1 X119.521 Y115.318 E199.83756
G1 X118.357 Y115.673 E199.85282
G1 X117.348 Y115.825 E199.86561
G1 X117.348 Y118.23 E199.89577
G1 X116.316 Y118.279 E199.90873
G1 X114.932 Y118.165 E199.92614
G1 X114.681 Y118.111 E199.92936
G1 X114.681 Y115.679 E199.95986
G1 X114.632 Y115.671 E199.96048
G1 X113.416 Y115.29 E199.97646
G1 X112.81 Y115.021 E199.98478
G1 X112.014 Y114.56 E199.99631
G1 X112.014 Y117.287 E200.03051
G1 X111.003 Y116.772 E200.04474
G1 X109.851 Y115.988 E200.06221
G1 X109.347 Y115.534 E200.07072
G1 X109.347 Y111.846 E200.11697
G1 X109.284 Y111.753 E200.11838
G1 X108.929 Y111.083 E200.12789
G1 X108.492 Y109.97 E200.14288
G1 X108.214 Y108.751 E200.15856
G1 X108.121 Y107.503 E200.17425
G1 X108.214 Y106.246 E200.19006
G1 X108.494 Y105.028 E200.20573
G1 X108.973 Y103.823 E200.22199
G1 X109.276 Y103.259 E200.23002
G1 X109.347 Y103.157 E200.23158
G1 X109.978 Y102.245 E200.24549
G1 X110.83 Y101.332 E200.26115
G1 X111.259 Y100.963 E200.26825
G1 X112.014 Y100.448 E200.27971
G1 X112.014 Y97.713 E200.314
G1 X112.262 Y97.589 E200.31748
G1 X113.584 Y97.122 E200.33506
G1 X114.681 Y96.888 E200.34913
G1 X114.681 Y99.345 E200.37994
G1 X115.254 Y99.212 E200.38732
G1 X116.521 Y99.12 E200.40325
G1 X117.115 Y99.143 E200.4107
G1 X117.348 Y99.177 E200.41366
G1 X117.348 Y96.771 E200.44383
G1 F1500 E193.94383
G0 F15000 X122.682 Y101.845
G1 F1500 E200.44383
G1 F3000 X122.682 Y98.637 E200.48406
G1 X123.945 Y99.7 E200.50476
G1 X125.132 Y100.994 E200.52678
G1 X126.042 Y102.473 E200.54856
G1 X126.607 Y103.733 E200.56587
G1 X127.009 Y105.081 E200.58351
G1 X127.23 Y106.446 E200.60085
G1 X127.277 Y107.861 E200.61861
G1 X127.144 Y109.24 E200.63598
G1 X126.832 Y110.597 E200.65344
G1 X126.6 Y111.273 E200.66241
G1 X126.031 Y112.547 E200.6799
G1 X125.349 Y113.655 E200.69622
G1 X125.349 Y101.347 E200.85057
G1 F1500 E194.35057
G0 F15000 X123.065 Y99.268
G0 X121.766 Y98.383
G0 X120.347 Y97.698
G0 X118.846 Y97.236
G0 X117.344 Y97.01
G0 X116.447 Y96.977
G0 X114.936 Y97.09
G0 X113.454 Y97.427
G0 X112.605 Y97.725
G0 X111.241 Y98.383
G0 X109.984 Y99.238
G0 X109.303 Y99.825
G0 X108.467 Y100.727
G0 X107.578 Y101.952
G0 X109.347 Y103.157
G1 F1500 E200.85057
G1 F3000 X109.347 Y99.465 E200.89687
G1 X108.82 Y99.933 E200.9057
G1 X107.906 Y100.991 E200.92324
G1 X107.147 Y102.145 E200.94056
G1 X106.525 Y103.42 E200.95835
G1 X106.081 Y104.725 E200.97564
G1 X105.811 Y106.095 E200.99315
G1 X105.723 Y107.493 E201.01071
G1 X105.809 Y108.89 E201.02826
G1 X106.076 Y110.246 E201.0456
G1 X106.518 Y111.577 E201.06318
G1 X106.68 Y111.907 E201.06779
G1 X106.68 Y103.102 E201.17821
M204 S3500
G1 F1500 E194.67821
;MESH:The cap.stl
G0 F15000 X110.142 Y104.436
G0 X111.325 Y103.628
;TYPE:FILL
G1 F1500 E201.17821
G1 F4200 X110.082 Y108.267 E201.23844
G1 X110.026 Y107.506 E201.24801
G1 X110.097 Y106.542 E201.26013
G1 X110.314 Y105.59 E201.27237
G1 X110.755 Y104.467 E201.2875
G1 X111.433 Y103.471 E201.30261
G1 X111.93 Y102.932 E201.31181
G1 X113.499 Y104.5 E201.33962
G1 X113.16 Y104.84 E201.34564
G1 X112.644 Y105.656 E201.35775
G1 X112.254 Y106.787 E201.37275
G1 X112.254 Y107.987 E201.3878
G1 X112.393 Y108.599 E201.39567
G1 X110.225 Y109.18 E201.42382
G1 X110.754 Y110.533 E201.44204
G1 X111.433 Y111.528 E201.45714
G1 X112.105 Y112.254 E201.46955
G1 X112.854 Y112.852 E201.48157
G1 X113.906 Y113.459 E201.4968
G1 X114.001 Y113.487 E201.49804
G1 X110.565 Y110.051 E201.55898
G0 F15000 X115.734 Y113.916
G1 F4200 X120.438 Y112.655 E201.62005
G1 X120.356 Y112.733 E201.62147
G1 X119.103 Y113.457 E201.63962
G1 X117.944 Y113.815 E201.65483
G1 X116.99 Y113.959 E201.66693
G1 X116.015 Y113.959 E201.67916
G1 X114.817 Y113.778 E201.69435
G1 X115.386 Y111.653 E201.72194
G1 X116.51 Y111.777 E201.73612
G1 X117.451 Y111.672 E201.74799
G1 X118.362 Y111.352 E201.7601
G1 X119.17 Y110.842 E201.77208
G1 X119.504 Y110.505 E201.77803
G1 X121.068 Y112.07 E201.80578
G1 X121.433 Y111.734 E201.812
G1 X122.108 Y110.742 E201.82705
G1 X122.534 Y109.857 E201.83936
G1 X122.818 Y108.939 E201.85141
G1 X122.962 Y107.987 E201.86349
G1 X122.962 Y107.011 E201.87573
G1 X122.918 Y106.727 E201.87933
G1 X121.67 Y111.384 E201.93979
G0 F15000 X122.441 Y104.957
G1 F4200 X119.037 Y101.553 E202.00016
G1 X119.749 Y101.897 E202.01008
G1 X120.529 Y102.427 E202.0219
G1 X121.257 Y103.103 E202.03436
G1 X121.854 Y103.851 E202.04636
G1 X122.336 Y104.689 E202.05849
G1 X122.78 Y105.816 E202.07368
G1 X120.619 Y106.395 E202.10173
G1 X120.358 Y105.644 E202.1117
G1 X119.846 Y104.84 E202.12366
G1 X119.165 Y104.152 E202.1358
G1 X118.357 Y103.649 E202.14773
G1 X117.603 Y103.378 E202.15778
G1 X118.181 Y101.222 E202.18577
G1 X117.261 Y101.083 E202.19744
G1 X112.624 Y102.326 E202.25764
G1 X113.262 Y101.895 E202.2673
G1 X114.359 Y101.365 E202.28258
G1 X115.542 Y101.097 E202.29779
G1 X116.738 Y101.006 E202.31283
M204 S429
G0 F15000 X119.721 Y104.937
G0 X120.209 Y105.713
G0 X120.513 Y106.582
G0 X120.618 Y107.498
G0 X120.515 Y108.412
G0 X120.212 Y109.283
G0 X119.722 Y110.063
G0 X119.066 Y110.718
G0 X118.291 Y111.206
G0 X116.431 Y111.666
G0 X116.509 Y110.97
;TYPE:WALL-OUTER
G1 F3000 X115.731 Y110.886 E202.32264
G1 X114.978 Y110.618 E202.33266
G1 X114.34 Y110.214 E202.34213
G1 X113.788 Y109.661 E202.35193
G1 X113.274 Y108.843 E202.36405
G1 X113.053 Y107.879 E202.37645
G1 X113.057 Y106.902 E202.3887
G1 X113.367 Y106.01 E202.40054
G1 X113.779 Y105.351 E202.41029
G1 X114.337 Y104.788 E202.42023
G1 X114.997 Y104.371 E202.43002
G1 X115.731 Y104.114 E202.43977
G1 X116.493 Y104.03 E202.44939
G1 X117.287 Y104.117 E202.4594
G1 X118.008 Y104.371 E202.46899
G1 X118.65 Y104.775 E202.4785
G1 X119.219 Y105.34 E202.48856
G1 X119.638 Y106.009 E202.49846
G1 X119.881 Y106.705 E202.5077
G1 X119.974 Y107.492 E202.51764
G1 X119.882 Y108.29 E202.52771
G1 X119.632 Y109.004 E202.5372
G1 X119.228 Y109.647 E202.54672
G1 X118.675 Y110.205 E202.55658
G1 X118.001 Y110.632 E202.56658
G1 X117.287 Y110.883 E202.57607
G1 X116.509 Y110.97 E202.58589
G0 F15000 X116.311 Y110.949
G0 X116.233 Y111.644
G0 X116.011 Y114.06
G0 X115.953 Y114.759
G1 F3000 X117.052 Y114.759 E202.59967
G1 X118.12 Y114.598 E202.61322
G1 X119.424 Y114.195 E202.63033
G1 X120.606 Y113.512 E202.64745
G1 X121.033 Y113.197 E202.65411
G1 X122.046 Y112.257 E202.67144
G1 X122.803 Y111.143 E202.68833
G1 X123.281 Y110.15 E202.70215
G1 X123.601 Y109.115 E202.71573
G1 X123.762 Y108.049 E202.72925
G1 X123.762 Y106.949 E202.74305
G1 X123.559 Y105.614 E202.75998
G1 X123.06 Y104.341 E202.77713
G1 X122.516 Y103.399 E202.79077
G1 X121.843 Y102.556 E202.80429
G1 X121.033 Y101.803 E202.81816
G1 X120.146 Y101.2 E202.83161
G1 X119.153 Y100.721 E202.84544
G1 X118.125 Y100.404 E202.85893
G1 X116.772 Y100.201 E202.87609
G1 X115.42 Y100.304 E202.89309
G1 X114.094 Y100.605 E202.91014
G1 X112.86 Y101.2 E202.92732
G1 X111.748 Y101.954 E202.94417
G1 X110.806 Y102.97 E202.96154
G1 X110.045 Y104.086 E202.97848
G1 X109.547 Y105.355 E202.99558
G1 X109.304 Y106.42 E203.00928
G1 X109.224 Y107.506 E203.02293
G1 X109.304 Y108.58 E203.03644
G1 X109.546 Y109.639 E203.05006
G1 X110.044 Y110.913 E203.06722
G1 X110.806 Y112.03 E203.08417
G1 X111.558 Y112.84 E203.09803
G1 X112.402 Y113.514 E203.11158
G1 X113.584 Y114.197 E203.1287
G1 X114.886 Y114.598 E203.14578
G1 X115.953 Y114.759 E203.15931
M204 S1500
G0 F15000 X116.153 Y114.759
G0 X115.983 Y114.359
;TYPE:WALL-INNER
G1 F3300 X117.022 Y114.359 E203.17234
G1 X118.031 Y114.207 E203.18514
G1 X119.263 Y113.826 E203.20131
G1 X120.596 Y113.055 E203.22062
G1 X121.738 Y111.997 E203.24014
G1 X122.455 Y110.943 E203.25613
G1 X122.907 Y110.004 E203.2692
G1 X123.21 Y109.025 E203.28205
G1 X123.362 Y108.019 E203.29481
G1 X123.362 Y106.979 E203.30785
G1 X123.17 Y105.718 E203.32385
G1 X122.698 Y104.515 E203.34005
G1 X122.185 Y103.625 E203.35293
G1 X121.549 Y102.829 E203.36571
G1 X120.783 Y102.117 E203.37883
G1 X119.946 Y101.548 E203.39152
G1 X119.006 Y101.095 E203.4046
G1 X118.036 Y100.795 E203.41734
G1 X116.759 Y100.604 E203.43353
G1 X115.48 Y100.7 E203.44961
G1 X114.227 Y100.985 E203.46573
G1 X113.06 Y101.548 E203.48198
G1 X112.008 Y102.261 E203.49791
G1 X111.12 Y103.22 E203.5143
G1 X110.398 Y104.28 E203.53039
G1 X109.931 Y105.473 E203.54645
G1 X109.701 Y106.48 E203.55941
G1 X109.625 Y107.506 E203.57231
G1 X109.701 Y108.52 E203.58506
G1 X109.93 Y109.521 E203.59794
G1 X110.399 Y110.724 E203.61413
G1 X111.12 Y111.78 E203.63016
G1 X111.831 Y112.546 E203.64327
G1 X112.628 Y113.182 E203.65606
G1 X113.745 Y113.828 E203.67224
G1 X114.975 Y114.207 E203.68838
G1 X115.983 Y114.359 E203.70116
G0 F15000 X116.011 Y114.06
G0 X116.475 Y111.671
G0 X116.509 Y111.37
G1 F3300 X115.642 Y111.276 E203.7121
G1 X114.827 Y110.995 E203.72291
G1 X114.09 Y110.527 E203.73386
G1 X113.474 Y109.909 E203.7448
G1 X112.898 Y109.003 E203.75826
G1 X112.654 Y107.94 E203.77194
G1 X112.654 Y106.85 E203.78561
G1 X113.017 Y105.812 E203.7994
G1 X113.473 Y105.087 E203.81014
G1 X114.082 Y104.48 E203.82092
G1 X114.823 Y104.011 E203.83192
G1 X115.643 Y103.724 E203.84281
G1 X116.501 Y103.627 E203.85364
G1 X117.367 Y103.72 E203.86456
G1 X118.182 Y104.01 E203.87541
G1 X118.916 Y104.468 E203.88626
G1 X119.533 Y105.09 E203.89725
G1 X119.996 Y105.82 E203.90809
G1 X120.279 Y106.633 E203.91888
G1 X120.374 Y107.492 E203.92972
G1 X120.28 Y108.365 E203.94073
G1 X119.993 Y109.178 E203.95155
G1 X119.538 Y109.907 E203.96232
G1 X118.895 Y110.543 E203.97366
G1 X118.161 Y110.999 E203.9845
G1 X117.361 Y111.28 E203.99513
G1 X116.509 Y111.37 E204.00588
M204 S2000
G0 F15000 X116.442 Y111.969
G1 F1500 E197.50588
;MESH:NONMESH
G0 F600 X116.442 Y111.969 Z8.2
G0 F15000 X118.815 Y110.404
G0 X119.407 Y109.812
G0 X119.849 Y109.108
G0 X120.122 Y108.322
G0 X120.216 Y107.498
G0 X120.12 Y106.672
G0 X117.019 Y100.459
G0 X117.348 Y96.771
;TIME_ELAPSED:525.982026
;LAYER:40
;TYPE:SUPPORT
G1 F1500 E204.00588
G1 F3000 X117.735 Y96.79 E204.01074
G1 X119.101 Y97.041 E204.02815
G1 X120.015 Y97.329 E204.04017
G1 X120.015 Y99.911 E204.07255
G1 X120.682 Y100.232 E204.08183
G1 X121.726 Y100.944 E204.09768
G1 X122.642 Y101.795 E204.11336
G1 X122.682 Y101.845 E204.11416
G1 X123.43 Y102.784 E204.12922
G1 X124.052 Y103.857 E204.14477
G1 X124.524 Y105.075 E204.16115
G1 X124.666 Y105.603 E204.16801
G1 X124.862 Y106.867 E204.18405
G1 X124.862 Y108.125 E204.19982
G1 X124.675 Y109.363 E204.21552
G1 X124.309 Y110.55 E204.2311
G1 X123.76 Y111.695 E204.24702
G1 X123.092 Y112.672 E204.26187
G1 X122.682 Y113.156 E204.26982
G1 X122.682 Y116.322 E204.30952
G1 X121.68 Y116.959 E204.32441
G1 X120.425 Y117.545 E204.34178
G1 X120.015 Y117.675 E204.34718
G1 X120.015 Y115.099 E204.37948
G1 X119.521 Y115.318 E204.38626
G1 X118.357 Y115.673 E204.40152
G1 X117.348 Y115.825 E204.41431
G1 X117.348 Y118.23 E204.44447
G1 X116.316 Y118.279 E204.45743
G1 X114.932 Y118.165 E204.47484
G1 X114.681 Y118.111 E204.47806
G1 X114.681 Y115.679 E204.50856
G1 X114.632 Y115.671 E204.50919
G1 X113.416 Y115.29 E204.52517
G1 X112.81 Y115.021 E204.53348
G1 X112.014 Y114.56 E204.54502
G1 X112.014 Y117.287 E204.57921
G1 X111.003 Y116.772 E204.59344
G1 X109.851 Y115.988 E204.61092
G1 X109.347 Y115.534 E204.61942
G1 X109.347 Y111.846 E204.66567
G1 X109.284 Y111.753 E204.66708
G1 X108.929 Y111.083 E204.67659
G1 X108.492 Y109.97 E204.69158
G1 X108.214 Y108.751 E204.70726
G1 X108.121 Y107.503 E204.72296
G1 X108.214 Y106.246 E204.73876
G1 X108.494 Y105.028 E204.75444
G1 X108.973 Y103.823 E204.7707
G1 X109.276 Y103.259 E204.77873
G1 X109.347 Y103.157 E204.78028
G1 X109.978 Y102.245 E204.79419
G1 X110.83 Y101.332 E204.80985
G1 X111.259 Y100.963 E204.81695
G1 X112.014 Y100.448 E204.82841
G1 X112.014 Y97.713 E204.86271
G1 X112.262 Y97.589 E204.86618
G1 X113.584 Y97.122 E204.88377
G1 X114.681 Y96.888 E204.89783
G1 X114.681 Y99.345 E204.92864
G1 X115.254 Y99.212 E204.93602
G1 X116.521 Y99.12 E204.95195
G1 X117.115 Y99.143 E204.95941
G1 X117.348 Y99.177 E204.96236
G1 X117.348 Y96.771 E204.99253
G1 F1500 E198.49253
G0 F15000 X122.682 Y101.845
G1 F1500 E204.99253
G1 F3000 X122.682 Y98.637 E205.03276
G1 X123.945 Y99.7 E205.05346
G1 X125.132 Y100.994 E205.07548
G1 X126.042 Y102.473 E205.09726
G1 X126.607 Y103.733 E205.11458
G1 X127.009 Y105.081 E205.13222
G1 X127.23 Y106.446 E205.14956
G1 X127.277 Y107.861 E205.16731
G1 X127.144 Y109.24 E205.18468
G1 X126.832 Y110.597 E205.20215
G1 X126.6 Y111.273 E205.21111
G1 X126.031 Y112.547 E205.22861
G1 X125.349 Y113.655 E205.24492
G1 X125.349 Y101.347 E205.39927
G1 F1500 E198.89927
G0 F15000 X123.065 Y99.268
G0 X121.766 Y98.383
G0 X120.347 Y97.698
G0 X118.846 Y97.236
G0 X117.344 Y97.01
G0 X116.447 Y96.977
G0 X114.936 Y97.09
G0 X113.454 Y97.427
G0 X112.605 Y97.725
G0 X111.241 Y98.383
G0 X109.984 Y99.238
G0 X109.303 Y99.825
G0 X108.467 Y100.727
G0 X107.578 Y101.952
G0 X109.347 Y103.157
G1 F1500 E205.39927
G1 F3000 X109.347 Y99.465 E205.44557
G1 X108.82 Y99.933 E205.45441
G1 X107.906 Y100.991 E205.47194
G1 X107.147 Y102.145 E205.48926
G1 X106.525 Y103.42 E205.50705
G1 X106.081 Y104.725 E205.52434
G1 X105.811 Y106.095 E205.54185
G1 X105.723 Y107.493 E205.55941
G1 X105.809 Y108.89 E205.57697
G1 X106.076 Y110.246 E205.5943
G1 X106.518 Y111.577 E205.61188
G1 X106.68 Y111.907 E205.61649
G1 X106.68 Y103.102 E205.72691
M204 S3500
G1 F1500 E199.22691
;MESH:The cap.stl
G0 F15000 X110.142 Y104.436
G0 X111.325 Y103.628
;TYPE:FILL
G1 F1500 E205.72691
G1 F4200 X110.082 Y108.267 E205.78714
G1 X110.026 Y107.506 E205.79671
G1 X110.097 Y106.542 E205.80883
G1 X110.314 Y105.59 E205.82107
G1 X110.755 Y104.467 E205.8362
G1 X111.433 Y103.471 E205.85131
G1 X111.93 Y102.932 E205.86051
G1 X113.499 Y104.5 E205.88832
G1 X113.16 Y104.84 E205.89435
G1 X112.644 Y105.656 E205.90645
G1 X112.254 Y106.787 E205.92146
G1 X112.254 Y107.987 E205.9365
G1 X112.393 Y108.599 E205.94437
G1 X110.225 Y109.18 E205.97252
G1 X110.754 Y110.533 E205.99074
G1 X111.433 Y111.528 E206.00585
G1 X112.105 Y112.254 E206.01825
G1 X112.854 Y112.852 E206.03027
G1 X113.906 Y113.459 E206.0455
G1 X114.001 Y113.487 E206.04674
G1 X110.565 Y110.051 E206.10768
G0 F15000 X115.734 Y113.916
G1 F4200 X120.438 Y112.655 E206.16875
G1 X120.356 Y112.733 E206.17017
G1 X119.103 Y113.457 E206.18832
G1 X117.944 Y113.815 E206.20353
G1 X116.99 Y113.959 E206.21563
G1 X116.015 Y113.959 E206.22786
G1 X114.817 Y113.778 E206.24305
G1 X115.386 Y111.653 E206.27064
G1 X116.51 Y111.777 E206.28482
G1 X117.451 Y111.672 E206.29669
G1 X118.362 Y111.352 E206.3088
G1 X119.17 Y110.842 E206.32078
G1 X119.504 Y110.505 E206.32673
G1 X121.068 Y112.07 E206.35448
G1 X121.433 Y111.734 E206.3607
G1 X122.108 Y110.742 E206.37575
G1 X122.534 Y109.857 E206.38806
G1 X122.818 Y108.939 E206.40012
G1 X122.962 Y107.987 E206.41219
G1 X122.962 Y107.011 E206.42443
G1 X122.918 Y106.727 E206.42803
G1 X121.67 Y111.384 E206.48849
G0 F15000 X122.441 Y104.957
G1 F4200 X119.037 Y101.553 E206.54886
G1 X119.749 Y101.897 E206.55878
G1 X120.529 Y102.427 E206.57061
G1 X121.257 Y103.103 E206.58306
G1 X121.854 Y103.851 E206.59507
G1 X122.336 Y104.689 E206.60719
G1 X122.78 Y105.816 E206.62238
G1 X120.619 Y106.395 E206.65043
G1 X120.358 Y105.644 E206.6604
G1 X119.846 Y104.84 E206.67236
G1 X119.165 Y104.152 E206.6845
G1 X118.357 Y103.649 E206.69643
G1 X117.603 Y103.378 E206.70648
G1 X118.181 Y101.222 E206.73447
G1 X117.261 Y101.083 E206.74614
G1 X112.624 Y102.326 E206.80634
G1 X113.262 Y101.895 E206.816
G1 X114.359 Y101.365 E206.83128
G1 X115.542 Y101.097 E206.84649
G1 X116.738 Y101.006 E206.86153
M204 S429
G0 F15000 X119.721 Y104.937
G0 X120.209 Y105.713
G0 X120.513 Y106.582
G0 X120.618 Y107.498
G0 X120.515 Y108.412
G0 X120.212 Y109.283
G0 X119.722 Y110.063
G0 X119.066 Y110.718
G0 X118.291 Y111.206
G0 X116.431 Y111.666
G0 X116.509 Y110.97
;TYPE:WALL-OUTER
G1 F3000 X115.731 Y110.886 E206.87134
G1 X114.978 Y110.618 E206.88137
G1 X114.34 Y110.214 E206.89084
G1 X113.788 Y109.661 E206.90063
G1 X113.274 Y108.843 E206.91275
G1 X113.053 Y107.879 E206.92515
G1 X113.057 Y106.902 E206.9374
G1 X113.367 Y106.01 E206.94925
G1 X113.779 Y105.351 E206.95899
G1 X114.337 Y104.788 E206.96893
G1 X114.997 Y104.371 E206.97872
G1 X115.731 Y104.114 E206.98848
G1 X116.493 Y104.03 E206.99809
G1 X117.287 Y104.117 E207.00811
G1 X118.008 Y104.371 E207.01769
G1 X118.65 Y104.775 E207.0272
G1 X119.219 Y105.34 E207.03726
G1 X119.638 Y106.009 E207.04716
G1 X119.881 Y106.705 E207.0564
G1 X119.974 Y107.492 E207.06634
G1 X119.882 Y108.29 E207.07642
G1 X119.632 Y109.004 E207.0859
G1 X119.228 Y109.647 E207.09543
G1 X118.675 Y110.205 E207.10528
G1 X118.001 Y110.632 E207.11528
G1 X117.287 Y110.883 E207.12477
G1 X116.509 Y110.97 E207.13459
G0 F15000 X116.311 Y110.949
G0 X116.233 Y111.644
G0 X116.011 Y114.06
G0 X115.953 Y114.759
G1 F3000 X117.052 Y114.759 E207.14837
G1 X118.12 Y114.598 E207.16192
G1 X119.424 Y114.195 E207.17903
G1 X120.606 Y113.512 E207.19615
G1 X121.033 Y113.197 E207.20281
G1 X122.046 Y112.257 E207.22014
G1 X122.803 Y111.143 E207.23703
G1 X123.281 Y110.15 E207.25085
G1 X123.601 Y109.115 E207.26443
G1 X123.762 Y108.049 E207.27795
G1 X123.762 Y106.949 E207.29175
G1 X123.559 Y105.614 E207.30868
G1 X123.06 Y104.341 E207.32583
G1 X122.516 Y103.399 E207.33947
G1 X121.843 Y102.556 E207.353
G1 X121.033 Y101.803 E207.36686
G1 X120.146 Y101.2 E207.38031
G1 X119.153 Y100.721 E207.39414
G1 X118.125 Y100.404 E207.40763
G1 X116.772 Y100.201 E207.42479
G1 X115.42 Y100.304 E207.44179
G1 X114.094 Y100.605 E207.45884
G1 X112.86 Y101.2 E207.47602
G1 X111.748 Y101.954 E207.49287
G1 X110.806 Y102.97 E207.51025
G1 X110.045 Y104.086 E207.52719
G1 X109.547 Y105.355 E207.54428
G1 X109.304 Y106.42 E207.55798
G1 X109.224 Y107.506 E207.57163
G1 X109.304 Y108.58 E207.58514
G1 X109.546 Y109.639 E207.59876
G1 X110.044 Y110.913 E207.61592
G1 X110.806 Y112.03 E207.63287
G1 X111.558 Y112.84 E207.64673
G1 X112.402 Y113.514 E207.66028
G1 X113.584 Y114.197 E207.6774
G1 X114.886 Y114.598 E207.69448
G1 X115.953 Y114.759 E207.70801
M204 S1500
G0 F15000 X116.153 Y114.759
G0 X115.983 Y114.359
;TYPE:WALL-INNER
G1 F3300 X117.022 Y114.359 E207.72104
G1 X118.031 Y114.207 E207.73384
G1 X119.263 Y113.826 E207.75001
G1 X120.596 Y113.055 E207.76932
G1 X121.738 Y111.997 E207.78885
G1 X122.455 Y110.943 E207.80483
G1 X122.907 Y110.004 E207.8179
G1 X123.21 Y109.025 E207.83075
G1 X123.362 Y108.019 E207.84351
G1 X123.362 Y106.979 E207.85655
G1 X123.17 Y105.718 E207.87255
G1 X122.698 Y104.515 E207.88875
G1 X122.185 Y103.625 E207.90164
G1 X121.549 Y102.829 E207.91441
G1 X120.783 Y102.117 E207.92753
G1 X119.946 Y101.548 E207.94022
G1 X119.006 Y101.095 E207.9533
G1 X118.036 Y100.795 E207.96604
G1 X116.759 Y100.604 E207.98223
G1 X115.48 Y100.7 E207.99831
G1 X114.227 Y100.985 E208.01443
G1 X113.06 Y101.548 E208.03068
G1 X112.008 Y102.261 E208.04661
G1 X111.12 Y103.22 E208.063
G1 X110.398 Y104.28 E208.07909
G1 X109.931 Y105.473 E208.09515
G1 X109.701 Y106.48 E208.10811
G1 X109.625 Y107.506 E208.12101
G1 X109.701 Y108.52 E208.13376
G1 X109.93 Y109.521 E208.14664
G1 X110.399 Y110.724 E208.16283
G1 X111.12 Y111.78 E208.17886
G1 X111.831 Y112.546 E208.19197
G1 X112.628 Y113.182 E208.20476
G1 X113.745 Y113.828 E208.22094
G1 X114.975 Y114.207 E208.23708
G1 X115.983 Y114.359 E208.24986
G0 F15000 X116.011 Y114.06
G0 X116.475 Y111.671
G0 X116.509 Y111.37
G1 F3300 X115.642 Y111.276 E208.2608
G1 X114.827 Y110.995 E208.27161
G1 X114.09 Y110.527 E208.28256
G1 X113.474 Y109.909 E208.2935
G1 X112.898 Y109.003 E208.30696
G1 X112.654 Y107.94 E208.32064
G1 X112.654 Y106.85 E208.33431
G1 X113.017 Y105.812 E208.3481
G1 X113.473 Y105.087 E208.35884
G1 X114.082 Y104.48 E208.36962
G1 X114.823 Y104.011 E208.38062
G1 X115.643 Y103.724 E208.39152
G1 X116.501 Y103.627 E208.40234
G1 X117.367 Y103.72 E208.41327
G1 X118.182 Y104.01 E208.42411
G1 X118.916 Y104.468 E208.43496
G1 X119.533 Y105.09 E208.44595
G1 X119.996 Y105.82 E208.45679
G1 X120.279 Y106.633 E208.46759
G1 X120.374 Y107.492 E208.47842
G1 X120.28 Y108.365 E208.48943
G1 X119.993 Y109.178 E208.50025
G1 X119.538 Y109.907 E208.51102
G1 X118.895 Y110.543 E208.52236
G1 X118.161 Y110.999 E208.5332
G1 X117.361 Y111.28 E208.54383
G1 X116.509 Y111.37 E208.55458
M204 S2000
G0 F15000 X116.442 Y111.969
G1 F1500 E202.05458
;MESH:NONMESH
G0 F600 X116.442 Y111.969 Z8.4
G0 F15000 X118.815 Y110.404
G0 X119.407 Y109.812
G0 X119.849 Y109.108
G0 X120.122 Y108.322
G0 X120.216 Y107.498
G0 X120.12 Y106.672
G0 X117.019 Y100.459
G0 X117.348 Y96.771
;TIME_ELAPSED:537.089290
;LAYER:41
;TYPE:SUPPORT
G1 F1500 E208.55458
G1 F3000 X117.735 Y96.79 E208.55944
G1 X119.101 Y97.041 E208.57685
G1 X120.015 Y97.329 E208.58887
G1 X120.015 Y99.911 E208.62125
G1 X120.682 Y100.232 E208.63053
G1 X121.726 Y100.944 E208.64638
G1 X122.642 Y101.795 E208.66206
G1 X122.682 Y101.845 E208.66286
G1 X123.43 Y102.784 E208.67792
G1 X124.052 Y103.857 E208.69347
G1 X124.524 Y105.075 E208.70985
G1 X124.666 Y105.603 E208.71671
G1 X124.862 Y106.867 E208.73275
G1 X124.862 Y108.125 E208.74852
G1 X124.675 Y109.363 E208.76423
G1 X124.309 Y110.55 E208.7798
G1 X123.76 Y111.695 E208.79573
G1 X123.092 Y112.672 E208.81057
G1 X122.682 Y113.156 E208.81852
G1 X122.682 Y116.322 E208.85823
G1 X121.68 Y116.959 E208.87312
G1 X120.425 Y117.545 E208.89048
G1 X120.015 Y117.675 E208.89588
G1 X120.015 Y115.099 E208.92818
G1 X119.521 Y115.318 E208.93496
G1 X118.357 Y115.673 E208.95022
G1 X117.348 Y115.825 E208.96302
G1 X117.348 Y118.23 E208.99318
G1 X116.316 Y118.279 E209.00613
G1 X114.932 Y118.165 E209.02355
G1 X114.681 Y118.111 E209.02677
G1 X114.681 Y115.679 E209.05726
G1 X114.632 Y115.671 E209.05789
G1 X113.416 Y115.29 E209.07387
G1 X112.81 Y115.021 E209.08218
G1 X112.014 Y114.56 E209.09372
G1 X112.014 Y117.287 E209.12791
G1 X111.003 Y116.772 E209.14214
G1 X109.851 Y115.988 E209.15962
G1 X109.347 Y115.534 E209.16812
G1 X109.347 Y111.846 E209.21437
G1 X109.284 Y111.753 E209.21578
G1 X108.929 Y111.083 E209.22529
G1 X108.492 Y109.97 E209.24028
G1 X108.214 Y108.751 E209.25596
G1 X108.121 Y107.503 E209.27166
G1 X108.214 Y106.246 E209.28746
G1 X108.494 Y105.028 E209.30314
G1 X108.973 Y103.823 E209.3194
G1 X109.276 Y103.259 E209.32743
G1 X109.347 Y103.157 E209.32899
G1 X109.978 Y102.245 E209.34289
G1 X110.83 Y101.332 E209.35855
G1 X111.259 Y100.963 E209.36565
G1 X112.014 Y100.448 E209.37711
G1 X112.014 Y97.713 E209.41141
G1 X112.262 Y97.589 E209.41488
G1 X113.584 Y97.122 E209.43247
G1 X114.681 Y96.888 E209.44653
G1 X114.681 Y99.345 E209.47735
G1 X115.254 Y99.212 E209.48472
G1 X116.521 Y99.12 E209.50065
G1 X117.115 Y99.143 E209.50811
G1 X117.348 Y99.177 E209.51106
G1 X117.348 Y96.771 E209.54123
G1 F1500 E203.04123
G0 F15000 X122.682 Y101.845
G1 F1500 E209.54123
G1 F3000 X122.682 Y98.637 E209.58146
G1 X123.945 Y99.7 E209.60216
G1 X125.132 Y100.994 E209.62418
G1 X126.042 Y102.473 E209.64596
G1 X126.607 Y103.733 E209.66328
G1 X127.009 Y105.081 E209.68092
G1 X127.23 Y106.446 E209.69826
G1 X127.277 Y107.861 E209.71601
G1 X127.144 Y109.24 E209.73339
G1 X126.832 Y110.597 E209.75085
G1 X126.6 Y111.273 E209.75981
G1 X126.031 Y112.547 E209.77731
G1 X125.349 Y113.655 E209.79362
G1 X125.349 Y101.347 E209.94797
G1 F1500 E203.44797
G0 F15000 X123.065 Y99.268
G0 X121.766 Y98.383
G0 X120.347 Y97.698
G0 X118.846 Y97.236
G0 X117.344 Y97.01
G0 X116.447 Y96.977
G0 X114.936 Y97.09
G0 X113.454 Y97.427
G0 X112.605 Y97.725
G0 X111.241 Y98.383
G0 X109.984 Y99.238
G0 X109.303 Y99.825
G0 X108.467 Y100.727
G0 X107.578 Y101.952
G0 X109.347 Y103.157
G1 F1500 E209.94797
G1 F3000 X109.347 Y99.465 E209.99427
G1 X108.82 Y99.933 E210.00311
G1 X107.906 Y100.991 E210.02064
G1 X107.147 Y102.145 E210.03796
G1 X106.525 Y103.42 E210.05575
G1 X106.081 Y104.725 E210.07304
G1 X105.811 Y106.095 E210.09055
G1 X105.723 Y107.493 E210.10811
G1 X105.809 Y108.89 E210.12567
G1 X106.076 Y110.246 E210.143
G1 X106.518 Y111.577 E210.16059
G1 X106.68 Y111.907 E210.1652
G1 X106.68 Y103.102 E210.27561
M204 S3500
G1 F1500 E203.77561
;MESH:The cap.stl
G0 F15000 X109.758 Y105.417
G0 X113.602 Y109.815
G0 X114.19 Y110.404
G0 X116.529 Y111.775
;TYPE:FILL
G1 F1500 E210.27561
G1 F4200 X115.542 Y111.669 E210.28806
G1 X114.652 Y111.356 E210.29989
G1 X113.848 Y110.845 E210.31184
G1 X113.15 Y110.152 E210.32417
G1 X112.529 Y109.167 E210.33878
G1 X112.256 Y107.999 E210.35382
G1 X112.26 Y106.765 E210.36929
G1 X112.641 Y105.66 E210.38395
G1 X113.154 Y104.852 E210.39595
G1 X113.868 Y104.136 E210.40863
G1 X114.648 Y103.65 E210.42016
G1 X115.552 Y103.334 E210.43217
G1 X116.52 Y103.226 E210.44438
G1 X117.467 Y103.33 E210.45633
G1 X118.353 Y103.646 E210.46813
G1 X119.157 Y104.146 E210.48
G1 X119.852 Y104.848 E210.49239
G1 X120.357 Y105.643 E210.5042
G1 X120.669 Y106.536 E210.51606
G1 X120.773 Y107.491 E210.52811
G1 X120.67 Y108.461 E210.54034
G1 X120.355 Y109.349 E210.55216
G1 X119.866 Y110.143 E210.56385
G1 X119.156 Y110.851 E210.57642
G1 X118.36 Y111.353 E210.58822
G1 X117.458 Y111.669 E210.60021
G1 X116.529 Y111.775 E210.61194
G0 F15000 X116.504 Y113.524
G1 F4200 X117.554 Y113.429 E210.62516
G1 X118.56 Y113.161 E210.63821
G1 X119.509 Y112.718 E210.65135
G1 X120.379 Y112.109 E210.66466
G1 X121.111 Y111.375 E210.67766
G1 X121.722 Y110.503 E210.69102
G1 X122.165 Y109.553 E210.70416
G1 X122.433 Y108.551 E210.71717
G1 X122.527 Y107.499 E210.73041
G1 X122.432 Y106.447 E210.74366
G1 X122.163 Y105.442 E210.75671
G1 X121.72 Y104.495 E210.76982
G1 X121.113 Y103.629 E210.78308
G1 X120.371 Y102.887 E210.79624
G1 X119.511 Y102.285 E210.8094
G1 X118.545 Y101.836 E210.82276
G1 X117.55 Y101.57 E210.83568
G1 X116.505 Y101.476 E210.84883
G1 X115.45 Y101.571 E210.86212
G1 X114.447 Y101.839 E210.87514
G1 X113.497 Y102.282 E210.88828
G1 X112.634 Y102.887 E210.9015
G1 X111.889 Y103.634 E210.91473
G1 X111.287 Y104.492 E210.92787
G1 X110.839 Y105.455 E210.94119
G1 X110.504 Y106.711 E210.95749
G1 X110.504 Y108.032 E210.97406
G1 X110.732 Y109.316 E210.99041
G1 X111.292 Y110.516 E211.00702
G1 X111.891 Y111.369 E211.02009
G1 X112.635 Y112.113 E211.03328
G1 X113.495 Y112.715 E211.04645
G1 X114.459 Y113.164 E211.05979
G1 X115.455 Y113.43 E211.07271
G1 X116.504 Y113.524 E211.08592
G0 F15000 X112.007 Y108.703
G1 F4200 X111.073 Y108.953 E211.09805
G1 X110.904 Y107.996 E211.11023
G1 X110.904 Y106.763 E211.12569
G1 X111.217 Y105.591 E211.14091
G1 X111.633 Y104.696 E211.15328
G1 X112.198 Y103.891 E211.16562
G1 X112.543 Y103.544 E211.17175
G1 X113.217 Y104.219 E211.18372
G1 X112.832 Y104.612 E211.19061
G1 X112.279 Y105.489 E211.20362
G1 X111.855 Y106.715 E211.21988
G1 X111.859 Y108.057 E211.23671
G1 X112.146 Y109.306 E211.25278
G1 X112.85 Y110.425 E211.26936
G1 X113.608 Y111.167 E211.28267
G1 X114.48 Y111.718 E211.2956
G1 X115.292 Y112.004 E211.3064
G1 X115.05 Y112.907 E211.31812
G1 X115.525 Y113.035 E211.32429
G1 X116.504 Y113.122 E211.33662
G1 X117.485 Y113.033 E211.34897
G1 X118.421 Y112.784 E211.36111
G1 X119.307 Y112.371 E211.37337
G1 X120.122 Y111.8 E211.38585
G1 X120.459 Y111.461 E211.39185
G1 X119.784 Y110.785 E211.40383
G1 X120.189 Y110.383 E211.41098
G1 X120.718 Y109.521 E211.42366
G1 X121.06 Y108.558 E211.43648
G1 X121.176 Y107.481 E211.45006
G1 X121.041 Y106.282 E211.4652
G1 X121.91 Y106.049 E211.47648
G1 X121.784 Y105.576 E211.48262
G1 X121.373 Y104.698 E211.49477
G1 X120.802 Y103.883 E211.50725
G1 X120.117 Y103.198 E211.5194
G1 X119.307 Y102.631 E211.5318
G1 X118.409 Y102.214 E211.54422
G1 X117.949 Y102.09 E211.55019
G1 X117.716 Y102.957 E211.56145
G1 X116.5 Y102.821 E211.57679
G0 F15000 X116.505 Y101.074
G1 F4200 X117.1 Y101.126 E211.58428
G1 X117.261 Y101.083 E211.58637
G1 X118.181 Y101.222 E211.59804
G1 X118.156 Y101.317 E211.59927
G1 X118.689 Y101.461 E211.6062
G1 X119.165 Y101.681 E211.61277
G1 X119.037 Y101.553 E211.61504
G1 X119.749 Y101.897 E211.62496
G1 X120.529 Y102.427 E211.63678
G1 X121.257 Y103.103 E211.64924
G1 X121.854 Y103.851 E211.66124
G1 X122.336 Y104.689 E211.67337
G1 X122.441 Y104.957 E211.67698
G1 X122.323 Y104.839 E211.67907
G1 X122.538 Y105.297 E211.68541
G1 X122.683 Y105.842 E211.69249
G1 X122.78 Y105.816 E211.69375
G1 X122.918 Y106.727 E211.7053
G1 X122.874 Y106.892 E211.70744
G1 X122.929 Y107.498 E211.71507
G1 X122.83 Y108.615 E211.72914
G1 X122.54 Y109.698 E211.7432
G1 X122.07 Y110.705 E211.75713
G1 X121.717 Y111.207 E211.76483
G1 X121.67 Y111.384 E211.76712
G1 X121.433 Y111.734 E211.77242
G1 X121.068 Y112.07 E211.77865
G1 X121.026 Y112.027 E211.7794
G1 X120.638 Y112.418 E211.78631
G1 X120.208 Y112.717 E211.79287
G1 X120.438 Y112.655 E211.79586
G1 X120.356 Y112.733 E211.79728
G1 X119.103 Y113.457 E211.81543
G1 X117.944 Y113.815 E211.83064
G1 X116.99 Y113.959 E211.84274
G1 X116.015 Y113.959 E211.85497
G1 X115.734 Y113.916 E211.85853
G1 X115.9 Y113.871 E211.86069
G1 X115.39 Y113.827 E211.86711
G1 X114.843 Y113.68 E211.87421
G1 X114.827 Y113.741 E211.875
G1 X114.001 Y113.487 E211.88584
G1 X113.824 Y113.311 E211.88897
G1 X113.293 Y113.064 E211.89631
G1 X112.376 Y112.422 E211.91035
G1 X111.581 Y111.627 E211.92445
G1 X110.944 Y110.718 E211.93837
G1 X110.691 Y110.177 E211.94586
G1 X110.565 Y110.051 E211.94809
G1 X110.225 Y109.18 E211.95982
G1 X110.297 Y109.161 E211.96075
G1 X110.116 Y108.139 E211.97377
G1 X110.082 Y108.265 E211.9754
G1 X110.026 Y107.506 E211.98495
G1 X110.097 Y106.542 E211.99707
G1 X110.314 Y105.59 E212.00932
G1 X110.755 Y104.467 E212.02444
G1 X111.325 Y103.628 E212.03716
G1 X111.278 Y103.803 E212.03944
G1 X111.579 Y103.375 E212.046
G1 X112.375 Y102.578 E212.06012
G1 X112.8 Y102.279 E212.06664
G1 X112.624 Y102.326 E212.06893
G1 X112.27 Y102.567 E212.0743
G1 X111.93 Y102.932 E212.08055
G1 X111.976 Y102.977 E212.08136
M204 S429
G0 F15000 X112.414 Y107.958
G0 X112.675 Y109.094
G0 X113.288 Y110.066
G0 X113.939 Y110.718
G0 X114.719 Y111.208
G0 X116.431 Y111.666
G0 X116.509 Y110.97
;TYPE:WALL-OUTER
G1 F3000 X115.731 Y110.886 E212.09117
G1 X114.978 Y110.618 E212.10119
G1 X114.34 Y110.214 E212.11066
G1 X113.788 Y109.661 E212.12046
G1 X113.274 Y108.843 E212.13258
G1 X113.053 Y107.879 E212.14498
G1 X113.057 Y106.902 E212.15723
G1 X113.367 Y106.01 E212.16907
G1 X113.779 Y105.351 E212.17882
G1 X114.337 Y104.788 E212.18876
G1 X114.997 Y104.371 E212.19855
G1 X115.731 Y104.114 E212.2083
G1 X116.493 Y104.03 E212.21792
G1 X117.287 Y104.117 E212.22793
G1 X118.008 Y104.371 E212.23752
G1 X118.65 Y104.775 E212.24703
G1 X119.219 Y105.34 E212.25709
G1 X119.638 Y106.009 E212.26699
G1 X119.881 Y106.705 E212.27623
G1 X119.974 Y107.492 E212.28617
G1 X119.882 Y108.29 E212.29624
G1 X119.632 Y109.004 E212.30573
G1 X119.228 Y109.647 E212.31525
G1 X118.675 Y110.205 E212.32511
G1 X118.001 Y110.632 E212.33511
G1 X117.287 Y110.883 E212.3446
G1 X116.509 Y110.97 E212.35442
G0 F15000 X116.311 Y110.949
G0 X116.233 Y111.644
G0 X116.011 Y114.06
G0 X115.953 Y114.759
G1 F3000 X117.052 Y114.759 E212.3682
G1 X118.12 Y114.598 E212.38175
G1 X119.424 Y114.195 E212.39886
G1 X120.606 Y113.512 E212.41598
G1 X121.033 Y113.197 E212.42264
G1 X122.046 Y112.257 E212.43997
G1 X122.803 Y111.143 E212.45686
G1 X123.281 Y110.15 E212.47068
G1 X123.601 Y109.115 E212.48426
G1 X123.762 Y108.049 E212.49778
G1 X123.762 Y106.949 E212.51158
G1 X123.559 Y105.614 E212.52851
G1 X123.06 Y104.341 E212.54566
G1 X122.516 Y103.399 E212.5593
G1 X121.843 Y102.556 E212.57282
G1 X121.033 Y101.803 E212.58669
G1 X120.146 Y101.2 E212.60014
G1 X119.153 Y100.721 E212.61397
G1 X118.125 Y100.404 E212.62746
G1 X116.772 Y100.201 E212.64462
G1 X115.42 Y100.304 E212.66162
G1 X114.094 Y100.605 E212.67867
G1 X112.86 Y101.2 E212.69585
G1 X111.748 Y101.954 E212.7127
G1 X110.806 Y102.97 E212.73007
G1 X110.045 Y104.086 E212.74701
G1 X109.547 Y105.355 E212.76411
G1 X109.304 Y106.42 E212.77781
G1 X109.224 Y107.506 E212.79146
G1 X109.304 Y108.58 E212.80497
G1 X109.546 Y109.639 E212.81859
G1 X110.044 Y110.913 E212.83575
G1 X110.806 Y112.03 E212.8527
G1 X111.558 Y112.84 E212.86656
G1 X112.402 Y113.514 E212.88011
G1 X113.584 Y114.197 E212.89723
G1 X114.886 Y114.598 E212.91431
G1 X115.953 Y114.759 E212.92784
M204 S1500
G0 F15000 X116.153 Y114.759
G0 X115.983 Y114.359
;TYPE:WALL-INNER
G1 F3300 X117.022 Y114.359 E212.94087
G1 X118.031 Y114.207 E212.95367
G1 X119.263 Y113.826 E212.96984
G1 X120.596 Y113.055 E212.98915
G1 X121.738 Y111.997 E213.00867
G1 X122.455 Y110.943 E213.02466
G1 X122.907 Y110.004 E213.03773
G1 X123.21 Y109.025 E213.05058
G1 X123.362 Y108.019 E213.06334
G1 X123.362 Y106.979 E213.07638
G1 X123.17 Y105.718 E213.09238
G1 X122.698 Y104.515 E213.10858
G1 X122.185 Y103.625 E213.12146
G1 X121.549 Y102.829 E213.13424
G1 X120.783 Y102.117 E213.14736
G1 X119.946 Y101.548 E213.16005
G1 X119.006 Y101.095 E213.17313
G1 X118.036 Y100.795 E213.18587
G1 X116.759 Y100.604 E213.20206
G1 X115.48 Y100.7 E213.21814
G1 X114.227 Y100.985 E213.23426
G1 X113.06 Y101.548 E213.25051
G1 X112.008 Y102.261 E213.26644
G1 X111.12 Y103.22 E213.28283
G1 X110.398 Y104.28 E213.29892
G1 X109.931 Y105.473 E213.31498
G1 X109.701 Y106.48 E213.32794
G1 X109.625 Y107.506 E213.34084
G1 X109.701 Y108.52 E213.35359
G1 X109.93 Y109.521 E213.36647
G1 X110.399 Y110.724 E213.38266
G1 X111.12 Y111.78 E213.39869
G1 X111.831 Y112.546 E213.4118
G1 X112.628 Y113.182 E213.42459
G1 X113.745 Y113.828 E213.44077
G1 X114.975 Y114.207 E213.45691
G1 X115.983 Y114.359 E213.46969
G0 F15000 X116.011 Y114.06
G0 X116.475 Y111.671
G0 X116.509 Y111.37
G1 F3300 X115.642 Y111.276 E213.48063
G1 X114.827 Y110.995 E213.49144
G1 X114.09 Y110.527 E213.50239
G1 X113.474 Y109.909 E213.51333
G1 X112.898 Y109.003 E213.52679
G1 X112.654 Y107.94 E213.54047
G1 X112.654 Y106.85 E213.55414
G1 X113.017 Y105.812 E213.56793
G1 X113.473 Y105.087 E213.57867
G1 X114.082 Y104.48 E213.58945
G1 X114.823 Y104.011 E213.60045
G1 X115.643 Y103.724 E213.61134
G1 X116.501 Y103.627 E213.62217
G1 X117.367 Y103.72 E213.63309
G1 X118.182 Y104.01 E213.64394
G1 X118.916 Y104.468 E213.65479
G1 X119.533 Y105.09 E213.66578
G1 X119.996 Y105.82 E213.67662
G1 X120.279 Y106.633 E213.68741
G1 X120.374 Y107.492 E213.69825
G1 X120.28 Y108.365 E213.70926
G1 X119.993 Y109.178 E213.72008
G1 X119.538 Y109.907 E213.73085
G1 X118.895 Y110.543 E213.74219
G1 X118.161 Y110.999 E213.75303
G1 X117.361 Y111.28 E213.76366
G1 X116.509 Y111.37 E213.77441
M204 S2000
G0 F15000 X116.442 Y111.969
G1 F1500 E207.27441
;MESH:NONMESH
G0 F600 X116.442 Y111.969 Z8.6
G0 F15000 X118.815 Y110.404
G0 X119.407 Y109.812
G0 X119.849 Y109.108
G0 X120.122 Y108.322
G0 X120.216 Y107.498
G0 X120.12 Y106.672
G0 X117.019 Y100.459
G0 X117.348 Y96.771
;TIME_ELAPSED:549.102631
;LAYER:42
;TYPE:SUPPORT
G1 F1500 E213.77441
G1 F3000 X117.735 Y96.79 E213.77927
G1 X119.101 Y97.041 E213.79668
G1 X120.015 Y97.329 E213.8087
G1 X120.015 Y99.911 E213.84108
G1 X120.682 Y100.232 E213.85036
G1 X121.726 Y100.944 E213.86621
G1 X122.642 Y101.795 E213.88189
G1 X122.682 Y101.845 E213.88269
G1 X123.43 Y102.784 E213.89775
G1 X124.052 Y103.857 E213.9133
G1 X124.524 Y105.075 E213.92968
G1 X124.666 Y105.603 E213.93654
G1 X124.862 Y106.867 E213.95258
G1 X124.862 Y108.125 E213.96835
G1 X124.675 Y109.363 E213.98405
G1 X124.309 Y110.55 E213.99963
G1 X123.76 Y111.695 E214.01556
G1 X123.092 Y112.672 E214.0304
G1 X122.682 Y113.156 E214.03835
G1 X122.682 Y116.322 E214.07805
G1 X121.68 Y116.959 E214.09294
G1 X120.425 Y117.545 E214.11031
G1 X120.015 Y117.675 E214.11571
G1 X120.015 Y115.099 E214.14801
G1 X119.521 Y115.318 E214.15479
G1 X118.357 Y115.673 E214.17005
G1 X117.348 Y115.825 E214.18284
G1 X117.348 Y118.23 E214.213
G1 X116.316 Y118.279 E214.22596
G1 X114.932 Y118.165 E214.24337
G1 X114.681 Y118.111 E214.24659
G1 X114.681 Y115.679 E214.27709
G1 X114.632 Y115.671 E214.27772
G1 X113.416 Y115.29 E214.2937
G1 X112.81 Y115.021 E214.30201
G1 X112.014 Y114.56 E214.31355
G1 X112.014 Y117.287 E214.34774
G1 X111.003 Y116.772 E214.36197
G1 X109.851 Y115.988 E214.37945
G1 X109.347 Y115.534 E214.38795
G1 X109.347 Y111.846 E214.4342
G1 X109.284 Y111.753 E214.43561
G1 X108.929 Y111.083 E214.44512
G1 X108.492 Y109.97 E214.46011
G1 X108.214 Y108.751 E214.47579
G1 X108.121 Y107.503 E214.49149
G1 X108.214 Y106.246 E214.50729
G1 X108.494 Y105.028 E214.52297
G1 X108.973 Y103.823 E214.53923
G1 X109.276 Y103.259 E214.54726
G1 X109.347 Y103.157 E214.54881
G1 X109.978 Y102.245 E214.56272
G1 X110.83 Y101.332 E214.57838
G1 X111.259 Y100.963 E214.58548
G1 X112.014 Y100.448 E214.59694
G1 X112.014 Y97.713 E214.63124
G1 X112.262 Y97.589 E214.63471
G1 X113.584 Y97.122 E214.6523
G1 X114.681 Y96.888 E214.66636
G1 X114.681 Y99.345 E214.69717
G1 X115.254 Y99.212 E214.70455
G1 X116.521 Y99.12 E214.72048
G1 X117.115 Y99.143 E214.72794
G1 X117.348 Y99.177 E214.73089
G1 X117.348 Y96.771 E214.76106
G1 F1500 E208.26106
G0 F15000 X122.682 Y101.845
G1 F1500 E214.76106
G1 F3000 X122.682 Y98.637 E214.80129
G1 X123.945 Y99.7 E214.82199
G1 X125.132 Y100.994 E214.84401
G1 X126.042 Y102.473 E214.86579
G1 X126.607 Y103.733 E214.88311
G1 X127.009 Y105.081 E214.90075
G1 X127.23 Y106.446 E214.91809
G1 X127.277 Y107.861 E214.93584
G1 X127.144 Y109.24 E214.95321
G1 X126.832 Y110.597 E214.97068
G1 X126.6 Y111.273 E214.97964
G1 X126.031 Y112.547 E214.99714
G1 X125.349 Y113.655 E215.01345
G1 X125.349 Y101.347 E215.1678
G1 F1500 E208.6678
G0 F15000 X123.065 Y99.268
G0 X121.766 Y98.383
G0 X120.347 Y97.698
G0 X118.846 Y97.236
G0 X117.344 Y97.01
G0 X116.447 Y96.977
G0 X114.936 Y97.09
G0 X113.454 Y97.427
G0 X112.605 Y97.725
G0 X111.241 Y98.383
G0 X109.984 Y99.238
G0 X109.303 Y99.825
G0 X108.467 Y100.727
G0 X107.578 Y101.952
G0 X109.347 Y103.157
G1 F1500 E215.1678
G1 F3000 X109.347 Y99.465 E215.2141
G1 X108.82 Y99.933 E215.22294
G1 X107.906 Y100.991 E215.24047
G1 X107.147 Y102.145 E215.25779
G1 X106.525 Y103.42 E215.27558
G1 X106.081 Y104.725 E215.29287
G1 X105.811 Y106.095 E215.31038
G1 X105.723 Y107.493 E215.32794
G1 X105.809 Y108.89 E215.3455
G1 X106.076 Y110.246 E215.36283
G1 X106.518 Y111.577 E215.38041
G1 X106.68 Y111.907 E215.38502
G1 X106.68 Y103.102 E215.49544
M204 S3500
G1 F1500 E208.99544
;MESH:The cap.stl
G0 F15000 X109.758 Y105.417
G0 X113.602 Y109.815
G0 X114.19 Y110.404
G0 X116.529 Y111.775
;TYPE:FILL
G1 F1500 E215.49544
G1 F4200 X115.542 Y111.669 E215.50789
G1 X114.652 Y111.356 E215.51972
G1 X113.848 Y110.845 E215.53167
G1 X113.15 Y110.152 E215.544
G1 X112.529 Y109.167 E215.55861
G1 X112.256 Y107.999 E215.57365
G1 X112.26 Y106.765 E215.58912
G1 X112.641 Y105.66 E215.60378
G1 X113.154 Y104.852 E215.61578
G1 X113.868 Y104.136 E215.62846
G1 X114.648 Y103.65 E215.63999
G1 X115.552 Y103.334 E215.652
G1 X116.52 Y103.226 E215.66421
G1 X117.467 Y103.33 E215.67616
G1 X118.353 Y103.646 E215.68795
G1 X119.157 Y104.146 E215.69983
G1 X119.852 Y104.848 E215.71222
G1 X120.357 Y105.643 E215.72403
G1 X120.669 Y106.536 E215.73589
G1 X120.773 Y107.491 E215.74794
G1 X120.67 Y108.461 E215.76017
G1 X120.355 Y109.349 E215.77198
G1 X119.866 Y110.143 E215.78368
G1 X119.156 Y110.851 E215.79625
G1 X118.36 Y111.353 E215.80805
G1 X117.458 Y111.669 E215.82004
G1 X116.529 Y111.775 E215.83176
G0 F15000 X116.504 Y113.524
G1 F4200 X117.554 Y113.429 E215.84499
G1 X118.56 Y113.161 E215.85804
G1 X119.509 Y112.718 E215.87117
G1 X120.379 Y112.109 E215.88449
G1 X121.111 Y111.375 E215.89749
G1 X121.722 Y110.503 E215.91084
G1 X122.165 Y109.553 E215.92399
G1 X122.433 Y108.551 E215.937
G1 X122.527 Y107.499 E215.95024
G1 X122.432 Y106.447 E215.96349
G1 X122.163 Y105.442 E215.97653
G1 X121.72 Y104.495 E215.98964
G1 X121.113 Y103.629 E216.00291
G1 X120.371 Y102.887 E216.01607
G1 X119.511 Y102.285 E216.02923
G1 X118.545 Y101.836 E216.04259
G1 X117.55 Y101.57 E216.0555
G1 X116.505 Y101.476 E216.06866
G1 X115.45 Y101.571 E216.08195
G1 X114.447 Y101.839 E216.09497
G1 X113.497 Y102.282 E216.10811
G1 X112.634 Y102.887 E216.12133
G1 X111.889 Y103.634 E216.13456
G1 X111.287 Y104.492 E216.1477
G1 X110.839 Y105.455 E216.16102
G1 X110.504 Y106.711 E216.17732
G1 X110.504 Y108.032 E216.19389
G1 X110.732 Y109.316 E216.21024
G1 X111.292 Y110.516 E216.22685
G1 X111.891 Y111.369 E216.23992
G1 X112.635 Y112.113 E216.25311
G1 X113.495 Y112.715 E216.26628
G1 X114.459 Y113.164 E216.27961
G1 X115.455 Y113.43 E216.29254
G1 X116.504 Y113.524 E216.30575
G0 F15000 X112.007 Y108.703
G1 F4200 X111.073 Y108.953 E216.31787
G1 X110.904 Y107.996 E216.33006
G1 X110.904 Y106.763 E216.34552
G1 X111.217 Y105.591 E216.36074
G1 X111.633 Y104.696 E216.37311
G1 X112.198 Y103.891 E216.38545
G1 X112.543 Y103.544 E216.39158
G1 X113.217 Y104.219 E216.40354
G1 X112.832 Y104.612 E216.41044
G1 X112.279 Y105.489 E216.42345
G1 X111.855 Y106.715 E216.43971
G1 X111.859 Y108.057 E216.45654
G1 X112.146 Y109.306 E216.47261
G1 X112.85 Y110.425 E216.48919
G1 X113.608 Y111.167 E216.50249
G1 X114.48 Y111.718 E216.51543
G1 X115.292 Y112.004 E216.52623
G1 X115.05 Y112.907 E216.53795
G1 X115.525 Y113.035 E216.54412
G1 X116.504 Y113.122 E216.55644
G1 X117.485 Y113.033 E216.5688
G1 X118.421 Y112.784 E216.58094
G1 X119.307 Y112.371 E216.5932
G1 X120.122 Y111.8 E216.60568
G1 X120.459 Y111.461 E216.61167
G1 X119.784 Y110.785 E216.62365
G1 X120.189 Y110.383 E216.63081
G1 X120.718 Y109.521 E216.64349
G1 X121.06 Y108.558 E216.65631
G1 X121.176 Y107.481 E216.66989
G1 X121.041 Y106.282 E216.68502
G1 X121.91 Y106.049 E216.69631
G1 X121.784 Y105.576 E216.70244
G1 X121.373 Y104.698 E216.7146
G1 X120.802 Y103.883 E216.72708
G1 X120.117 Y103.198 E216.73923
G1 X119.307 Y102.631 E216.75163
G1 X118.409 Y102.214 E216.76404
G1 X117.949 Y102.09 E216.77002
G1 X117.716 Y102.957 E216.78128
G1 X116.5 Y102.821 E216.79662
G0 F15000 X116.505 Y101.074
G1 F4200 X117.1 Y101.126 E216.80411
G1 X117.261 Y101.083 E216.8062
G1 X118.181 Y101.222 E216.81787
G1 X118.156 Y101.317 E216.8191
G1 X118.689 Y101.461 E216.82602
G1 X119.165 Y101.681 E216.8326
G1 X119.037 Y101.553 E216.83487
G1 X119.749 Y101.897 E216.84479
G1 X120.529 Y102.427 E216.85661
G1 X121.257 Y103.103 E216.86907
G1 X121.854 Y103.851 E216.88107
G1 X122.336 Y104.689 E216.8932
G1 X122.441 Y104.957 E216.89681
G1 X122.323 Y104.839 E216.8989
G1 X122.538 Y105.297 E216.90524
G1 X122.683 Y105.842 E216.91232
G1 X122.78 Y105.816 E216.91357
G1 X122.918 Y106.727 E216.92513
G1 X122.874 Y106.892 E216.92727
G1 X122.929 Y107.498 E216.9349
G1 X122.83 Y108.615 E216.94896
G1 X122.54 Y109.698 E216.96302
G1 X122.07 Y110.705 E216.97696
G1 X121.717 Y111.207 E216.98466
G1 X121.67 Y111.384 E216.98695
G1 X121.433 Y111.734 E216.99225
G1 X121.068 Y112.07 E216.99847
G1 X121.026 Y112.027 E216.99923
G1 X120.638 Y112.418 E217.00614
G1 X120.208 Y112.717 E217.0127
G1 X120.438 Y112.655 E217.01569
G1 X120.356 Y112.733 E217.01711
G1 X119.103 Y113.457 E217.03526
G1 X117.944 Y113.815 E217.05047
G1 X116.99 Y113.959 E217.06257
G1 X116.015 Y113.959 E217.0748
G1 X115.734 Y113.916 E217.07836
G1 X115.9 Y113.871 E217.08052
G1 X115.39 Y113.827 E217.08694
G1 X114.843 Y113.68 E217.09404
G1 X114.827 Y113.741 E217.09483
G1 X114.001 Y113.487 E217.10567
G1 X113.824 Y113.311 E217.1088
G1 X113.293 Y113.064 E217.11614
G1 X112.376 Y112.422 E217.13018
G1 X111.581 Y111.627 E217.14428
G1 X110.944 Y110.718 E217.1582
G1 X110.691 Y110.177 E217.16569
G1 X110.565 Y110.051 E217.16792
G1 X110.225 Y109.18 E217.17965
G1 X110.297 Y109.161 E217.18058
G1 X110.116 Y108.139 E217.1936
G1 X110.082 Y108.265 E217.19523
G1 X110.026 Y107.506 E217.20478
G1 X110.097 Y106.542 E217.2169
G1 X110.314 Y105.59 E217.22914
G1 X110.755 Y104.467 E217.24427
G1 X111.325 Y103.628 E217.25699
G1 X111.278 Y103.803 E217.25927
G1 X111.579 Y103.375 E217.26583
G1 X112.375 Y102.578 E217.27995
G1 X112.8 Y102.279 E217.28647
G1 X112.624 Y102.326 E217.28875
G1 X112.27 Y102.567 E217.29412
G1 X111.93 Y102.932 E217.30038
G1 X111.976 Y102.977 E217.30119
M204 S429
G0 F15000 X112.414 Y107.958
G0 X112.675 Y109.094
G0 X113.288 Y110.066
G0 X113.939 Y110.718
G0 X114.719 Y111.208
G0 X116.431 Y111.666
G0 X116.509 Y110.97
;TYPE:WALL-OUTER
G1 F3000 X115.731 Y110.886 E217.311
G1 X114.978 Y110.618 E217.32102
G1 X114.34 Y110.214 E217.33049
G1 X113.788 Y109.661 E217.34029
G1 X113.274 Y108.843 E217.35241
G1 X113.053 Y107.879 E217.36481
G1 X113.057 Y106.902 E217.37706
G1 X113.367 Y106.01 E217.3889
G1 X113.779 Y105.351 E217.39865
G1 X114.337 Y104.788 E217.40859
G1 X114.997 Y104.371 E217.41838
G1 X115.731 Y104.114 E217.42813
G1 X116.493 Y104.03 E217.43775
G1 X117.287 Y104.117 E217.44776
G1 X118.008 Y104.371 E217.45735
G1 X118.65 Y104.775 E217.46686
G1 X119.219 Y105.34 E217.47692
G1 X119.638 Y106.009 E217.48682
G1 X119.881 Y106.705 E217.49606
G1 X119.974 Y107.492 E217.506
G1 X119.882 Y108.29 E217.51607
G1 X119.632 Y109.004 E217.52556
G1 X119.228 Y109.647 E217.53508
G1 X118.675 Y110.205 E217.54493
G1 X118.001 Y110.632 E217.55494
G1 X117.287 Y110.883 E217.56443
G1 X116.509 Y110.97 E217.57425
G0 F15000 X116.311 Y110.949
G0 X116.233 Y111.644
G0 X116.011 Y114.06
G0 X115.953 Y114.759
G1 F3000 X117.052 Y114.759 E217.58803
G1 X118.12 Y114.598 E217.60157
G1 X119.424 Y114.195 E217.61869
G1 X120.606 Y113.512 E217.63581
G1 X121.033 Y113.197 E217.64246
G1 X122.046 Y112.257 E217.65979
G1 X122.803 Y111.143 E217.67668
G1 X123.281 Y110.15 E217.6905
G1 X123.601 Y109.115 E217.70409
G1 X123.762 Y108.049 E217.71761
G1 X123.762 Y106.949 E217.7314
G1 X123.559 Y105.614 E217.74834
G1 X123.06 Y104.341 E217.76548
G1 X122.516 Y103.399 E217.77913
G1 X121.843 Y102.556 E217.79265
G1 X121.033 Y101.803 E217.80652
G1 X120.146 Y101.2 E217.81997
G1 X119.153 Y100.721 E217.8338
G1 X118.125 Y100.404 E217.84729
G1 X116.772 Y100.201 E217.86445
G1 X115.42 Y100.304 E217.88145
G1 X114.094 Y100.605 E217.8985
G1 X112.86 Y101.2 E217.91568
G1 X111.748 Y101.954 E217.93253
G1 X110.806 Y102.97 E217.9499
G1 X110.045 Y104.086 E217.96684
G1 X109.547 Y105.355 E217.98394
G1 X109.304 Y106.42 E217.99764
G1 X109.224 Y107.506 E218.01129
G1 X109.304 Y108.58 E218.0248
G1 X109.546 Y109.639 E218.03842
G1 X110.044 Y110.913 E218.05557
G1 X110.806 Y112.03 E218.07253
G1 X111.558 Y112.84 E218.08639
G1 X112.402 Y113.514 E218.09994
G1 X113.584 Y114.197 E218.11706
G1 X114.886 Y114.598 E218.13414
G1 X115.953 Y114.759 E218.14767
M204 S1500
G0 F15000 X116.153 Y114.759
G0 X115.983 Y114.359
;TYPE:WALL-INNER
G1 F3300 X117.022 Y114.359 E218.1607
G1 X118.031 Y114.207 E218.1735
G1 X119.263 Y113.826 E218.18967
G1 X120.596 Y113.055 E218.20898
G1 X121.738 Y111.997 E218.2285
G1 X122.455 Y110.943 E218.24449
G1 X122.907 Y110.004 E218.25756
G1 X123.21 Y109.025 E218.27041
G1 X123.362 Y108.019 E218.28317
G1 X123.362 Y106.979 E218.29621
G1 X123.17 Y105.718 E218.3122
G1 X122.698 Y104.515 E218.32841
G1 X122.185 Y103.625 E218.34129
G1 X121.549 Y102.829 E218.35407
G1 X120.783 Y102.117 E218.36718
G1 X119.946 Y101.548 E218.37988
G1 X119.006 Y101.095 E218.39296
G1 X118.036 Y100.795 E218.40569
G1 X116.759 Y100.604 E218.42189
G1 X115.48 Y100.7 E218.43797
G1 X114.227 Y100.985 E218.45409
G1 X113.06 Y101.548 E218.47033
G1 X112.008 Y102.261 E218.48627
G1 X111.12 Y103.22 E218.50266
G1 X110.398 Y104.28 E218.51874
G1 X109.931 Y105.473 E218.53481
G1 X109.701 Y106.48 E218.54776
G1 X109.625 Y107.506 E218.56067
G1 X109.701 Y108.52 E218.57342
G1 X109.93 Y109.521 E218.58629
G1 X110.399 Y110.724 E218.60249
G1 X111.12 Y111.78 E218.61852
G1 X111.831 Y112.546 E218.63163
G1 X112.628 Y113.182 E218.64441
G1 X113.745 Y113.828 E218.6606
G1 X114.975 Y114.207 E218.67674
G1 X115.983 Y114.359 E218.68952
G0 F15000 X116.011 Y114.06
G0 X116.475 Y111.671
G0 X116.509 Y111.37
G1 F3300 X115.642 Y111.276 E218.70046
G1 X114.827 Y110.995 E218.71127
G1 X114.09 Y110.527 E218.72222
G1 X113.474 Y109.909 E218.73316
G1 X112.898 Y109.003 E218.74662
G1 X112.654 Y107.94 E218.7603
G1 X112.654 Y106.85 E218.77397
G1 X113.017 Y105.812 E218.78776
G1 X113.473 Y105.087 E218.7985
G1 X114.082 Y104.48 E218.80928
G1 X114.823 Y104.011 E218.82028
G1 X115.643 Y103.724 E218.83117
G1 X116.501 Y103.627 E218.842
G1 X117.367 Y103.72 E218.85292
G1 X118.182 Y104.01 E218.86377
G1 X118.916 Y104.468 E218.87462
G1 X119.533 Y105.09 E218.88561
G1 X119.996 Y105.82 E218.89645
G1 X120.279 Y106.633 E218.90724
G1 X120.374 Y107.492 E218.91808
G1 X120.28 Y108.365 E218.92909
G1 X119.993 Y109.178 E218.9399
G1 X119.538 Y109.907 E218.95068
G1 X118.895 Y110.543 E218.96202
G1 X118.161 Y110.999 E218.97286
G1 X117.361 Y111.28 E218.98349
G1 X116.509 Y111.37 E218.99424
M204 S2000
G0 F15000 X116.442 Y111.969
G1 F1500 E212.49424
;MESH:NONMESH
G0 F600 X116.442 Y111.969 Z8.8
G0 F15000 X118.815 Y110.404
G0 X119.407 Y109.812
G0 X119.849 Y109.108
G0 X120.122 Y108.322
G0 X120.216 Y107.498
G0 X120.12 Y106.672
G0 X117.019 Y100.459
G0 X117.348 Y96.771
;TIME_ELAPSED:561.115971
;LAYER:43
;TYPE:SUPPORT
G1 F1500 E218.99424
G1 F3000 X117.735 Y96.79 E218.99909
G1 X119.101 Y97.041 E219.01651
G1 X120.015 Y97.329 E219.02853
G1 X120.015 Y99.911 E219.06091
G1 X120.682 Y100.232 E219.07019
G1 X121.726 Y100.944 E219.08604
G1 X122.642 Y101.795 E219.10172
G1 X122.682 Y101.845 E219.10252
G1 X123.43 Y102.784 E219.11757
G1 X124.052 Y103.857 E219.13313
G1 X124.524 Y105.075 E219.14951
G1 X124.666 Y105.603 E219.15637
G1 X124.862 Y106.867 E219.17241
G1 X124.862 Y108.125 E219.18818
G1 X124.675 Y109.363 E219.20388
G1 X124.309 Y110.55 E219.21946
G1 X123.76 Y111.695 E219.23538
G1 X123.092 Y112.672 E219.25023
G1 X122.682 Y113.156 E219.25818
G1 X122.682 Y116.322 E219.29788
G1 X121.68 Y116.959 E219.31277
G1 X120.425 Y117.545 E219.33014
G1 X120.015 Y117.675 E219.33554
G1 X120.015 Y115.099 E219.36784
G1 X119.521 Y115.318 E219.37462
G1 X118.357 Y115.673 E219.38988
G1 X117.348 Y115.825 E219.40267
G1 X117.348 Y118.23 E219.43283
G1 X116.316 Y118.279 E219.44579
G1 X114.932 Y118.165 E219.4632
G1 X114.681 Y118.111 E219.46642
G1 X114.681 Y115.679 E219.49692
G1 X114.632 Y115.671 E219.49754
G1 X113.416 Y115.29 E219.51352
G1 X112.81 Y115.021 E219.52184
G1 X112.014 Y114.56 E219.53337
G1 X112.014 Y117.287 E219.56757
G1 X111.003 Y116.772 E219.5818
G1 X109.851 Y115.988 E219.59927
G1 X109.347 Y115.534 E219.60778
G1 X109.347 Y111.846 E219.65403
G1 X109.284 Y111.753 E219.65544
G1 X108.929 Y111.083 E219.66495
G1 X108.492 Y109.97 E219.67994
G1 X108.214 Y108.751 E219.69562
G1 X108.121 Y107.503 E219.71131
G1 X108.214 Y106.246 E219.72712
G1 X108.494 Y105.028 E219.74279
G1 X108.973 Y103.823 E219.75905
G1 X109.276 Y103.259 E219.76708
G1 X109.347 Y103.157 E219.76864
G1 X109.978 Y102.245 E219.78255
G1 X110.83 Y101.332 E219.79821
G1 X111.259 Y100.963 E219.80531
G1 X112.014 Y100.448 E219.81677
G1 X112.014 Y97.713 E219.85106
G1 X112.262 Y97.589 E219.85454
G1 X113.584 Y97.122 E219.87212
G1 X114.681 Y96.888 E219.88619
G1 X114.681 Y99.345 E219.917
G1 X115.254 Y99.212 E219.92438
G1 X116.521 Y99.12 E219.94031
G1 X117.115 Y99.143 E219.94776
G1 X117.348 Y99.177 E219.95072
G1 X117.348 Y96.771 E219.98089
G1 F1500 E213.48089
G0 F15000 X122.682 Y101.845
G1 F1500 E219.98089
G1 F3000 X122.682 Y98.637 E220.02112
G1 X123.945 Y99.7 E220.04182
G1 X125.132 Y100.994 E220.06384
G1 X126.042 Y102.473 E220.08562
G1 X126.607 Y103.733 E220.10293
G1 X127.009 Y105.081 E220.12057
G1 X127.23 Y106.446 E220.13791
G1 X127.277 Y107.861 E220.15567
G1 X127.144 Y109.24 E220.17304
G1 X126.832 Y110.597 E220.1905
G1 X126.6 Y111.273 E220.19947
G1 X126.031 Y112.547 E220.21696
G1 X125.349 Y113.655 E220.23328
G1 X125.349 Y101.347 E220.38763
G1 F1500 E213.88763
G0 F15000 X123.065 Y99.268
G0 X121.766 Y98.383
G0 X120.347 Y97.698
G0 X118.846 Y97.236
G0 X117.344 Y97.01
G0 X116.447 Y96.977
G0 X114.936 Y97.09
G0 X113.454 Y97.427
G0 X112.605 Y97.725
G0 X111.241 Y98.383
G0 X109.984 Y99.238
G0 X109.303 Y99.825
G0 X108.467 Y100.727
G0 X107.578 Y101.952
G0 X109.347 Y103.157
G1 F1500 E220.38763
G1 F3000 X109.347 Y99.465 E220.43393
G1 X108.82 Y99.933 E220.44276
G1 X107.906 Y100.991 E220.4603
G1 X107.147 Y102.145 E220.47762
G1 X106.525 Y103.42 E220.49541
G1 X106.081 Y104.725 E220.5127
G1 X105.811 Y106.095 E220.53021
G1 X105.723 Y107.493 E220.54777
G1 X105.809 Y108.89 E220.56532
G1 X106.076 Y110.246 E220.58266
G1 X106.518 Y111.577 E220.60024
G1 X106.68 Y111.907 E220.60485
G1 X106.68 Y103.102 E220.71527
M204 S3500
G1 F1500 E214.21527
;MESH:The cap.stl
G0 F15000 X109.758 Y105.417
G0 X113.602 Y109.815
G0 X114.19 Y110.404
G0 X116.529 Y111.775
;TYPE:FILL
G1 F1500 E220.71527
G1 F4200 X115.542 Y111.669 E220.72772
G1 X114.652 Y111.356 E220.73955
G1 X113.848 Y110.845 E220.7515
G1 X113.15 Y110.152 E220.76383
G1 X112.529 Y109.167 E220.77843
G1 X112.256 Y107.999 E220.79348
G1 X112.26 Y106.765 E220.80895
G1 X112.641 Y105.66 E220.82361
G1 X113.154 Y104.852 E220.83561
G1 X113.868 Y104.136 E220.84829
G1 X114.648 Y103.65 E220.85982
G1 X115.552 Y103.334 E220.87182
G1 X116.52 Y103.226 E220.88404
G1 X117.467 Y103.33 E220.89599
G1 X118.353 Y103.646 E220.90778
G1 X119.157 Y104.146 E220.91966
G1 X119.852 Y104.848 E220.93204
G1 X120.357 Y105.643 E220.94385
G1 X120.669 Y106.536 E220.95572
G1 X120.773 Y107.491 E220.96776
G1 X120.67 Y108.461 E220.98
G1 X120.355 Y109.349 E220.99181
G1 X119.866 Y110.143 E221.00351
G1 X119.156 Y110.851 E221.01608
G1 X118.36 Y111.353 E221.02788
G1 X117.458 Y111.669 E221.03987
G1 X116.529 Y111.775 E221.05159
G0 F15000 X116.504 Y113.524
G1 F4200 X117.554 Y113.429 E221.06481
G1 X118.56 Y113.161 E221.07787
G1 X119.509 Y112.718 E221.091
G1 X120.379 Y112.109 E221.10432
G1 X121.111 Y111.375 E221.11732
G1 X121.722 Y110.503 E221.13067
G1 X122.165 Y109.553 E221.14382
G1 X122.433 Y108.551 E221.15682
G1 X122.527 Y107.499 E221.17007
G1 X122.432 Y106.447 E221.18332
G1 X122.163 Y105.442 E221.19636
G1 X121.72 Y104.495 E221.20947
G1 X121.113 Y103.629 E221.22274
G1 X120.371 Y102.887 E221.23589
G1 X119.511 Y102.285 E221.24906
G1 X118.545 Y101.836 E221.26242
G1 X117.55 Y101.57 E221.27533
G1 X116.505 Y101.476 E221.28849
G1 X115.45 Y101.571 E221.30177
G1 X114.447 Y101.839 E221.31479
G1 X113.497 Y102.282 E221.32794
G1 X112.634 Y102.887 E221.34116
G1 X111.889 Y103.634 E221.35439
G1 X111.287 Y104.492 E221.36753
G1 X110.839 Y105.455 E221.38085
G1 X110.504 Y106.711 E221.39715
G1 X110.504 Y108.032 E221.41372
G1 X110.732 Y109.316 E221.43007
G1 X111.292 Y110.516 E221.44668
G1 X111.891 Y111.369 E221.45975
G1 X112.635 Y112.113 E221.47294
G1 X113.495 Y112.715 E221.48611
G1 X114.459 Y113.164 E221.49944
G1 X115.455 Y113.43 E221.51237
G1 X116.504 Y113.524 E221.52558
G0 F15000 X112.007 Y108.703
G1 F4200 X111.073 Y108.953 E221.5377
G1 X110.904 Y107.996 E221.54989
G1 X110.904 Y106.763 E221.56535
G1 X111.217 Y105.591 E221.58056
G1 X111.633 Y104.696 E221.59294
G1 X112.198 Y103.891 E221.60527
G1 X112.543 Y103.544 E221.61141
G1 X113.217 Y104.219 E221.62337
G1 X112.832 Y104.612 E221.63027
G1 X112.279 Y105.489 E221.64327
G1 X111.855 Y106.715 E221.65954
G1 X111.859 Y108.057 E221.67637
G1 X112.146 Y109.306 E221.69244
G1 X112.85 Y110.425 E221.70902
G1 X113.608 Y111.167 E221.72232
G1 X114.48 Y111.718 E221.73526
G1 X115.292 Y112.004 E221.74605
G1 X115.05 Y112.907 E221.75778
G1 X115.525 Y113.035 E221.76395
G1 X116.504 Y113.122 E221.77627
G1 X117.485 Y113.033 E221.78862
G1 X118.421 Y112.784 E221.80077
G1 X119.307 Y112.371 E221.81303
G1 X120.122 Y111.8 E221.82551
G1 X120.459 Y111.461 E221.8315
G1 X119.784 Y110.785 E221.84348
G1 X120.189 Y110.383 E221.85064
G1 X120.718 Y109.521 E221.86332
G1 X121.06 Y108.558 E221.87614
G1 X121.176 Y107.481 E221.88972
G1 X121.041 Y106.282 E221.90485
G1 X121.91 Y106.049 E221.91613
G1 X121.784 Y105.576 E221.92227
G1 X121.373 Y104.698 E221.93443
G1 X120.802 Y103.883 E221.94691
G1 X120.117 Y103.198 E221.95906
G1 X119.307 Y102.631 E221.97146
G1 X118.409 Y102.214 E221.98387
G1 X117.949 Y102.09 E221.98985
G1 X117.716 Y102.957 E222.00111
G1 X116.5 Y102.821 E222.01645
G0 F15000 X116.505 Y101.074
G1 F4200 X117.1 Y101.126 E222.02394
G1 X117.261 Y101.083 E222.02603
G1 X118.181 Y101.222 E222.0377
G1 X118.156 Y101.317 E222.03893
G1 X118.689 Y101.461 E222.04585
G1 X119.165 Y101.681 E222.05243
G1 X119.037 Y101.553 E222.0547
G1 X119.749 Y101.897 E222.06462
G1 X120.529 Y102.427 E222.07644
G1 X121.257 Y103.103 E222.0889
G1 X121.854 Y103.851 E222.1009
G1 X122.336 Y104.689 E222.11302
G1 X122.441 Y104.957 E222.11663
G1 X122.323 Y104.839 E222.11873
G1 X122.538 Y105.297 E222.12507
G1 X122.683 Y105.842 E222.13214
G1 X122.78 Y105.816 E222.1334
G1 X122.918 Y106.727 E222.14496
G1 X122.874 Y106.892 E222.1471
G1 X122.929 Y107.498 E222.15473
G1 X122.83 Y108.615 E222.16879
G1 X122.54 Y109.698 E222.18285
G1 X122.07 Y110.705 E222.19679
G1 X121.717 Y111.207 E222.20448
G1 X121.67 Y111.384 E222.20678
G1 X121.433 Y111.734 E222.21208
G1 X121.068 Y112.07 E222.2183
G1 X121.026 Y112.027 E222.21906
G1 X120.638 Y112.418 E222.22596
G1 X120.208 Y112.717 E222.23253
G1 X120.438 Y112.655 E222.23552
G1 X120.356 Y112.733 E222.23694
G1 X119.103 Y113.457 E222.25509
G1 X117.944 Y113.815 E222.2703
G1 X116.99 Y113.959 E222.2824
G1 X116.015 Y113.959 E222.29462
G1 X115.734 Y113.916 E222.29819
G1 X115.9 Y113.871 E222.30035
G1 X115.39 Y113.827 E222.30676
G1 X114.843 Y113.68 E222.31387
G1 X114.827 Y113.741 E222.31466
G1 X114.001 Y113.487 E222.3255
G1 X113.824 Y113.311 E222.32863
G1 X113.293 Y113.064 E222.33597
G1 X112.376 Y112.422 E222.35001
G1 X111.581 Y111.627 E222.36411
G1 X110.944 Y110.718 E222.37803
G1 X110.691 Y110.177 E222.38552
G1 X110.565 Y110.051 E222.38775
G1 X110.225 Y109.18 E222.39948
G1 X110.297 Y109.161 E222.40041
G1 X110.116 Y108.139 E222.41343
G1 X110.082 Y108.265 E222.41506
G1 X110.026 Y107.506 E222.42461
G1 X110.097 Y106.542 E222.43673
G1 X110.314 Y105.59 E222.44897
G1 X110.755 Y104.467 E222.4641
G1 X111.325 Y103.628 E222.47682
G1 X111.278 Y103.803 E222.47909
G1 X111.579 Y103.375 E222.48566
G1 X112.375 Y102.578 E222.49978
G1 X112.8 Y102.279 E222.5063
G1 X112.624 Y102.326 E222.50858
G1 X112.27 Y102.567 E222.51395
G1 X111.93 Y102.932 E222.52021
G1 X111.976 Y102.977 E222.52102
M204 S429
G0 F15000 X112.414 Y107.958
G0 X112.675 Y109.094
G0 X113.288 Y110.066
G0 X113.939 Y110.718
G0 X114.719 Y111.208
G0 X116.431 Y111.666
G0 X116.509 Y110.97
;TYPE:WALL-OUTER
G1 F3000 X115.731 Y110.886 E222.53083
G1 X114.978 Y110.618 E222.54085
G1 X114.34 Y110.214 E222.55032
G1 X113.788 Y109.661 E222.56012
G1 X113.274 Y108.843 E222.57224
G1 X113.053 Y107.879 E222.58464
G1 X113.057 Y106.902 E222.59689
G1 X113.367 Y106.01 E222.60873
G1 X113.779 Y105.351 E222.61848
G1 X114.337 Y104.788 E222.62842
G1 X114.997 Y104.371 E222.63821
G1 X115.731 Y104.114 E222.64796
G1 X116.493 Y104.03 E222.65758
G1 X117.287 Y104.117 E222.66759
G1 X118.008 Y104.371 E222.67718
G1 X118.65 Y104.775 E222.68669
G1 X119.219 Y105.34 E222.69675
G1 X119.638 Y106.009 E222.70665
G1 X119.881 Y106.705 E222.71589
G1 X119.974 Y107.492 E222.72583
G1 X119.882 Y108.29 E222.7359
G1 X119.632 Y109.004 E222.74539
G1 X119.228 Y109.647 E222.75491
G1 X118.675 Y110.205 E222.76476
G1 X118.001 Y110.632 E222.77477
G1 X117.287 Y110.883 E222.78426
G1 X116.509 Y110.97 E222.79408
G0 F15000 X116.311 Y110.949
G0 X116.233 Y111.644
G0 X116.011 Y114.06
G0 X115.953 Y114.759
G1 F3000 X117.052 Y114.759 E222.80786
G1 X118.12 Y114.598 E222.8214
G1 X119.424 Y114.195 E222.83852
G1 X120.606 Y113.512 E222.85564
G1 X121.033 Y113.197 E222.86229
G1 X122.046 Y112.257 E222.87962
G1 X122.803 Y111.143 E222.89651
G1 X123.281 Y110.15 E222.91033
G1 X123.601 Y109.115 E222.92392
G1 X123.762 Y108.049 E222.93744
G1 X123.762 Y106.949 E222.95123
G1 X123.559 Y105.614 E222.96817
G1 X123.06 Y104.341 E222.98531
G1 X122.516 Y103.399 E222.99895
G1 X121.843 Y102.556 E223.01248
G1 X121.033 Y101.803 E223.02635
G1 X120.146 Y101.2 E223.0398
G1 X119.153 Y100.721 E223.05363
G1 X118.125 Y100.404 E223.06712
G1 X116.772 Y100.201 E223.08427
G1 X115.42 Y100.304 E223.10128
G1 X114.094 Y100.605 E223.11833
G1 X112.86 Y101.2 E223.13551
G1 X111.748 Y101.954 E223.15236
G1 X110.806 Y102.97 E223.16973
G1 X110.045 Y104.086 E223.18667
G1 X109.547 Y105.355 E223.20377
G1 X109.304 Y106.42 E223.21746
G1 X109.224 Y107.506 E223.23112
G1 X109.304 Y108.58 E223.24463
G1 X109.546 Y109.639 E223.25825
G1 X110.044 Y110.913 E223.2754
G1 X110.806 Y112.03 E223.29236
G1 X111.558 Y112.84 E223.30622
G1 X112.402 Y113.514 E223.31976
G1 X113.584 Y114.197 E223.33688
G1 X114.886 Y114.598 E223.35397
G1 X115.953 Y114.759 E223.3675
M204 S1500
G0 F15000 X116.153 Y114.759
G0 X115.983 Y114.359
;TYPE:WALL-INNER
G1 F3300 X117.022 Y114.359 E223.38053
G1 X118.031 Y114.207 E223.39333
G1 X119.263 Y113.826 E223.4095
G1 X120.596 Y113.055 E223.42881
G1 X121.738 Y111.997 E223.44833
G1 X122.455 Y110.943 E223.46432
G1 X122.907 Y110.004 E223.47739
G1 X123.21 Y109.025 E223.49024
G1 X123.362 Y108.019 E223.503
G1 X123.362 Y106.979 E223.51604
G1 X123.17 Y105.718 E223.53203
G1 X122.698 Y104.515 E223.54824
G1 X122.185 Y103.625 E223.56112
G1 X121.549 Y102.829 E223.5739
G1 X120.783 Y102.117 E223.58701
G1 X119.946 Y101.548 E223.59971
G1 X119.006 Y101.095 E223.61279
G1 X118.036 Y100.795 E223.62552
G1 X116.759 Y100.604 E223.64172
G1 X115.48 Y100.7 E223.6578
G1 X114.227 Y100.985 E223.67391
G1 X113.06 Y101.548 E223.69016
G1 X112.008 Y102.261 E223.7061
G1 X111.12 Y103.22 E223.72249
G1 X110.398 Y104.28 E223.73857
G1 X109.931 Y105.473 E223.75464
G1 X109.701 Y106.48 E223.76759
G1 X109.625 Y107.506 E223.78049
G1 X109.701 Y108.52 E223.79325
G1 X109.93 Y109.521 E223.80612
G1 X110.399 Y110.724 E223.82232
G1 X111.12 Y111.78 E223.83835
G1 X111.831 Y112.546 E223.85146
G1 X112.628 Y113.182 E223.86424
G1 X113.745 Y113.828 E223.88042
G1 X114.975 Y114.207 E223.89656
G1 X115.983 Y114.359 E223.90935
G0 F15000 X116.011 Y114.06
G0 X116.475 Y111.671
G0 X116.509 Y111.37
G1 F3300 X115.642 Y111.276 E223.92028
G1 X114.827 Y110.995 E223.9311
G1 X114.09 Y110.527 E223.94204
G1 X113.474 Y109.909 E223.95299
G1 X112.898 Y109.003 E223.96645
G1 X112.654 Y107.94 E223.98013
G1 X112.654 Y106.85 E223.9938
G1 X113.017 Y105.812 E224.00759
G1 X113.473 Y105.087 E224.01833
G1 X114.082 Y104.48 E224.02911
G1 X114.823 Y104.011 E224.04011
G1 X115.643 Y103.724 E224.051
G1 X116.501 Y103.627 E224.06183
G1 X117.367 Y103.72 E224.07275
G1 X118.182 Y104.01 E224.0836
G1 X118.916 Y104.468 E224.09445
G1 X119.533 Y105.09 E224.10544
G1 X119.996 Y105.82 E224.11628
G1 X120.279 Y106.633 E224.12707
G1 X120.374 Y107.492 E224.13791
G1 X120.28 Y108.365 E224.14892
G1 X119.993 Y109.178 E224.15973
G1 X119.538 Y109.907 E224.17051
G1 X118.895 Y110.543 E224.18185
G1 X118.161 Y110.999 E224.19269
G1 X117.361 Y111.28 E224.20332
G1 X116.509 Y111.37 E224.21406
M204 S2000
G0 F15000 X116.442 Y111.969
G1 F1500 E217.71406
;MESH:NONMESH
G0 F600 X116.442 Y111.969 Z9
G0 F15000 X118.815 Y110.404
G0 X119.407 Y109.812
G0 X119.849 Y109.108
G0 X120.122 Y108.322
G0 X120.216 Y107.498
G0 X120.12 Y106.672
G0 X117.019 Y100.459
G0 X117.348 Y96.771
;TIME_ELAPSED:573.129312
;LAYER:44
;TYPE:SUPPORT
G1 F1500 E224.21406
G1 F3000 X117.735 Y96.79 E224.21892
G1 X119.101 Y97.041 E224.23634
G1 X120.015 Y97.329 E224.24836
G1 X120.015 Y99.911 E224.28074
G1 X120.682 Y100.232 E224.29002
G1 X121.726 Y100.944 E224.30587
G1 X122.642 Y101.795 E224.32155
G1 X122.682 Y101.845 E224.32235
G1 X123.43 Y102.784 E224.3374
G1 X124.052 Y103.857 E224.35296
G1 X124.524 Y105.075 E224.36934
G1 X124.666 Y105.603 E224.37619
G1 X124.862 Y106.867 E224.39223
G1 X124.862 Y108.125 E224.40801
G1 X124.675 Y109.363 E224.42371
G1 X124.309 Y110.55 E224.43929
G1 X123.76 Y111.695 E224.45521
G1 X123.092 Y112.672 E224.47005
G1 X122.682 Y113.156 E224.47801
G1 X122.682 Y116.322 E224.51771
G1 X121.68 Y116.959 E224.5326
G1 X120.425 Y117.545 E224.54997
G1 X120.015 Y117.675 E224.55536
G1 X120.015 Y115.099 E224.58767
G1 X119.521 Y115.318 E224.59444
G1 X118.357 Y115.673 E224.60971
G1 X117.348 Y115.825 E224.6225
G1 X117.348 Y118.23 E224.65266
G1 X116.316 Y118.279 E224.66562
G1 X114.932 Y118.165 E224.68303
G1 X114.681 Y118.111 E224.68625
G1 X114.681 Y115.679 E224.71675
G1 X114.632 Y115.671 E224.71737
G1 X113.416 Y115.29 E224.73335
G1 X112.81 Y115.021 E224.74167
G1 X112.014 Y114.56 E224.7532
G1 X112.014 Y117.287 E224.7874
G1 X111.003 Y116.772 E224.80163
G1 X109.851 Y115.988 E224.8191
G1 X109.347 Y115.534 E224.82761
G1 X109.347 Y111.846 E224.87386
G1 X109.284 Y111.753 E224.87527
G1 X108.929 Y111.083 E224.88478
G1 X108.492 Y109.97 E224.89977
G1 X108.214 Y108.751 E224.91545
G1 X108.121 Y107.503 E224.93114
G1 X108.214 Y106.246 E224.94695
G1 X108.494 Y105.028 E224.96262
G1 X108.973 Y103.823 E224.97888
G1 X109.276 Y103.259 E224.98691
G1 X109.347 Y103.157 E224.98847
G1 X109.978 Y102.245 E225.00238
G1 X110.83 Y101.332 E225.01804
G1 X111.259 Y100.963 E225.02513
G1 X112.014 Y100.448 E225.0366
G1 X112.014 Y97.713 E225.07089
G1 X112.262 Y97.589 E225.07437
G1 X113.584 Y97.122 E225.09195
G1 X114.681 Y96.888 E225.10602
G1 X114.681 Y99.345 E225.13683
G1 X115.254 Y99.212 E225.14421
G1 X116.521 Y99.12 E225.16014
G1 X117.115 Y99.143 E225.16759
G1 X117.348 Y99.177 E225.17055
G1 X117.348 Y96.771 E225.20072
G1 F1500 E218.70072
G0 F15000 X122.682 Y101.845
G1 F1500 E225.20072
G1 F3000 X122.682 Y98.637 E225.24095
G1 X123.945 Y99.7 E225.26165
G1 X125.132 Y100.994 E225.28367
G1 X126.042 Y102.473 E225.30545
G1 X126.607 Y103.733 E225.32276
G1 X127.009 Y105.081 E225.3404
G1 X127.23 Y106.446 E225.35774
G1 X127.277 Y107.861 E225.3755
G1 X127.144 Y109.24 E225.39287
G1 X126.832 Y110.597 E225.41033
G1 X126.6 Y111.273 E225.4193
G1 X126.031 Y112.547 E225.43679
G1 X125.349 Y113.655 E225.45311
G1 X125.349 Y101.347 E225.60746
G1 F1500 E219.10746
G0 F15000 X123.065 Y99.268
G0 X121.766 Y98.383
G0 X120.347 Y97.698
G0 X118.846 Y97.236
G0 X117.344 Y97.01
G0 X116.447 Y96.977
G0 X114.936 Y97.09
G0 X113.454 Y97.427
G0 X112.605 Y97.725
G0 X111.241 Y98.383
G0 X109.984 Y99.238
G0 X109.303 Y99.825
G0 X108.467 Y100.727
G0 X107.578 Y101.952
G0 X109.347 Y103.157
G1 F1500 E225.60746
G1 F3000 X109.347 Y99.465 E225.65375
G1 X108.82 Y99.933 E225.66259
G1 X107.906 Y100.991 E225.68013
G1 X107.147 Y102.145 E225.69745
G1 X106.525 Y103.42 E225.71524
G1 X106.081 Y104.725 E225.73252
G1 X105.811 Y106.095 E225.75003
G1 X105.723 Y107.493 E225.7676
G1 X105.809 Y108.89 E225.78515
G1 X106.076 Y110.246 E225.80248
G1 X106.518 Y111.577 E225.82007
G1 X106.68 Y111.907 E225.82468
G1 X106.68 Y103.102 E225.9351
M204 S3500
G1 F1500 E219.4351
;MESH:The cap.stl
G0 F15000 X109.758 Y105.417
G0 X113.602 Y109.815
G0 X114.19 Y110.404
G0 X116.529 Y111.775
;TYPE:FILL
G1 F1500 E225.9351
G1 F4200 X115.542 Y111.669 E225.94755
G1 X114.652 Y111.356 E225.95938
G1 X113.848 Y110.845 E225.97133
G1 X113.15 Y110.152 E225.98366
G1 X112.529 Y109.167 E225.99826
G1 X112.256 Y107.999 E226.0133
G1 X112.26 Y106.765 E226.02878
G1 X112.641 Y105.66 E226.04344
G1 X113.154 Y104.852 E226.05544
G1 X113.868 Y104.136 E226.06812
G1 X114.648 Y103.65 E226.07964
G1 X115.552 Y103.334 E226.09165
G1 X116.52 Y103.226 E226.10387
G1 X117.467 Y103.33 E226.11582
G1 X118.353 Y103.646 E226.12761
G1 X119.157 Y104.146 E226.13948
G1 X119.852 Y104.848 E226.15187
G1 X120.357 Y105.643 E226.16368
G1 X120.669 Y106.536 E226.17555
G1 X120.773 Y107.491 E226.18759
G1 X120.67 Y108.461 E226.19983
G1 X120.355 Y109.349 E226.21164
G1 X119.866 Y110.143 E226.22333
G1 X119.156 Y110.851 E226.23591
G1 X118.36 Y111.353 E226.24771
G1 X117.458 Y111.669 E226.2597
G1 X116.529 Y111.775 E226.27142
G0 F15000 X116.504 Y113.524
G1 F4200 X117.554 Y113.429 E226.28464
G1 X118.56 Y113.161 E226.2977
G1 X119.509 Y112.718 E226.31083
G1 X120.379 Y112.109 E226.32415
G1 X121.111 Y111.375 E226.33715
G1 X121.722 Y110.503 E226.3505
G1 X122.165 Y109.553 E226.36365
G1 X122.433 Y108.551 E226.37665
G1 X122.527 Y107.499 E226.3899
G1 X122.432 Y106.447 E226.40314
G1 X122.163 Y105.442 E226.41619
G1 X121.72 Y104.495 E226.4293
G1 X121.113 Y103.629 E226.44256
G1 X120.371 Y102.887 E226.45572
G1 X119.511 Y102.285 E226.46889
G1 X118.545 Y101.836 E226.48225
G1 X117.55 Y101.57 E226.49516
G1 X116.505 Y101.476 E226.50832
G1 X115.45 Y101.571 E226.5216
G1 X114.447 Y101.839 E226.53462
G1 X113.497 Y102.282 E226.54777
G1 X112.634 Y102.887 E226.56098
G1 X111.889 Y103.634 E226.57421
G1 X111.287 Y104.492 E226.58736
G1 X110.839 Y105.455 E226.60068
G1 X110.504 Y106.711 E226.61698
G1 X110.504 Y108.032 E226.63354
G1 X110.732 Y109.316 E226.6499
G1 X111.292 Y110.516 E226.6665
G1 X111.891 Y111.369 E226.67958
G1 X112.635 Y112.113 E226.69277
G1 X113.495 Y112.715 E226.70594
G1 X114.459 Y113.164 E226.71927
G1 X115.455 Y113.43 E226.7322
G1 X116.504 Y113.524 E226.74541
G0 F15000 X112.007 Y108.703
G1 F4200 X111.073 Y108.953 E226.75753
G1 X110.904 Y107.996 E226.76972
G1 X110.904 Y106.763 E226.78518
G1 X111.217 Y105.591 E226.80039
G1 X111.633 Y104.696 E226.81277
G1 X112.198 Y103.891 E226.8251
G1 X112.543 Y103.544 E226.83124
G1 X113.217 Y104.219 E226.8432
G1 X112.832 Y104.612 E226.8501
G1 X112.279 Y105.489 E226.8631
G1 X111.855 Y106.715 E226.87937
G1 X111.859 Y108.057 E226.8962
G1 X112.146 Y109.306 E226.91227
G1 X112.85 Y110.425 E226.92885
G1 X113.608 Y111.167 E226.94215
G1 X114.48 Y111.718 E226.95509
G1 X115.292 Y112.004 E226.96588
G1 X115.05 Y112.907 E226.97761
G1 X115.525 Y113.035 E226.98378
G1 X116.504 Y113.122 E226.9961
G1 X117.485 Y113.033 E227.00845
G1 X118.421 Y112.784 E227.0206
G1 X119.307 Y112.371 E227.03286
G1 X120.122 Y111.8 E227.04534
G1 X120.459 Y111.461 E227.05133
G1 X119.784 Y110.785 E227.06331
G1 X120.189 Y110.383 E227.07047
G1 X120.718 Y109.521 E227.08315
G1 X121.06 Y108.558 E227.09597
G1 X121.176 Y107.481 E227.10955
G1 X121.041 Y106.282 E227.12468
G1 X121.91 Y106.049 E227.13596
G1 X121.784 Y105.576 E227.1421
G1 X121.373 Y104.698 E227.15426
G1 X120.802 Y103.883 E227.16674
G1 X120.117 Y103.198 E227.17889
G1 X119.307 Y102.631 E227.19129
G1 X118.409 Y102.214 E227.2037
G1 X117.949 Y102.09 E227.20968
G1 X117.716 Y102.957 E227.22093
G1 X116.5 Y102.821 E227.23628
G0 F15000 X116.505 Y101.074
G1 F4200 X117.1 Y101.126 E227.24377
G1 X117.261 Y101.083 E227.24586
G1 X118.181 Y101.222 E227.25753
G1 X118.156 Y101.317 E227.25876
G1 X118.689 Y101.461 E227.26568
G1 X119.165 Y101.681 E227.27226
G1 X119.037 Y101.553 E227.27453
G1 X119.749 Y101.897 E227.28444
G1 X120.529 Y102.427 E227.29627
G1 X121.257 Y103.103 E227.30873
G1 X121.854 Y103.851 E227.32073
G1 X122.336 Y104.689 E227.33285
G1 X122.441 Y104.957 E227.33646
G1 X122.323 Y104.839 E227.33856
G1 X122.538 Y105.297 E227.3449
G1 X122.683 Y105.842 E227.35197
G1 X122.78 Y105.816 E227.35323
G1 X122.918 Y106.727 E227.36479
G1 X122.874 Y106.892 E227.36693
G1 X122.929 Y107.498 E227.37456
G1 X122.83 Y108.615 E227.38862
G1 X122.54 Y109.698 E227.40268
G1 X122.07 Y110.705 E227.41662
G1 X121.717 Y111.207 E227.42431
G1 X121.67 Y111.384 E227.42661
G1 X121.433 Y111.734 E227.43191
G1 X121.068 Y112.07 E227.43813
G1 X121.026 Y112.027 E227.43889
G1 X120.638 Y112.418 E227.44579
G1 X120.208 Y112.717 E227.45236
G1 X120.438 Y112.655 E227.45535
G1 X120.356 Y112.733 E227.45677
G1 X119.103 Y113.457 E227.47491
G1 X117.944 Y113.815 E227.49013
G1 X116.99 Y113.959 E227.50223
G1 X116.015 Y113.959 E227.51445
G1 X115.734 Y113.916 E227.51802
G1 X115.9 Y113.871 E227.52017
G1 X115.39 Y113.827 E227.52659
G1 X114.843 Y113.68 E227.5337
G1 X114.827 Y113.741 E227.53449
G1 X114.001 Y113.487 E227.54532
G1 X113.824 Y113.311 E227.54845
G1 X113.293 Y113.064 E227.5558
G1 X112.376 Y112.422 E227.56984
G1 X111.581 Y111.627 E227.58394
G1 X110.944 Y110.718 E227.59785
G1 X110.691 Y110.177 E227.60534
G1 X110.565 Y110.051 E227.60758
G1 X110.225 Y109.18 E227.6193
G1 X110.297 Y109.161 E227.62024
G1 X110.116 Y108.139 E227.63325
G1 X110.082 Y108.265 E227.63489
G1 X110.026 Y107.506 E227.64443
G1 X110.097 Y106.542 E227.65656
G1 X110.314 Y105.59 E227.6688
G1 X110.755 Y104.467 E227.68393
G1 X111.325 Y103.628 E227.69665
G1 X111.278 Y103.803 E227.69892
G1 X111.579 Y103.375 E227.70548
G1 X112.375 Y102.578 E227.71961
G1 X112.8 Y102.279 E227.72613
G1 X112.624 Y102.326 E227.72841
G1 X112.27 Y102.567 E227.73378
G1 X111.93 Y102.932 E227.74004
G1 X111.976 Y102.977 E227.74084
M204 S429
G0 F15000 X112.414 Y107.958
G0 X112.675 Y109.094
G0 X113.288 Y110.066
G0 X113.939 Y110.718
G0 X114.719 Y111.208
G0 X116.431 Y111.666
G0 X116.509 Y110.97
;TYPE:WALL-OUTER
G1 F3000 X115.731 Y110.886 E227.75066
G1 X114.978 Y110.618 E227.76068
G1 X114.34 Y110.214 E227.77015
G1 X113.788 Y109.661 E227.77995
G1 X113.274 Y108.843 E227.79206
G1 X113.053 Y107.879 E227.80447
G1 X113.057 Y106.902 E227.81672
G1 X113.367 Y106.01 E227.82856
G1 X113.779 Y105.351 E227.83831
G1 X114.337 Y104.788 E227.84825
G1 X114.997 Y104.371 E227.85804
G1 X115.731 Y104.114 E227.86779
G1 X116.493 Y104.03 E227.8774
G1 X117.287 Y104.117 E227.88742
G1 X118.008 Y104.371 E227.89701
G1 X118.65 Y104.775 E227.90652
G1 X119.219 Y105.34 E227.91657
G1 X119.638 Y106.009 E227.92647
G1 X119.881 Y106.705 E227.93572
G1 X119.974 Y107.492 E227.94566
G1 X119.882 Y108.29 E227.95573
G1 X119.632 Y109.004 E227.96522
G1 X119.228 Y109.647 E227.97474
G1 X118.675 Y110.205 E227.98459
G1 X118.001 Y110.632 E227.9946
G1 X117.287 Y110.883 E228.00409
G1 X116.509 Y110.97 E228.01391
G0 F15000 X116.311 Y110.949
G0 X116.233 Y111.644
G0 X116.011 Y114.06
G0 X115.953 Y114.759
G1 F3000 X117.052 Y114.759 E228.02769
G1 X118.12 Y114.598 E228.04123
G1 X119.424 Y114.195 E228.05835
G1 X120.606 Y113.512 E228.07547
G1 X121.033 Y113.197 E228.08212
G1 X122.046 Y112.257 E228.09945
G1 X122.803 Y111.143 E228.11634
G1 X123.281 Y110.15 E228.13016
G1 X123.601 Y109.115 E228.14375
G1 X123.762 Y108.049 E228.15727
G1 X123.762 Y106.949 E228.17106
G1 X123.559 Y105.614 E228.18799
G1 X123.06 Y104.341 E228.20514
G1 X122.516 Y103.399 E228.21878
G1 X121.843 Y102.556 E228.23231
G1 X121.033 Y101.803 E228.24618
G1 X120.146 Y101.2 E228.25963
G1 X119.153 Y100.721 E228.27345
G1 X118.125 Y100.404 E228.28695
G1 X116.772 Y100.201 E228.3041
G1 X115.42 Y100.304 E228.32111
G1 X114.094 Y100.605 E228.33816
G1 X112.86 Y101.2 E228.35534
G1 X111.748 Y101.954 E228.37219
G1 X110.806 Y102.97 E228.38956
G1 X110.045 Y104.086 E228.4065
G1 X109.547 Y105.355 E228.42359
G1 X109.304 Y106.42 E228.43729
G1 X109.224 Y107.506 E228.45095
G1 X109.304 Y108.58 E228.46445
G1 X109.546 Y109.639 E228.47808
G1 X110.044 Y110.913 E228.49523
G1 X110.806 Y112.03 E228.51219
G1 X111.558 Y112.84 E228.52605
G1 X112.402 Y113.514 E228.53959
G1 X113.584 Y114.197 E228.55671
G1 X114.886 Y114.598 E228.5738
G1 X115.953 Y114.759 E228.58733
M204 S1500
G0 F15000 X116.153 Y114.759
G0 X115.983 Y114.359
;TYPE:WALL-INNER
G1 F3300 X117.022 Y114.359 E228.60036
G1 X118.031 Y114.207 E228.61315
G1 X119.263 Y113.826 E228.62933
G1 X120.596 Y113.055 E228.64864
G1 X121.738 Y111.997 E228.66816
G1 X122.455 Y110.943 E228.68415
G1 X122.907 Y110.004 E228.69721
G1 X123.21 Y109.025 E228.71007
G1 X123.362 Y108.019 E228.72282
G1 X123.362 Y106.979 E228.73587
G1 X123.17 Y105.718 E228.75186
G1 X122.698 Y104.515 E228.76807
G1 X122.185 Y103.625 E228.78095
G1 X121.549 Y102.829 E228.79373
G1 X120.783 Y102.117 E228.80684
G1 X119.946 Y101.548 E228.81953
G1 X119.006 Y101.095 E228.83262
G1 X118.036 Y100.795 E228.84535
G1 X116.759 Y100.604 E228.86154
G1 X115.48 Y100.7 E228.87763
G1 X114.227 Y100.985 E228.89374
G1 X113.06 Y101.548 E228.90999
G1 X112.008 Y102.261 E228.92593
G1 X111.12 Y103.22 E228.94232
G1 X110.398 Y104.28 E228.9584
G1 X109.931 Y105.473 E228.97447
G1 X109.701 Y106.48 E228.98742
G1 X109.625 Y107.506 E229.00032
G1 X109.701 Y108.52 E229.01307
G1 X109.93 Y109.521 E229.02595
G1 X110.399 Y110.724 E229.04214
G1 X111.12 Y111.78 E229.05818
G1 X111.831 Y112.546 E229.07128
G1 X112.628 Y113.182 E229.08407
G1 X113.745 Y113.828 E229.10025
G1 X114.975 Y114.207 E229.11639
G1 X115.983 Y114.359 E229.12918
G0 F15000 X116.011 Y114.06
G0 X116.475 Y111.671
G0 X116.509 Y111.37
G1 F3300 X115.642 Y111.276 E229.14011
G1 X114.827 Y110.995 E229.15092
G1 X114.09 Y110.527 E229.16187
G1 X113.474 Y109.909 E229.17281
G1 X112.898 Y109.003 E229.18628
G1 X112.654 Y107.94 E229.19996
G1 X112.654 Y106.85 E229.21362
G1 X113.017 Y105.812 E229.22741
G1 X113.473 Y105.087 E229.23815
G1 X114.082 Y104.48 E229.24894
G1 X114.823 Y104.011 E229.25993
G1 X115.643 Y103.724 E229.27083
G1 X116.501 Y103.627 E229.28166
G1 X117.367 Y103.72 E229.29258
G1 X118.182 Y104.01 E229.30343
G1 X118.916 Y104.468 E229.31428
G1 X119.533 Y105.09 E229.32526
G1 X119.996 Y105.82 E229.33611
G1 X120.279 Y106.633 E229.3469
G1 X120.374 Y107.492 E229.35774
G1 X120.28 Y108.365 E229.36875
G1 X119.993 Y109.178 E229.37956
G1 X119.538 Y109.907 E229.39034
G1 X118.895 Y110.543 E229.40168
G1 X118.161 Y110.999 E229.41252
G1 X117.361 Y111.28 E229.42315
G1 X116.509 Y111.37 E229.43389
M204 S2000
G0 F15000 X116.442 Y111.969
G1 F1500 E222.93389
;MESH:NONMESH
G0 F600 X116.442 Y111.969 Z9.2
G0 F15000 X118.815 Y110.404
G0 X119.407 Y109.812
G0 X119.849 Y109.108
G0 X120.122 Y108.322
G0 X120.216 Y107.498
G0 X120.12 Y106.672
G0 X117.019 Y100.459
G0 X117.348 Y96.771
;TIME_ELAPSED:585.142652
;LAYER:45
;TYPE:SUPPORT
G1 F1500 E229.43389
G1 F3000 X117.735 Y96.79 E229.43875
G1 X119.101 Y97.041 E229.45617
G1 X120.015 Y97.329 E229.46819
G1 X120.015 Y99.911 E229.50057
G1 X120.682 Y100.232 E229.50985
G1 X121.726 Y100.944 E229.52569
G1 X122.642 Y101.795 E229.54137
G1 X122.682 Y101.845 E229.54218
G1 X123.43 Y102.784 E229.55723
G1 X124.052 Y103.857 E229.57278
G1 X124.524 Y105.075 E229.58917
G1 X124.666 Y105.603 E229.59602
G1 X124.862 Y106.867 E229.61206
G1 X124.862 Y108.125 E229.62784
G1 X124.675 Y109.363 E229.64354
G1 X124.309 Y110.55 E229.65912
G1 X123.76 Y111.695 E229.67504
G1 X123.092 Y112.672 E229.68988
G1 X122.682 Y113.156 E229.69784
G1 X122.682 Y116.322 E229.73754
G1 X121.68 Y116.959 E229.75243
G1 X120.425 Y117.545 E229.7698
G1 X120.015 Y117.675 E229.77519
G1 X120.015 Y115.099 E229.8075
G1 X119.521 Y115.318 E229.81427
G1 X118.357 Y115.673 E229.82953
G1 X117.348 Y115.825 E229.84233
G1 X117.348 Y118.23 E229.87249
G1 X116.316 Y118.279 E229.88545
G1 X114.932 Y118.165 E229.90286
G1 X114.681 Y118.111 E229.90608
G1 X114.681 Y115.679 E229.93658
G1 X114.632 Y115.671 E229.9372
G1 X113.416 Y115.29 E229.95318
G1 X112.81 Y115.021 E229.9615
G1 X112.014 Y114.56 E229.97303
G1 X112.014 Y117.287 E230.00723
G1 X111.003 Y116.772 E230.02146
G1 X109.851 Y115.988 E230.03893
G1 X109.347 Y115.534 E230.04744
G1 X109.347 Y111.846 E230.09369
G1 X109.284 Y111.753 E230.0951
G1 X108.929 Y111.083 E230.1046
G1 X108.492 Y109.97 E230.1196
G1 X108.214 Y108.751 E230.13528
G1 X108.121 Y107.503 E230.15097
G1 X108.214 Y106.246 E230.16678
G1 X108.494 Y105.028 E230.18245
G1 X108.973 Y103.823 E230.19871
G1 X109.276 Y103.259 E230.20674
G1 X109.347 Y103.157 E230.2083
G1 X109.978 Y102.245 E230.22221
G1 X110.83 Y101.332 E230.23787
G1 X111.259 Y100.963 E230.24496
G1 X112.014 Y100.448 E230.25642
G1 X112.014 Y97.713 E230.29072
G1 X112.262 Y97.589 E230.2942
G1 X113.584 Y97.122 E230.31178
G1 X114.681 Y96.888 E230.32585
G1 X114.681 Y99.345 E230.35666
G1 X115.254 Y99.212 E230.36404
G1 X116.521 Y99.12 E230.37997
G1 X117.115 Y99.143 E230.38742
G1 X117.348 Y99.177 E230.39037
G1 X117.348 Y96.771 E230.42055
G1 F1500 E223.92055
G0 F15000 X122.682 Y101.845
G1 F1500 E230.42055
G1 F3000 X122.682 Y98.637 E230.46078
G1 X123.945 Y99.7 E230.48148
G1 X125.132 Y100.994 E230.5035
G1 X126.042 Y102.473 E230.52527
G1 X126.607 Y103.733 E230.54259
G1 X127.009 Y105.081 E230.56023
G1 X127.23 Y106.446 E230.57757
G1 X127.277 Y107.861 E230.59533
G1 X127.144 Y109.24 E230.6127
G1 X126.832 Y110.597 E230.63016
G1 X126.6 Y111.273 E230.63912
G1 X126.031 Y112.547 E230.65662
G1 X125.349 Y113.655 E230.67294
G1 X125.349 Y101.347 E230.82728
G1 F1500 E224.32728
G0 F15000 X123.065 Y99.268
G0 X121.766 Y98.383
G0 X120.347 Y97.698
G0 X118.846 Y97.236
G0 X117.344 Y97.01
G0 X116.447 Y96.977
G0 X114.936 Y97.09
G0 X113.454 Y97.427
G0 X112.605 Y97.725
G0 X111.241 Y98.383
G0 X109.984 Y99.238
G0 X109.303 Y99.825
G0 X108.467 Y100.727
G0 X107.578 Y101.952
G0 X109.347 Y103.157
G1 F1500 E230.82728
G1 F3000 X109.347 Y99.465 E230.87358
G1 X108.82 Y99.933 E230.88242
G1 X107.906 Y100.991 E230.89995
G1 X107.147 Y102.145 E230.91728
G1 X106.525 Y103.42 E230.93507
G1 X106.081 Y104.725 E230.95235
G1 X105.811 Y106.095 E230.96986
G1 X105.723 Y107.493 E230.98743
G1 X105.809 Y108.89 E231.00498
G1 X106.076 Y110.246 E231.02231
G1 X106.518 Y111.577 E231.0399
G1 X106.68 Y111.907 E231.04451
G1 X106.68 Y103.102 E231.15493
M204 S3500
G1 F1500 E224.65493
;MESH:The cap.stl
G0 F15000 X110.386 Y103.975
G0 X111.976 Y102.977
;TYPE:FILL
G1 F1500 E231.15493
G1 F4200 X111.93 Y102.932 E231.15574
G1 X112.27 Y102.567 E231.16199
G1 X112.624 Y102.326 E231.16736
G1 X112.802 Y102.278 E231.16967
G1 X112.374 Y102.579 E231.17623
G1 X111.58 Y103.374 E231.19032
G1 X111.278 Y103.804 E231.19691
G1 X111.325 Y103.628 E231.1992
G1 X110.755 Y104.467 E231.21192
G1 X110.314 Y105.59 E231.22705
G1 X110.097 Y106.542 E231.23929
G1 X110.026 Y107.506 E231.25141
G1 X110.082 Y108.265 E231.26096
G1 X110.116 Y108.14 E231.26258
G1 X110.297 Y109.161 E231.27559
G1 X110.225 Y109.18 E231.27652
G1 X110.565 Y110.051 E231.28825
G1 X110.691 Y110.177 E231.29048
G1 X110.942 Y110.715 E231.29792
G1 X111.583 Y111.629 E231.31192
G1 X112.375 Y112.421 E231.32597
G1 X113.295 Y113.065 E231.34005
G1 X113.825 Y113.312 E231.34739
G1 X114.001 Y113.487 E231.3505
G1 X114.827 Y113.741 E231.36134
G1 X114.843 Y113.68 E231.36213
G1 X115.389 Y113.827 E231.36922
G1 X115.901 Y113.871 E231.37566
G1 X115.734 Y113.916 E231.37783
G1 X116.015 Y113.959 E231.3814
G1 X116.99 Y113.959 E231.39362
G1 X117.944 Y113.815 E231.40572
G1 X119.103 Y113.457 E231.42093
G1 X120.356 Y112.733 E231.43908
G1 X120.438 Y112.655 E231.4405
G1 X120.208 Y112.717 E231.44349
G1 X120.636 Y112.419 E231.45003
G1 X121.025 Y112.026 E231.45696
G1 X121.068 Y112.07 E231.45773
G1 X121.433 Y111.734 E231.46395
G1 X121.67 Y111.384 E231.46926
G1 X121.718 Y111.206 E231.47157
G1 X122.068 Y110.707 E231.47921
G1 X122.54 Y109.698 E231.49318
G1 X122.83 Y108.614 E231.50725
G1 X122.928 Y107.498 E231.5213
G1 X122.874 Y106.892 E231.52893
G1 X122.918 Y106.727 E231.53107
G1 X122.78 Y105.816 E231.54263
G1 X122.683 Y105.842 E231.54389
G1 X122.538 Y105.299 E231.55093
G1 X122.321 Y104.837 E231.55733
G1 X122.441 Y104.957 E231.55946
G1 X122.336 Y104.689 E231.56307
G1 X121.854 Y103.851 E231.5752
G1 X121.257 Y103.103 E231.5872
G1 X120.529 Y102.427 E231.59966
G1 X119.749 Y101.897 E231.61148
G1 X119.037 Y101.553 E231.6214
G1 X119.165 Y101.681 E231.62367
G1 X118.694 Y101.462 E231.63018
G1 X118.156 Y101.317 E231.63717
G1 X118.181 Y101.222 E231.6384
G1 X117.261 Y101.083 E231.65007
G1 X117.099 Y101.127 E231.65217
G1 X116.505 Y101.075 E231.65965
M204 S429
G0 F15000 X113.285 Y104.937
G0 X112.794 Y105.717
G0 X112.415 Y106.803
G0 X112.414 Y107.958
G0 X112.675 Y109.094
G0 X113.288 Y110.066
G0 X113.939 Y110.718
G0 X114.719 Y111.208
G0 X116.431 Y111.666
G0 X116.509 Y110.97
;TYPE:WALL-OUTER
G1 F3000 X115.731 Y110.886 E231.66946
G1 X114.978 Y110.618 E231.67949
G1 X114.34 Y110.214 E231.68896
G1 X113.788 Y109.661 E231.69876
G1 X113.274 Y108.843 E231.71087
G1 X113.053 Y107.879 E231.72327
G1 X113.057 Y106.902 E231.73553
G1 X113.367 Y106.01 E231.74737
G1 X113.779 Y105.351 E231.75711
G1 X114.337 Y104.788 E231.76705
G1 X114.997 Y104.371 E231.77684
G1 X115.731 Y104.114 E231.7866
G1 X116.493 Y104.03 E231.79621
G1 X117.287 Y104.117 E231.80623
G1 X118.008 Y104.371 E231.81581
G1 X118.65 Y104.775 E231.82533
G1 X119.219 Y105.34 E231.83538
G1 X119.638 Y106.009 E231.84528
G1 X119.881 Y106.705 E231.85453
G1 X119.974 Y107.492 E231.86446
G1 X119.882 Y108.29 E231.87454
G1 X119.632 Y109.004 E231.88402
G1 X119.228 Y109.647 E231.89355
G1 X118.675 Y110.205 E231.9034
G1 X118.001 Y110.632 E231.9134
G1 X117.287 Y110.883 E231.9229
G1 X116.509 Y110.97 E231.93271
G0 F15000 X116.311 Y110.949
G0 X116.233 Y111.644
G0 X116.011 Y114.06
G0 X115.953 Y114.759
G1 F3000 X117.052 Y114.759 E231.94649
G1 X118.12 Y114.598 E231.96004
G1 X119.424 Y114.195 E231.97715
G1 X120.606 Y113.512 E231.99427
G1 X121.033 Y113.197 E232.00093
G1 X122.046 Y112.257 E232.01826
G1 X122.803 Y111.143 E232.03515
G1 X123.281 Y110.15 E232.04897
G1 X123.601 Y109.115 E232.06255
G1 X123.762 Y108.049 E232.07607
G1 X123.762 Y106.949 E232.08987
G1 X123.559 Y105.614 E232.1068
G1 X123.06 Y104.341 E232.12395
G1 X122.516 Y103.399 E232.13759
G1 X121.843 Y102.556 E232.15112
G1 X121.033 Y101.803 E232.16499
G1 X120.146 Y101.2 E232.17844
G1 X119.153 Y100.721 E232.19226
G1 X118.125 Y100.404 E232.20575
G1 X116.772 Y100.201 E232.22291
G1 X115.42 Y100.304 E232.23991
G1 X114.094 Y100.605 E232.25697
G1 X112.86 Y101.2 E232.27414
G1 X111.748 Y101.954 E232.29099
G1 X110.806 Y102.97 E232.30837
G1 X110.045 Y104.086 E232.32531
G1 X109.547 Y105.355 E232.3424
G1 X109.304 Y106.42 E232.3561
G1 X109.224 Y107.506 E232.36976
G1 X109.304 Y108.58 E232.38326
G1 X109.546 Y109.639 E232.39689
G1 X110.044 Y110.913 E232.41404
G1 X110.806 Y112.03 E232.431
G1 X111.558 Y112.84 E232.44486
G1 X112.402 Y113.514 E232.4584
G1 X113.584 Y114.197 E232.47552
G1 X114.886 Y114.598 E232.4926
G1 X115.953 Y114.759 E232.50614
M204 S1500
G0 F15000 X116.153 Y114.759
G0 X115.983 Y114.359
;TYPE:WALL-INNER
G1 F3300 X117.022 Y114.359 E232.51917
G1 X118.031 Y114.207 E232.53196
G1 X119.263 Y113.826 E232.54813
G1 X120.596 Y113.055 E232.56744
G1 X121.738 Y111.997 E232.58697
G1 X122.455 Y110.943 E232.60295
G1 X122.907 Y110.004 E232.61602
G1 X123.21 Y109.025 E232.62887
G1 X123.362 Y108.019 E232.64163
G1 X123.362 Y106.979 E232.65467
G1 X123.17 Y105.718 E232.67067
G1 X122.698 Y104.515 E232.68688
G1 X122.185 Y103.625 E232.69976
G1 X121.549 Y102.829 E232.71253
G1 X120.783 Y102.117 E232.72565
G1 X119.946 Y101.548 E232.73834
G1 X119.006 Y101.095 E232.75143
G1 X118.036 Y100.795 E232.76416
G1 X116.759 Y100.604 E232.78035
G1 X115.48 Y100.7 E232.79644
G1 X114.227 Y100.985 E232.81255
G1 X113.06 Y101.548 E232.8288
G1 X112.008 Y102.261 E232.84474
G1 X111.12 Y103.22 E232.86113
G1 X110.398 Y104.28 E232.87721
G1 X109.931 Y105.473 E232.89328
G1 X109.701 Y106.48 E232.90623
G1 X109.625 Y107.506 E232.91913
G1 X109.701 Y108.52 E232.93188
G1 X109.93 Y109.521 E232.94476
G1 X110.399 Y110.724 E232.96095
G1 X111.12 Y111.78 E232.97699
G1 X111.831 Y112.546 E232.99009
G1 X112.628 Y113.182 E233.00288
G1 X113.745 Y113.828 E233.01906
G1 X114.975 Y114.207 E233.0352
G1 X115.983 Y114.359 E233.04798
G0 F15000 X116.011 Y114.06
G0 X116.475 Y111.671
G0 X116.509 Y111.37
G1 F3300 X115.642 Y111.276 E233.05892
G1 X114.827 Y110.995 E233.06973
G1 X114.09 Y110.527 E233.08068
G1 X113.474 Y109.909 E233.09162
G1 X112.898 Y109.003 E233.10509
G1 X112.654 Y107.94 E233.11876
G1 X112.654 Y106.85 E233.13243
G1 X113.017 Y105.812 E233.14622
G1 X113.473 Y105.087 E233.15696
G1 X114.082 Y104.48 E233.16775
G1 X114.823 Y104.011 E233.17874
G1 X115.643 Y103.724 E233.18964
G1 X116.501 Y103.627 E233.20047
G1 X117.367 Y103.72 E233.21139
G1 X118.182 Y104.01 E233.22224
G1 X118.916 Y104.468 E233.23309
G1 X119.533 Y105.09 E233.24407
G1 X119.996 Y105.82 E233.25491
G1 X120.279 Y106.633 E233.26571
G1 X120.374 Y107.492 E233.27655
G1 X120.28 Y108.365 E233.28756
G1 X119.993 Y109.178 E233.29837
G1 X119.538 Y109.907 E233.30915
G1 X118.895 Y110.543 E233.32049
G1 X118.161 Y110.999 E233.33132
G1 X117.361 Y111.28 E233.34196
G1 X116.509 Y111.37 E233.3527
M204 S1000
G0 F15000 X116.528 Y111.695
;TYPE:SKIN
G1 F2400 X115.559 Y111.59 E233.36431
G1 X114.689 Y111.285 E233.37529
G1 X113.872 Y110.76 E233.38686
G1 X113.213 Y110.101 E233.39797
G1 X112.604 Y109.135 E233.41157
G1 X112.336 Y107.99 E233.42558
G1 X112.34 Y106.781 E233.43998
G1 X112.715 Y105.694 E233.45368
G1 X113.241 Y104.872 E233.46531
G1 X113.918 Y104.199 E233.47668
G1 X114.682 Y103.722 E233.48741
G1 X115.571 Y103.413 E233.49862
G1 X116.519 Y103.307 E233.50999
G1 X117.449 Y103.409 E233.52113
G1 X118.32 Y103.719 E233.53215
G1 X119.105 Y104.208 E233.54317
G1 X119.791 Y104.9 E233.55478
G1 X120.285 Y105.678 E233.56575
G1 X120.59 Y106.552 E233.57678
G1 X120.692 Y107.47 E233.58779
G1 X120.591 Y108.446 E233.59948
G1 X120.282 Y109.318 E233.6105
G1 X119.805 Y110.088 E233.62129
G1 X119.105 Y110.788 E233.63308
G1 X118.323 Y111.282 E233.6441
G1 X117.44 Y111.591 E233.65525
G1 X116.528 Y111.695 E233.66618
G0 F15000 X116.504 Y113.603
G1 F2400 X117.569 Y113.508 E233.67892
G1 X118.587 Y113.236 E233.69147
G1 X119.551 Y112.785 E233.70415
G1 X120.429 Y112.172 E233.71691
G1 X121.176 Y111.424 E233.7295
G1 X121.789 Y110.545 E233.74227
G1 X122.24 Y109.58 E233.75496
G1 X122.512 Y108.564 E233.76749
G1 X122.606 Y107.498 E233.78024
G1 X122.511 Y106.432 E233.79299
G1 X122.238 Y105.416 E233.80552
G1 X121.787 Y104.45 E233.81822
G1 X121.176 Y103.578 E233.83091
G1 X120.424 Y102.826 E233.84358
G1 X119.547 Y102.213 E233.85632
G1 X118.576 Y101.762 E233.86908
G1 X117.565 Y101.491 E233.88155
G1 X116.505 Y101.397 E233.89423
G1 X115.436 Y101.492 E233.90701
G1 X114.42 Y101.764 E233.91954
G1 X113.455 Y102.214 E233.93223
G1 X112.581 Y102.826 E233.94494
G1 X111.827 Y103.581 E233.95765
G1 X111.217 Y104.454 E233.97034
G1 X110.765 Y105.423 E233.98308
G1 X110.424 Y106.702 E233.99885
G1 X110.424 Y108.04 E234.01479
G1 X110.655 Y109.34 E234.03052
G1 X111.22 Y110.553 E234.04646
G1 X111.829 Y111.42 E234.05908
G1 X112.582 Y112.174 E234.07177
G1 X113.457 Y112.786 E234.0845
G1 X114.428 Y113.238 E234.09726
G1 X115.439 Y113.508 E234.10972
G1 X116.504 Y113.603 E234.12246
G0 F15000 X119.205 Y112.725
G1 F2400 X121.727 Y110.204 E234.16494
G0 F15000 X122.122 Y109.243
G1 F2400 X118.245 Y113.12 E234.23026
G0 F15000 X117.484 Y113.315
G1 F2400 X122.316 Y108.482 E234.31168
G0 F15000 X122.371 Y107.862
G1 F2400 X116.863 Y113.37 E234.40448
G0 F15000 X116.285 Y113.383
G1 F2400 X118.093 Y111.574 E234.43495
G0 F15000 X117.294 Y111.808
G1 F2400 X115.766 Y113.336 E234.46069
G0 F15000 X115.279 Y113.257
G1 F2400 X116.654 Y111.882 E234.48386
G0 F15000 X116.117 Y111.853
G1 F2400 X114.832 Y113.138 E234.50551
G0 F15000 X114.402 Y113.003
G1 F2400 X115.609 Y111.795 E234.52585
G0 F15000 X115.174 Y111.665
G1 F2400 X114.016 Y112.823 E234.54536
G0 F15000 X113.629 Y112.644
G1 F2400 X114.755 Y111.518 E234.56433
G0 F15000 X114.383 Y111.325
G1 F2400 X113.286 Y112.422 E234.58282
G0 F15000 X112.953 Y112.189
G1 F2400 X114.036 Y111.106 E234.60106
G0 F15000 X113.706 Y110.87
G1 F2400 X112.634 Y111.942 E234.61912
G0 F15000 X112.351 Y111.659
G1 F2400 X113.419 Y110.591 E234.63712
G0 F15000 X113.134 Y110.311
G1 F2400 X112.069 Y111.376 E234.65506
G0 F15000 X111.821 Y111.058
G1 F2400 X112.899 Y109.98 E234.67322
G0 F15000 X112.681 Y109.633
G1 F2400 X111.587 Y110.726 E234.69165
G0 F15000 X111.362 Y110.385
G1 F2400 X112.462 Y109.286 E234.71017
G0 F15000 X112.328 Y108.854
G1 F2400 X111.183 Y109.999 E234.72946
G0 F15000 X111.003 Y109.614
G1 F2400 X112.222 Y108.394 E234.75001
G0 F15000 X112.137 Y107.913
G1 F2400 X110.835 Y109.216 E234.77195
G0 F15000 X110.75 Y108.735
G1 F2400 X112.135 Y107.35 E234.79529
G0 F15000 X112.133 Y106.786
G1 F2400 X110.665 Y108.255 E234.82003
G0 F15000 X110.623 Y107.731
G1 F2400 X112.421 Y105.933 E234.85032
G0 F15000 X110.876 Y105.781
G1 F2400 X114.782 Y101.874 E234.91614
G0 F15000 X115.539 Y101.684
G1 F2400 X110.67 Y106.552 E234.99816
G0 F15000 X110.623 Y107.165
G1 F2400 X116.159 Y101.628 E235.09144
G0 F15000 X116.735 Y101.619
G1 F2400 X114.93 Y103.424 E235.12185
G0 F15000 X115.725 Y103.194
G1 F2400 X117.255 Y101.664 E235.14763
G0 F15000 X117.739 Y101.746
G1 F2400 X116.368 Y103.117 E235.17073
G0 F15000 X116.904 Y103.147
G1 F2400 X118.185 Y101.865 E235.19232
G0 F15000 X118.615 Y102.002
G1 F2400 X117.412 Y103.204 E235.21258
G0 F15000 X117.845 Y103.337
G1 F2400 X119.001 Y102.181 E235.23205
G0 F15000 X119.387 Y102.36
G1 F2400 X118.261 Y103.487 E235.25103
G0 F15000 X118.634 Y103.68
G1 F2400 X119.728 Y102.585 E235.26947
G0 F15000 X120.062 Y102.817
G1 F2400 X118.982 Y103.897 E235.28767
G0 F15000 X119.31 Y104.134
G1 F2400 X120.379 Y103.065 E235.30568
G0 F15000 X120.662 Y103.348
G1 F2400 X119.592 Y104.419 E235.32372
G0 F15000 X119.874 Y104.702
G1 F2400 X120.945 Y103.631 E235.34176
G0 F15000 X121.191 Y103.951
G1 F2400 X120.111 Y105.031 E235.35996
G0 F15000 X120.33 Y105.378
G1 F2400 X121.424 Y104.284 E235.37839
G0 F15000 X121.647 Y104.627
G1 F2400 X120.522 Y105.752 E235.39734
G0 F15000 X120.669 Y106.17
G1 F2400 X121.827 Y105.012 E235.41685
G0 F15000 X122.007 Y105.398
G1 F2400 X120.796 Y106.609 E235.43725
G0 F15000 X120.853 Y107.118
G1 F2400 X122.14 Y105.83 E235.45895
G0 F15000 X122.26 Y106.276
G1 F2400 X120.875 Y107.661 E235.48228
G0 F15000 X120.807 Y108.295
G1 F2400 X122.337 Y106.764 E235.50807
G0 F15000 X122.383 Y107.284
G1 F2400 X120.573 Y109.095 E235.53857
G0 F15000 X120.618 Y107.498
G0 X120.513 Y106.582
G0 X120.209 Y105.713
G0 X119.721 Y104.937
G0 X119.066 Y104.281
G0 X113.832 Y102.259
G1 F2400 X111.263 Y104.827 E235.58184
M204 S2000
G1 F1500 E229.08184
;MESH:NONMESH
G0 F600 X111.263 Y104.827 Z9.4
G0 F15000 X115.45 Y100.52
G0 X117.348 Y96.771
;TIME_ELAPSED:602.905198
;LAYER:46
;TYPE:SUPPORT
G1 F1500 E235.58184
G1 F3000 X117.735 Y96.79 E235.5867
G1 X119.101 Y97.041 E235.60412
G1 X120.015 Y97.329 E235.61614
G1 X120.015 Y99.911 E235.64852
G1 X120.682 Y100.232 E235.6578
G1 X121.726 Y100.944 E235.67365
G1 X122.642 Y101.795 E235.68933
G1 X122.682 Y101.845 E235.69013
G1 X123.43 Y102.784 E235.70518
G1 X124.052 Y103.857 E235.72074
G1 X124.524 Y105.075 E235.73712
G1 X124.666 Y105.603 E235.74397
G1 X124.862 Y106.867 E235.76001
G1 X124.862 Y108.125 E235.77579
G1 X124.675 Y109.363 E235.79149
G1 X124.309 Y110.55 E235.80707
G1 X123.76 Y111.695 E235.82299
G1 X123.092 Y112.672 E235.83783
G1 X122.682 Y113.156 E235.84579
G1 X122.682 Y116.322 E235.88549
G1 X121.68 Y116.959 E235.90038
G1 X120.425 Y117.545 E235.91775
G1 X120.015 Y117.675 E235.92314
G1 X120.015 Y115.099 E235.95545
G1 X119.521 Y115.318 E235.96222
G1 X118.357 Y115.673 E235.97749
G1 X117.348 Y115.825 E235.99028
G1 X117.348 Y118.23 E236.02044
G1 X116.316 Y118.279 E236.0334
G1 X114.932 Y118.165 E236.05081
G1 X114.681 Y118.111 E236.05403
G1 X114.681 Y115.679 E236.08453
G1 X114.632 Y115.671 E236.08515
G1 X113.416 Y115.29 E236.10113
G1 X112.81 Y115.021 E236.10945
G1 X112.014 Y114.56 E236.12098
G1 X112.014 Y117.287 E236.15518
G1 X111.003 Y116.772 E236.16941
G1 X109.851 Y115.988 E236.18688
G1 X109.347 Y115.534 E236.19539
G1 X109.347 Y111.846 E236.24164
G1 X109.284 Y111.753 E236.24305
G1 X108.929 Y111.083 E236.25256
G1 X108.492 Y109.97 E236.26755
G1 X108.214 Y108.751 E236.28323
G1 X108.121 Y107.503 E236.29892
G1 X108.214 Y106.246 E236.31473
G1 X108.494 Y105.028 E236.3304
G1 X108.973 Y103.823 E236.34666
G1 X109.276 Y103.259 E236.35469
G1 X109.347 Y103.157 E236.35625
G1 X109.978 Y102.245 E236.37016
G1 X110.83 Y101.332 E236.38582
G1 X111.259 Y100.963 E236.39291
G1 X112.014 Y100.448 E236.40438
G1 X112.014 Y97.713 E236.43867
G1 X112.262 Y97.589 E236.44215
G1 X113.584 Y97.122 E236.45973
G1 X114.681 Y96.888 E236.4738
G1 X114.681 Y99.345 E236.50461
G1 X115.254 Y99.212 E236.51199
G1 X116.521 Y99.12 E236.52792
G1 X117.115 Y99.143 E236.53537
G1 X117.348 Y99.177 E236.53833
G1 X117.348 Y96.771 E236.5685
G1 F1500 E230.0685
G0 F15000 X122.682 Y101.845
G1 F1500 E236.5685
G1 F3000 X122.682 Y98.637 E236.60873
G1 X123.945 Y99.7 E236.62943
G1 X125.132 Y100.994 E236.65145
G1 X126.042 Y102.473 E236.67323
G1 X126.607 Y103.733 E236.69054
G1 X127.009 Y105.081 E236.70818
G1 X127.23 Y106.446 E236.72552
G1 X127.277 Y107.861 E236.74328
G1 X127.144 Y109.24 E236.76065
G1 X126.832 Y110.597 E236.77811
G1 X126.6 Y111.273 E236.78708
G1 X126.031 Y112.547 E236.80457
G1 X125.349 Y113.655 E236.82089
G1 X125.349 Y101.347 E236.97524
G1 F1500 E230.47524
G0 F15000 X123.065 Y99.268
G0 X121.766 Y98.383
G0 X120.347 Y97.698
G0 X118.846 Y97.236
G0 X117.344 Y97.01
G0 X116.447 Y96.977
G0 X114.936 Y97.09
G0 X113.454 Y97.427
G0 X112.605 Y97.725
G0 X111.241 Y98.383
G0 X109.984 Y99.238
G0 X109.303 Y99.825
G0 X108.467 Y100.727
G0 X107.578 Y101.952
G0 X109.347 Y103.157
G1 F1500 E236.97524
G1 F3000 X109.347 Y99.465 E237.02153
G1 X108.82 Y99.933 E237.03037
G1 X107.906 Y100.991 E237.04791
G1 X107.147 Y102.145 E237.06523
G1 X106.525 Y103.42 E237.08302
G1 X106.081 Y104.725 E237.1003
G1 X105.811 Y106.095 E237.11781
G1 X105.723 Y107.493 E237.13538
G1 X105.809 Y108.89 E237.15293
G1 X106.076 Y110.246 E237.17026
G1 X106.518 Y111.577 E237.18785
G1 X106.68 Y111.907 E237.19246
G1 X106.68 Y103.102 E237.30288
M204 S3500
G1 F1500 E230.80288
;MESH:The cap.stl
G0 F15000 X110.386 Y103.975
G0 X111.976 Y102.977
;TYPE:FILL
G1 F1500 E237.30288
G1 F4200 X111.93 Y102.932 E237.30369
G1 X112.27 Y102.567 E237.30994
G1 X112.624 Y102.326 E237.31531
G1 X112.802 Y102.278 E237.31762
G1 X112.374 Y102.579 E237.32419
G1 X111.58 Y103.374 E237.33828
G1 X111.278 Y103.804 E237.34487
G1 X111.325 Y103.628 E237.34715
G1 X110.755 Y104.467 E237.35987
G1 X110.314 Y105.59 E237.375
G1 X110.097 Y106.542 E237.38724
G1 X110.026 Y107.506 E237.39937
G1 X110.082 Y108.265 E237.40891
G1 X110.116 Y108.14 E237.41053
G1 X110.297 Y109.161 E237.42354
G1 X110.225 Y109.18 E237.42447
G1 X110.565 Y110.051 E237.4362
G1 X110.691 Y110.177 E237.43843
G1 X110.942 Y110.715 E237.44588
G1 X111.583 Y111.629 E237.45988
G1 X112.375 Y112.421 E237.47392
G1 X113.295 Y113.065 E237.48801
G1 X113.825 Y113.312 E237.49534
G1 X114.001 Y113.487 E237.49845
G1 X114.827 Y113.741 E237.50929
G1 X114.843 Y113.68 E237.51008
G1 X115.389 Y113.827 E237.51717
G1 X115.901 Y113.871 E237.52361
G1 X115.734 Y113.916 E237.52578
G1 X116.015 Y113.959 E237.52935
G1 X116.99 Y113.959 E237.54157
G1 X117.944 Y113.815 E237.55367
G1 X119.103 Y113.457 E237.56888
G1 X120.356 Y112.733 E237.58703
G1 X120.438 Y112.655 E237.58845
G1 X120.208 Y112.717 E237.59144
G1 X120.636 Y112.419 E237.59798
G1 X121.025 Y112.026 E237.60491
G1 X121.068 Y112.07 E237.60568
G1 X121.433 Y111.734 E237.61191
G1 X121.67 Y111.384 E237.61721
G1 X121.718 Y111.206 E237.61952
G1 X122.068 Y110.707 E237.62716
G1 X122.54 Y109.698 E237.64113
G1 X122.83 Y108.614 E237.6552
G1 X122.928 Y107.498 E237.66925
G1 X122.874 Y106.892 E237.67688
G1 X122.918 Y106.727 E237.67902
G1 X122.78 Y105.816 E237.69058
G1 X122.683 Y105.842 E237.69184
G1 X122.538 Y105.299 E237.69889
G1 X122.321 Y104.837 E237.70529
G1 X122.441 Y104.957 E237.70741
G1 X122.336 Y104.689 E237.71102
G1 X121.854 Y103.851 E237.72315
G1 X121.257 Y103.103 E237.73515
G1 X120.529 Y102.427 E237.74761
G1 X119.749 Y101.897 E237.75943
G1 X119.037 Y101.553 E237.76935
G1 X119.165 Y101.681 E237.77162
G1 X118.694 Y101.462 E237.77813
G1 X118.156 Y101.317 E237.78512
G1 X118.181 Y101.222 E237.78635
G1 X117.261 Y101.083 E237.79802
G1 X117.099 Y101.127 E237.80013
G1 X116.505 Y101.075 E237.8076
M204 S429
G0 F15000 X113.285 Y104.937
G0 X112.794 Y105.717
G0 X112.415 Y106.803
G0 X112.414 Y107.958
G0 X112.675 Y109.094
G0 X113.288 Y110.066
G0 X113.939 Y110.718
G0 X114.719 Y111.208
G0 X116.431 Y111.666
G0 X116.509 Y110.97
;TYPE:WALL-OUTER
G1 F3000 X115.731 Y110.886 E237.81742
G1 X114.978 Y110.618 E237.82744
G1 X114.34 Y110.214 E237.83691
G1 X113.788 Y109.661 E237.84671
G1 X113.274 Y108.843 E237.85882
G1 X113.053 Y107.879 E237.87123
G1 X113.057 Y106.902 E237.88348
G1 X113.367 Y106.01 E237.89532
G1 X113.779 Y105.351 E237.90507
G1 X114.337 Y104.788 E237.91501
G1 X114.997 Y104.371 E237.9248
G1 X115.731 Y104.114 E237.93455
G1 X116.493 Y104.03 E237.94416
G1 X117.287 Y104.117 E237.95418
G1 X118.008 Y104.371 E237.96377
G1 X118.65 Y104.775 E237.97328
G1 X119.219 Y105.34 E237.98333
G1 X119.638 Y106.009 E237.99323
G1 X119.881 Y106.705 E238.00248
G1 X119.974 Y107.492 E238.01242
G1 X119.882 Y108.29 E238.02249
G1 X119.632 Y109.004 E238.03198
G1 X119.228 Y109.647 E238.0415
G1 X118.675 Y110.205 E238.05135
G1 X118.001 Y110.632 E238.06136
G1 X117.287 Y110.883 E238.07085
G1 X116.509 Y110.97 E238.08066
G0 F15000 X116.311 Y110.949
G0 X116.233 Y111.644
G0 X116.011 Y114.06
G0 X115.953 Y114.759
G1 F3000 X117.052 Y114.759 E238.09445
G1 X118.12 Y114.598 E238.10799
G1 X119.424 Y114.195 E238.12511
G1 X120.606 Y113.512 E238.14223
G1 X121.033 Y113.197 E238.14888
G1 X122.046 Y112.257 E238.16621
G1 X122.803 Y111.143 E238.1831
G1 X123.281 Y110.15 E238.19692
G1 X123.601 Y109.115 E238.21051
G1 X123.762 Y108.049 E238.22403
G1 X123.762 Y106.949 E238.23782
G1 X123.559 Y105.614 E238.25475
G1 X123.06 Y104.341 E238.2719
G1 X122.516 Y103.399 E238.28554
G1 X121.843 Y102.556 E238.29907
G1 X121.033 Y101.803 E238.31294
G1 X120.146 Y101.2 E238.32639
G1 X119.153 Y100.721 E238.34021
G1 X118.125 Y100.404 E238.3537
G1 X116.772 Y100.201 E238.37086
G1 X115.42 Y100.304 E238.38787
G1 X114.094 Y100.605 E238.40492
G1 X112.86 Y101.2 E238.4221
G1 X111.748 Y101.954 E238.43894
G1 X110.806 Y102.97 E238.45632
G1 X110.045 Y104.086 E238.47326
G1 X109.547 Y105.355 E238.49035
G1 X109.304 Y106.42 E238.50405
G1 X109.224 Y107.506 E238.51771
G1 X109.304 Y108.58 E238.53121
G1 X109.546 Y109.639 E238.54484
G1 X110.044 Y110.913 E238.56199
G1 X110.806 Y112.03 E238.57895
G1 X111.558 Y112.84 E238.59281
G1 X112.402 Y113.514 E238.60635
G1 X113.584 Y114.197 E238.62347
G1 X114.886 Y114.598 E238.64056
G1 X115.953 Y114.759 E238.65409
M204 S1500
G0 F15000 X116.153 Y114.759
G0 X115.983 Y114.359
;TYPE:WALL-INNER
G1 F3300 X117.022 Y114.359 E238.66712
G1 X118.031 Y114.207 E238.67991
G1 X119.263 Y113.826 E238.69609
G1 X120.596 Y113.055 E238.7154
G1 X121.738 Y111.997 E238.73492
G1 X122.455 Y110.943 E238.7509
G1 X122.907 Y110.004 E238.76397
G1 X123.21 Y109.025 E238.77682
G1 X123.362 Y108.019 E238.78958
G1 X123.362 Y106.979 E238.80263
G1 X123.17 Y105.718 E238.81862
G1 X122.698 Y104.515 E238.83483
G1 X122.185 Y103.625 E238.84771
G1 X121.549 Y102.829 E238.86049
G1 X120.783 Y102.117 E238.8736
G1 X119.946 Y101.548 E238.88629
G1 X119.006 Y101.095 E238.89938
G1 X118.036 Y100.795 E238.91211
G1 X116.759 Y100.604 E238.9283
G1 X115.48 Y100.7 E238.94439
G1 X114.227 Y100.985 E238.9605
G1 X113.06 Y101.548 E238.97675
G1 X112.008 Y102.261 E238.99269
G1 X111.12 Y103.22 E239.00908
G1 X110.398 Y104.28 E239.02516
G1 X109.931 Y105.473 E239.04123
G1 X109.701 Y106.48 E239.05418
G1 X109.625 Y107.506 E239.06708
G1 X109.701 Y108.52 E239.07983
G1 X109.93 Y109.521 E239.09271
G1 X110.399 Y110.724 E239.1089
G1 X111.12 Y111.78 E239.12494
G1 X111.831 Y112.546 E239.13804
G1 X112.628 Y113.182 E239.15083
G1 X113.745 Y113.828 E239.16701
G1 X114.975 Y114.207 E239.18315
G1 X115.983 Y114.359 E239.19594
G0 F15000 X116.011 Y114.06
G0 X116.475 Y111.671
G0 X116.509 Y111.37
G1 F3300 X115.642 Y111.276 E239.20687
G1 X114.827 Y110.995 E239.21768
G1 X114.09 Y110.527 E239.22863
G1 X113.474 Y109.909 E239.23957
G1 X112.898 Y109.003 E239.25304
G1 X112.654 Y107.94 E239.26671
G1 X112.654 Y106.85 E239.28038
G1 X113.017 Y105.812 E239.29417
G1 X113.473 Y105.087 E239.30491
G1 X114.082 Y104.48 E239.3157
G1 X114.823 Y104.011 E239.32669
G1 X115.643 Y103.724 E239.33759
G1 X116.501 Y103.627 E239.34842
G1 X117.367 Y103.72 E239.35934
G1 X118.182 Y104.01 E239.37019
G1 X118.916 Y104.468 E239.38104
G1 X119.533 Y105.09 E239.39202
G1 X119.996 Y105.82 E239.40286
G1 X120.279 Y106.633 E239.41366
G1 X120.374 Y107.492 E239.4245
G1 X120.28 Y108.365 E239.43551
G1 X119.993 Y109.178 E239.44632
G1 X119.538 Y109.907 E239.4571
G1 X118.895 Y110.543 E239.46844
G1 X118.161 Y110.999 E239.47927
G1 X117.361 Y111.28 E239.48991
G1 X116.509 Y111.37 E239.50065
M204 S1000
G0 F15000 X116.528 Y111.695
;TYPE:SKIN
G1 F2400 X115.559 Y111.59 E239.51226
G1 X114.689 Y111.285 E239.52325
G1 X113.872 Y110.76 E239.53482
G1 X113.213 Y110.101 E239.54592
G1 X112.604 Y109.135 E239.55952
G1 X112.336 Y107.99 E239.57353
G1 X112.34 Y106.781 E239.58794
G1 X112.715 Y105.694 E239.60163
G1 X113.241 Y104.872 E239.61326
G1 X113.918 Y104.199 E239.62463
G1 X114.682 Y103.722 E239.63536
G1 X115.571 Y103.413 E239.64658
G1 X116.519 Y103.307 E239.65794
G1 X117.449 Y103.409 E239.66909
G1 X118.32 Y103.719 E239.6801
G1 X119.105 Y104.208 E239.69112
G1 X119.791 Y104.9 E239.70273
G1 X120.285 Y105.678 E239.71371
G1 X120.59 Y106.552 E239.72473
G1 X120.692 Y107.47 E239.73574
G1 X120.591 Y108.446 E239.74743
G1 X120.282 Y109.318 E239.75845
G1 X119.805 Y110.088 E239.76924
G1 X119.105 Y110.788 E239.78103
G1 X118.323 Y111.282 E239.79205
G1 X117.44 Y111.591 E239.8032
G1 X116.528 Y111.695 E239.81413
G0 F15000 X116.504 Y113.603
G1 F2400 X117.569 Y113.508 E239.82687
G1 X118.587 Y113.236 E239.83942
G1 X119.551 Y112.785 E239.8521
G1 X120.429 Y112.172 E239.86486
G1 X121.176 Y111.424 E239.87745
G1 X121.789 Y110.545 E239.89022
G1 X122.24 Y109.58 E239.90291
G1 X122.512 Y108.564 E239.91544
G1 X122.606 Y107.498 E239.92819
G1 X122.511 Y106.432 E239.94094
G1 X122.238 Y105.416 E239.95347
G1 X121.787 Y104.45 E239.96617
G1 X121.176 Y103.578 E239.97886
G1 X120.424 Y102.826 E239.99153
G1 X119.547 Y102.213 E240.00428
G1 X118.576 Y101.762 E240.01703
G1 X117.565 Y101.491 E240.0295
G1 X116.505 Y101.397 E240.04218
G1 X115.436 Y101.492 E240.05496
G1 X114.42 Y101.764 E240.06749
G1 X113.455 Y102.214 E240.08018
G1 X112.581 Y102.826 E240.09289
G1 X111.827 Y103.581 E240.1056
G1 X111.217 Y104.454 E240.11829
G1 X110.765 Y105.423 E240.13103
G1 X110.424 Y106.702 E240.1468
G1 X110.424 Y108.04 E240.16274
G1 X110.655 Y109.34 E240.17847
G1 X111.22 Y110.553 E240.19441
G1 X111.829 Y111.42 E240.20703
G1 X112.582 Y112.174 E240.21973
G1 X113.457 Y112.786 E240.23245
G1 X114.428 Y113.238 E240.24521
G1 X115.439 Y113.508 E240.25767
G1 X116.504 Y113.603 E240.27041
G0 F15000 X113.903 Y112.772
G1 F2400 X111.227 Y110.095 E240.31551
G0 F15000 X110.817 Y109.12
G1 F2400 X114.836 Y113.139 E240.38322
G0 F15000 X115.581 Y113.318
G1 F2400 X110.696 Y108.433 E240.46552
G0 F15000 X110.623 Y107.794
G1 F2400 X113.055 Y110.226 E240.50649
G0 F15000 X113.426 Y110.597
G1 F2400 X116.203 Y113.374 E240.55328
G0 F15000 X116.772 Y113.378
G1 F2400 X114.998 Y111.604 E240.58317
G0 F15000 X115.773 Y111.814
G1 F2400 X117.291 Y113.331 E240.60874
G0 F15000 X117.771 Y113.245
G1 F2400 X116.413 Y111.888 E240.63161
G0 F15000 X116.94 Y111.849
G1 F2400 X118.218 Y113.127 E240.65314
G0 F15000 X118.644 Y112.987
G1 F2400 X117.447 Y111.79 E240.67331
G0 F15000 X117.873 Y111.651
G1 F2400 X119.029 Y112.806 E240.69277
G0 F15000 X119.414 Y112.626
G1 F2400 X118.293 Y111.505 E240.71166
G0 F15000 X118.659 Y111.305
G1 F2400 X119.752 Y112.398 E240.73008
G0 F15000 X120.085 Y112.166
G1 F2400 X119.006 Y111.086 E240.74826
G0 F15000 X119.332 Y110.846
G1 F2400 X120.401 Y111.915 E240.76627
G0 F15000 X120.684 Y111.633
G1 F2400 X119.612 Y110.561 E240.78434
G0 F15000 X119.894 Y110.277
G1 F2400 X120.966 Y111.35 E240.8024
G0 F15000 X121.208 Y111.026
G1 F2400 X120.127 Y109.945 E240.82062
G0 F15000 X120.343 Y109.595
G1 F2400 X121.441 Y110.693 E240.83912
G0 F15000 X121.66 Y110.346
G1 F2400 X120.529 Y109.215 E240.85817
G0 F15000 X120.677 Y108.798
G1 F2400 X121.84 Y109.961 E240.87777
G0 F15000 X122.021 Y109.576
G1 F2400 X120.8 Y108.354 E240.89835
G0 F15000 X120.855 Y107.844
G1 F2400 X122.15 Y109.139 E240.92016
G0 F15000 X122.27 Y108.693
G1 F2400 X120.872 Y107.296 E240.94371
G0 F15000 X120.801 Y106.659
G1 F2400 X122.342 Y108.2 E240.96967
G0 F15000 X122.388 Y107.68
G1 F2400 X120.554 Y105.846 E241.00057
G0 F15000 X122.106 Y105.701
G1 F2400 X118.301 Y101.896 E241.06468
G0 F15000 X117.528 Y101.689
G1 F2400 X122.312 Y106.473 E241.14528
G0 F15000 X122.368 Y107.094
G1 F2400 X116.908 Y101.634 E241.23727
G0 F15000 X116.322 Y101.614
G1 F2400 X118.156 Y103.449 E241.26818
G0 F15000 X117.338 Y103.196
G1 F2400 X115.803 Y101.661 E241.29404
G0 F15000 X115.31 Y101.733
G1 F2400 X116.7 Y103.123 E241.31746
G0 F15000 X116.153 Y103.142
G1 F2400 X114.863 Y101.853 E241.33918
G0 F15000 X114.428 Y101.983
G1 F2400 X115.648 Y103.203 E241.35974
G0 F15000 X115.206 Y103.327
G1 F2400 X114.042 Y102.162 E241.37936
G0 F15000 X113.655 Y102.341
G1 F2400 X114.787 Y103.473 E241.39843
G0 F15000 X114.406 Y103.658
G1 F2400 X113.308 Y102.56 E241.41693
G0 F15000 X112.975 Y102.793
G1 F2400 X114.058 Y103.876 E241.43517
G0 F15000 X113.721 Y104.105
G1 F2400 X112.652 Y103.036 E241.45318
G0 F15000 X112.369 Y103.318
G1 F2400 X113.441 Y104.39 E241.47125
G0 F15000 X113.161 Y104.675
G1 F2400 X112.087 Y103.601 E241.48934
G0 F15000 X111.836 Y103.916
G1 F2400 X112.919 Y104.999 E241.50759
G0 F15000 X112.7 Y105.346
G1 F2400 X111.603 Y104.249 E241.52607
G0 F15000 X111.375 Y104.587
G1 F2400 X112.499 Y105.711 E241.54501
G0 F15000 X112.353 Y106.131
G1 F2400 X111.196 Y104.973 E241.56451
G0 F15000 X111.016 Y105.359
G1 F2400 X112.207 Y106.551 E241.58458
G0 F15000 X112.135 Y107.043
G1 F2400 X110.875 Y105.784 E241.6058
G0 F15000 X110.756 Y106.231
G1 F2400 X112.137 Y107.611 E241.62906
G0 F15000 X112.184 Y108.224
G1 F2400 X110.637 Y106.677 E241.65513
G0 F15000 X110.623 Y107.229
G1 F2400 X112.352 Y108.958 E241.68426
G0 F15000 X112.415 Y106.803
G0 X112.794 Y105.717
G0 X113.285 Y104.937
G0 X113.935 Y104.285
G0 X114.714 Y103.794
G0 X119.281 Y102.311
G1 F2400 X121.691 Y104.721 E241.72486
M204 S2000
G1 F1500 E235.22486
;MESH:NONMESH
G0 F600 X121.691 Y104.721 Z9.6
G0 F15000 X118.08 Y100.619
G0 X117.348 Y96.771
;TIME_ELAPSED:620.704625
;LAYER:47
;TYPE:SUPPORT
G1 F1500 E241.72486
G1 F3000 X117.735 Y96.79 E241.72972
G1 X119.101 Y97.041 E241.74714
G1 X120.015 Y97.329 E241.75915
G1 X120.015 Y99.911 E241.79153
G1 X120.682 Y100.232 E241.80081
G1 X121.726 Y100.944 E241.81666
G1 X122.642 Y101.795 E241.83234
G1 X122.682 Y101.845 E241.83314
G1 X123.43 Y102.784 E241.8482
G1 X124.052 Y103.857 E241.86375
G1 X124.524 Y105.075 E241.88013
G1 X124.666 Y105.603 E241.88699
G1 X124.862 Y106.867 E241.90303
G1 X124.862 Y108.125 E241.91881
G1 X124.675 Y109.363 E241.93451
G1 X124.309 Y110.55 E241.95008
G1 X123.76 Y111.695 E241.96601
G1 X123.092 Y112.672 E241.98085
G1 X122.682 Y113.156 E241.9888
G1 X122.682 Y116.322 E242.02851
G1 X121.68 Y116.959 E242.0434
G1 X120.425 Y117.545 E242.06077
G1 X120.015 Y117.675 E242.06616
G1 X120.015 Y115.099 E242.09846
G1 X119.521 Y115.318 E242.10524
G1 X118.357 Y115.673 E242.1205
G1 X117.348 Y115.825 E242.1333
G1 X117.348 Y118.23 E242.16346
G1 X116.316 Y118.279 E242.17641
G1 X114.932 Y118.165 E242.19383
G1 X114.681 Y118.111 E242.19705
G1 X114.681 Y115.679 E242.22755
G1 X114.632 Y115.671 E242.22817
G1 X113.416 Y115.29 E242.24415
G1 X112.81 Y115.021 E242.25246
G1 X112.014 Y114.56 E242.264
G1 X112.014 Y117.287 E242.2982
G1 X111.003 Y116.772 E242.31242
G1 X109.851 Y115.988 E242.3299
G1 X109.347 Y115.534 E242.3384
G1 X109.347 Y111.846 E242.38465
G1 X109.284 Y111.753 E242.38606
G1 X108.929 Y111.083 E242.39557
G1 X108.492 Y109.97 E242.41057
G1 X108.214 Y108.751 E242.42625
G1 X108.121 Y107.503 E242.44194
G1 X108.214 Y106.246 E242.45775
G1 X108.494 Y105.028 E242.47342
G1 X108.973 Y103.823 E242.48968
G1 X109.276 Y103.259 E242.49771
G1 X109.347 Y103.157 E242.49927
G1 X109.978 Y102.245 E242.51317
G1 X110.83 Y101.332 E242.52883
G1 X111.259 Y100.963 E242.53593
G1 X112.014 Y100.448 E242.54739
G1 X112.014 Y97.713 E242.58169
G1 X112.262 Y97.589 E242.58517
G1 X113.584 Y97.122 E242.60275
G1 X114.681 Y96.888 E242.61681
G1 X114.681 Y99.345 E242.64763
G1 X115.254 Y99.212 E242.655
G1 X116.521 Y99.12 E242.67093
G1 X117.115 Y99.143 E242.67839
G1 X117.348 Y99.177 E242.68134
G1 X117.348 Y96.771 E242.71151
G1 F1500 E236.21151
G0 F15000 X122.682 Y101.845
G1 F1500 E242.71151
G1 F3000 X122.682 Y98.637 E242.75174
G1 X123.945 Y99.7 E242.77244
G1 X125.132 Y100.994 E242.79446
G1 X126.042 Y102.473 E242.81624
G1 X126.607 Y103.733 E242.83356
G1 X127.009 Y105.081 E242.8512
G1 X127.23 Y106.446 E242.86854
G1 X127.277 Y107.861 E242.88629
G1 X127.144 Y109.24 E242.90367
G1 X126.832 Y110.597 E242.92113
G1 X126.6 Y111.273 E242.93009
G1 X126.031 Y112.547 E242.94759
G1 X125.349 Y113.655 E242.9639
G1 X125.349 Y101.347 E243.11825
G1 F1500 E236.61825
G0 F15000 X123.065 Y99.268
G0 X121.766 Y98.383
G0 X120.347 Y97.698
G0 X118.846 Y97.236
G0 X117.344 Y97.01
G0 X116.447 Y96.977
G0 X114.936 Y97.09
G0 X113.454 Y97.427
G0 X112.605 Y97.725
G0 X111.241 Y98.383
G0 X109.984 Y99.238
G0 X109.303 Y99.825
G0 X108.467 Y100.727
G0 X107.578 Y101.952
G0 X109.347 Y103.157
G1 F1500 E243.11825
G1 F3000 X109.347 Y99.465 E243.16455
G1 X108.82 Y99.933 E243.17339
G1 X107.906 Y100.991 E243.19092
G1 X107.147 Y102.145 E243.20824
G1 X106.525 Y103.42 E243.22603
G1 X106.081 Y104.725 E243.24332
G1 X105.811 Y106.095 E243.26083
G1 X105.723 Y107.493 E243.2784
G1 X105.809 Y108.89 E243.29595
G1 X106.076 Y110.246 E243.31328
G1 X106.518 Y111.577 E243.33087
G1 X106.68 Y111.907 E243.33548
G1 X106.68 Y103.102 E243.44589
M204 S3500
G1 F1500 E236.94589
;MESH:The cap.stl
G0 F15000 X110.386 Y103.975
G0 X111.976 Y102.977
;TYPE:FILL
G1 F1500 E243.44589
G1 F4200 X111.93 Y102.932 E243.4467
G1 X112.27 Y102.567 E243.45296
G1 X112.624 Y102.326 E243.45833
G1 X112.802 Y102.278 E243.46064
G1 X112.374 Y102.579 E243.4672
G1 X111.58 Y103.374 E243.48129
G1 X111.278 Y103.804 E243.48788
G1 X111.325 Y103.628 E243.49017
G1 X110.755 Y104.467 E243.50289
G1 X110.314 Y105.59 E243.51802
G1 X110.097 Y106.542 E243.53026
G1 X110.026 Y107.506 E243.54238
G1 X110.082 Y108.265 E243.55193
G1 X110.116 Y108.14 E243.55355
G1 X110.297 Y109.161 E243.56655
G1 X110.225 Y109.18 E243.56749
G1 X110.565 Y110.051 E243.57921
G1 X110.691 Y110.177 E243.58145
G1 X110.942 Y110.715 E243.58889
G1 X111.583 Y111.629 E243.60289
G1 X112.375 Y112.421 E243.61694
G1 X113.295 Y113.065 E243.63102
G1 X113.825 Y113.312 E243.63835
G1 X114.001 Y113.487 E243.64147
G1 X114.827 Y113.741 E243.6523
G1 X114.843 Y113.68 E243.65309
G1 X115.389 Y113.827 E243.66018
G1 X115.901 Y113.871 E243.66663
G1 X115.734 Y113.916 E243.6688
G1 X116.015 Y113.959 E243.67236
G1 X116.99 Y113.959 E243.68459
G1 X117.944 Y113.815 E243.69669
G1 X119.103 Y113.457 E243.7119
G1 X120.356 Y112.733 E243.73005
G1 X120.438 Y112.655 E243.73147
G1 X120.208 Y112.717 E243.73445
G1 X120.636 Y112.419 E243.74099
G1 X121.025 Y112.026 E243.74793
G1 X121.068 Y112.07 E243.7487
G1 X121.433 Y111.734 E243.75492
G1 X121.67 Y111.384 E243.76022
G1 X121.718 Y111.206 E243.76253
G1 X122.068 Y110.707 E243.77018
G1 X122.54 Y109.698 E243.78415
G1 X122.83 Y108.614 E243.79822
G1 X122.928 Y107.498 E243.81227
G1 X122.874 Y106.892 E243.8199
G1 X122.918 Y106.727 E243.82204
G1 X122.78 Y105.816 E243.83359
G1 X122.683 Y105.842 E243.83485
G1 X122.538 Y105.299 E243.8419
G1 X122.321 Y104.837 E243.8483
G1 X122.441 Y104.957 E243.85043
G1 X122.336 Y104.689 E243.85404
G1 X121.854 Y103.851 E243.86616
G1 X121.257 Y103.103 E243.87816
G1 X120.529 Y102.427 E243.89062
G1 X119.749 Y101.897 E243.90245
G1 X119.037 Y101.553 E243.91236
G1 X119.165 Y101.681 E243.91463
G1 X118.694 Y101.462 E243.92115
G1 X118.156 Y101.317 E243.92814
G1 X118.181 Y101.222 E243.92937
G1 X117.261 Y101.083 E243.94104
G1 X117.099 Y101.127 E243.94314
G1 X116.505 Y101.075 E243.95062
M204 S429
G0 F15000 X113.285 Y104.937
G0 X112.794 Y105.717
G0 X112.415 Y106.803
G0 X112.414 Y107.958
G0 X112.675 Y109.094
G0 X113.288 Y110.066
G0 X113.939 Y110.718
G0 X114.719 Y111.208
G0 X116.431 Y111.666
G0 X116.509 Y110.97
;TYPE:WALL-OUTER
G1 F3000 X115.731 Y110.886 E243.96043
G1 X114.978 Y110.618 E243.97045
G1 X114.34 Y110.214 E243.97992
G1 X113.788 Y109.661 E243.98972
G1 X113.274 Y108.843 E244.00184
G1 X113.053 Y107.879 E244.01424
G1 X113.057 Y106.902 E244.02649
G1 X113.367 Y106.01 E244.03833
G1 X113.779 Y105.351 E244.04808
G1 X114.337 Y104.788 E244.05802
G1 X114.997 Y104.371 E244.06781
G1 X115.731 Y104.114 E244.07756
G1 X116.493 Y104.03 E244.08718
G1 X117.287 Y104.117 E244.09719
G1 X118.008 Y104.371 E244.10678
G1 X118.65 Y104.775 E244.11629
G1 X119.219 Y105.34 E244.12635
G1 X119.638 Y106.009 E244.13625
G1 X119.881 Y106.705 E244.14549
G1 X119.974 Y107.492 E244.15543
G1 X119.882 Y108.29 E244.1655
G1 X119.632 Y109.004 E244.17499
G1 X119.228 Y109.647 E244.18451
G1 X118.675 Y110.205 E244.19437
G1 X118.001 Y110.632 E244.20437
G1 X117.287 Y110.883 E244.21386
G1 X116.509 Y110.97 E244.22368
G0 F15000 X116.311 Y110.949
G0 X116.233 Y111.644
G0 X116.011 Y114.06
G0 X115.953 Y114.759
G1 F3000 X117.052 Y114.759 E244.23746
G1 X118.12 Y114.598 E244.25101
G1 X119.424 Y114.195 E244.26812
G1 X120.606 Y113.512 E244.28524
G1 X121.033 Y113.197 E244.2919
G1 X122.046 Y112.257 E244.30923
G1 X122.803 Y111.143 E244.32612
G1 X123.281 Y110.15 E244.33994
G1 X123.601 Y109.115 E244.35352
G1 X123.762 Y108.049 E244.36704
G1 X123.762 Y106.949 E244.38084
G1 X123.559 Y105.614 E244.39777
G1 X123.06 Y104.341 E244.41492
G1 X122.516 Y103.399 E244.42856
G1 X121.843 Y102.556 E244.44208
G1 X121.033 Y101.803 E244.45595
G1 X120.146 Y101.2 E244.4694
G1 X119.153 Y100.721 E244.48323
G1 X118.125 Y100.404 E244.49672
G1 X116.772 Y100.201 E244.51388
G1 X115.42 Y100.304 E244.53088
G1 X114.094 Y100.605 E244.54793
G1 X112.86 Y101.2 E244.56511
G1 X111.748 Y101.954 E244.58196
G1 X110.806 Y102.97 E244.59933
G1 X110.045 Y104.086 E244.61627
G1 X109.547 Y105.355 E244.63337
G1 X109.304 Y106.42 E244.64707
G1 X109.224 Y107.506 E244.66072
G1 X109.304 Y108.58 E244.67423
G1 X109.546 Y109.639 E244.68785
G1 X110.044 Y110.913 E244.70501
G1 X110.806 Y112.03 E244.72196
G1 X111.558 Y112.84 E244.73582
G1 X112.402 Y113.514 E244.74937
G1 X113.584 Y114.197 E244.76649
G1 X114.886 Y114.598 E244.78357
G1 X115.953 Y114.759 E244.7971
M204 S1500
G0 F15000 X116.153 Y114.759
G0 X115.983 Y114.359
;TYPE:WALL-INNER
G1 F3300 X117.022 Y114.359 E244.81013
G1 X118.031 Y114.207 E244.82293
G1 X119.263 Y113.826 E244.8391
G1 X120.596 Y113.055 E244.85841
G1 X121.738 Y111.997 E244.87793
G1 X122.455 Y110.943 E244.89392
G1 X122.907 Y110.004 E244.90699
G1 X123.21 Y109.025 E244.91984
G1 X123.362 Y108.019 E244.9326
G1 X123.362 Y106.979 E244.94564
G1 X123.17 Y105.718 E244.96164
G1 X122.698 Y104.515 E244.97784
G1 X122.185 Y103.625 E244.99072
G1 X121.549 Y102.829 E245.0035
G1 X120.783 Y102.117 E245.01662
G1 X119.946 Y101.548 E245.02931
G1 X119.006 Y101.095 E245.04239
G1 X118.036 Y100.795 E245.05513
G1 X116.759 Y100.604 E245.07132
G1 X115.48 Y100.7 E245.0874
G1 X114.227 Y100.985 E245.10352
G1 X113.06 Y101.548 E245.11977
G1 X112.008 Y102.261 E245.1357
G1 X111.12 Y103.22 E245.15209
G1 X110.398 Y104.28 E245.16818
G1 X109.931 Y105.473 E245.18424
G1 X109.701 Y106.48 E245.1972
G1 X109.625 Y107.506 E245.2101
G1 X109.701 Y108.52 E245.22285
G1 X109.93 Y109.521 E245.23573
G1 X110.399 Y110.724 E245.25192
G1 X111.12 Y111.78 E245.26795
G1 X111.831 Y112.546 E245.28106
G1 X112.628 Y113.182 E245.29385
G1 X113.745 Y113.828 E245.31003
G1 X114.975 Y114.207 E245.32617
G1 X115.983 Y114.359 E245.33895
G0 F15000 X116.011 Y114.06
G0 X116.475 Y111.671
G0 X116.509 Y111.37
G1 F3300 X115.642 Y111.276 E245.34989
G1 X114.827 Y110.995 E245.3607
G1 X114.09 Y110.527 E245.37165
G1 X113.474 Y109.909 E245.38259
G1 X112.898 Y109.003 E245.39605
G1 X112.654 Y107.94 E245.40973
G1 X112.654 Y106.85 E245.4234
G1 X113.017 Y105.812 E245.43719
G1 X113.473 Y105.087 E245.44793
G1 X114.082 Y104.48 E245.45871
G1 X114.823 Y104.011 E245.46971
G1 X115.643 Y103.724 E245.4806
G1 X116.501 Y103.627 E245.49143
G1 X117.367 Y103.72 E245.50235
G1 X118.182 Y104.01 E245.5132
G1 X118.916 Y104.468 E245.52405
G1 X119.533 Y105.09 E245.53504
G1 X119.996 Y105.82 E245.54588
G1 X120.279 Y106.633 E245.55667
G1 X120.374 Y107.492 E245.56751
G1 X120.28 Y108.365 E245.57852
G1 X119.993 Y109.178 E245.58934
G1 X119.538 Y109.907 E245.60011
G1 X118.895 Y110.543 E245.61145
G1 X118.161 Y110.999 E245.62229
G1 X117.361 Y111.28 E245.63292
G1 X116.509 Y111.37 E245.64367
M204 S1000
G0 F15000 X116.528 Y111.695
;TYPE:SKIN
G1 F2400 X115.559 Y111.59 E245.65528
G1 X114.689 Y111.285 E245.66626
G1 X113.872 Y110.76 E245.67783
G1 X113.213 Y110.101 E245.68893
G1 X112.604 Y109.135 E245.70254
G1 X112.336 Y107.99 E245.71655
G1 X112.34 Y106.781 E245.73095
G1 X112.715 Y105.694 E245.74465
G1 X113.241 Y104.872 E245.75628
G1 X113.918 Y104.199 E245.76765
G1 X114.682 Y103.722 E245.77838
G1 X115.571 Y103.413 E245.78959
G1 X116.519 Y103.307 E245.80096
G1 X117.449 Y103.409 E245.8121
G1 X118.32 Y103.719 E245.82312
G1 X119.105 Y104.208 E245.83413
G1 X119.791 Y104.9 E245.84574
G1 X120.285 Y105.678 E245.85672
G1 X120.59 Y106.552 E245.86775
G1 X120.692 Y107.47 E245.87875
G1 X120.591 Y108.446 E245.89044
G1 X120.282 Y109.318 E245.90146
G1 X119.805 Y110.088 E245.91225
G1 X119.105 Y110.788 E245.92405
G1 X118.323 Y111.282 E245.93507
G1 X117.44 Y111.591 E245.94621
G1 X116.528 Y111.695 E245.95715
G0 F15000 X116.504 Y113.603
G1 F2400 X117.569 Y113.508 E245.96989
G1 X118.587 Y113.236 E245.98244
G1 X119.551 Y112.785 E245.99512
G1 X120.429 Y112.172 E246.00788
G1 X121.176 Y111.424 E246.02047
G1 X121.789 Y110.545 E246.03324
G1 X122.24 Y109.58 E246.04593
G1 X122.512 Y108.564 E246.05846
G1 X122.606 Y107.498 E246.07121
G1 X122.511 Y106.432 E246.08396
G1 X122.238 Y105.416 E246.09649
G1 X121.787 Y104.45 E246.10919
G1 X121.176 Y103.578 E246.12187
G1 X120.424 Y102.826 E246.13454
G1 X119.547 Y102.213 E246.14729
G1 X118.576 Y101.762 E246.16005
G1 X117.565 Y101.491 E246.17252
G1 X116.505 Y101.397 E246.18519
G1 X115.436 Y101.492 E246.19798
G1 X114.42 Y101.764 E246.21051
G1 X113.455 Y102.214 E246.22319
G1 X112.581 Y102.826 E246.23591
G1 X111.827 Y103.581 E246.24862
G1 X111.217 Y104.454 E246.2613
G1 X110.765 Y105.423 E246.27404
G1 X110.424 Y106.702 E246.28981
G1 X110.424 Y108.04 E246.30575
G1 X110.655 Y109.34 E246.32148
G1 X111.22 Y110.553 E246.33742
G1 X111.829 Y111.42 E246.35005
G1 X112.582 Y112.174 E246.36274
G1 X113.457 Y112.786 E246.37546
G1 X114.428 Y113.238 E246.38822
G1 X115.439 Y113.508 E246.40069
G1 X116.504 Y113.603 E246.41343
G0 F15000 X119.205 Y112.725
G1 F2400 X121.727 Y110.204 E246.45591
G0 F15000 X122.122 Y109.243
G1 F2400 X118.245 Y113.12 E246.52123
G0 F15000 X117.484 Y113.315
G1 F2400 X122.316 Y108.482 E246.60265
G0 F15000 X122.371 Y107.862
G1 F2400 X116.863 Y113.37 E246.69545
G0 F15000 X116.285 Y113.383
G1 F2400 X118.093 Y111.574 E246.72592
G0 F15000 X117.294 Y111.808
G1 F2400 X115.766 Y113.336 E246.75166
G0 F15000 X115.279 Y113.257
G1 F2400 X116.654 Y111.882 E246.77483
G0 F15000 X116.117 Y111.853
G1 F2400 X114.832 Y113.138 E246.79647
G0 F15000 X114.402 Y113.003
G1 F2400 X115.609 Y111.795 E246.81682
G0 F15000 X115.174 Y111.665
G1 F2400 X114.016 Y112.823 E246.83633
G0 F15000 X113.629 Y112.644
G1 F2400 X114.755 Y111.518 E246.8553
G0 F15000 X114.383 Y111.325
G1 F2400 X113.286 Y112.422 E246.87378
G0 F15000 X112.953 Y112.189
G1 F2400 X114.036 Y111.106 E246.89203
G0 F15000 X113.706 Y110.87
G1 F2400 X112.634 Y111.942 E246.91009
G0 F15000 X112.351 Y111.659
G1 F2400 X113.419 Y110.591 E246.92808
G0 F15000 X113.134 Y110.311
G1 F2400 X112.069 Y111.376 E246.94603
G0 F15000 X111.821 Y111.058
G1 F2400 X112.899 Y109.98 E246.96419
G0 F15000 X112.681 Y109.633
G1 F2400 X111.587 Y110.726 E246.98261
G0 F15000 X111.362 Y110.385
G1 F2400 X112.462 Y109.286 E247.00114
G0 F15000 X112.328 Y108.854
G1 F2400 X111.183 Y109.999 E247.02043
G0 F15000 X111.003 Y109.614
G1 F2400 X112.222 Y108.394 E247.04097
G0 F15000 X112.137 Y107.913
G1 F2400 X110.835 Y109.216 E247.06292
G0 F15000 X110.75 Y108.735
G1 F2400 X112.135 Y107.35 E247.08625
G0 F15000 X112.133 Y106.786
G1 F2400 X110.665 Y108.255 E247.11099
G0 F15000 X110.623 Y107.731
G1 F2400 X112.421 Y105.933 E247.14129
G0 F15000 X110.876 Y105.781
G1 F2400 X114.782 Y101.874 E247.2071
G0 F15000 X115.539 Y101.684
G1 F2400 X110.67 Y106.552 E247.28913
G0 F15000 X110.623 Y107.165
G1 F2400 X116.159 Y101.628 E247.38241
G0 F15000 X116.735 Y101.619
G1 F2400 X114.93 Y103.424 E247.41282
G0 F15000 X115.725 Y103.194
G1 F2400 X117.255 Y101.664 E247.4386
G0 F15000 X117.739 Y101.746
G1 F2400 X116.368 Y103.117 E247.46169
G0 F15000 X116.904 Y103.147
G1 F2400 X118.185 Y101.865 E247.48328
G0 F15000 X118.615 Y102.002
G1 F2400 X117.412 Y103.204 E247.50354
G0 F15000 X117.845 Y103.337
G1 F2400 X119.001 Y102.181 E247.52302
G0 F15000 X119.387 Y102.36
G1 F2400 X118.261 Y103.487 E247.542
G0 F15000 X118.634 Y103.68
G1 F2400 X119.728 Y102.585 E247.56044
G0 F15000 X120.062 Y102.817
G1 F2400 X118.982 Y103.897 E247.57864
G0 F15000 X119.31 Y104.134
G1 F2400 X120.379 Y103.065 E247.59665
G0 F15000 X120.662 Y103.348
G1 F2400 X119.592 Y104.419 E247.61468
G0 F15000 X119.874 Y104.702
G1 F2400 X120.945 Y103.631 E247.63273
G0 F15000 X121.191 Y103.951
G1 F2400 X120.111 Y105.031 E247.65092
G0 F15000 X120.33 Y105.378
G1 F2400 X121.424 Y104.284 E247.66935
G0 F15000 X121.647 Y104.627
G1 F2400 X120.522 Y105.752 E247.68831
G0 F15000 X120.669 Y106.17
G1 F2400 X121.827 Y105.012 E247.70782
G0 F15000 X122.007 Y105.398
G1 F2400 X120.796 Y106.609 E247.72822
G0 F15000 X120.853 Y107.118
G1 F2400 X122.14 Y105.83 E247.74991
G0 F15000 X122.26 Y106.276
G1 F2400 X120.875 Y107.661 E247.77325
G0 F15000 X120.807 Y108.295
G1 F2400 X122.337 Y106.764 E247.79903
G0 F15000 X122.383 Y107.284
G1 F2400 X120.573 Y109.095 E247.82954
G0 F15000 X120.618 Y107.498
G0 X120.513 Y106.582
G0 X120.209 Y105.713
G0 X119.721 Y104.937
G0 X119.066 Y104.281
G0 X113.832 Y102.259
G1 F2400 X111.263 Y104.827 E247.87281
M204 S3500
;MESH:NONMESH
G0 F600 X111.263 Y104.827 Z9.8
G0 F15000 X116.505 Y101.075
;TIME_ELAPSED:638.132584
;LAYER:48
;TYPE:FILL
;MESH:The cap.stl
G1 F4200 X117.099 Y101.127 E247.88029
G1 X117.261 Y101.083 E247.88239
G1 X118.181 Y101.222 E247.89406
G1 X118.156 Y101.317 E247.89529
G1 X118.694 Y101.462 E247.90228
G1 X119.165 Y101.681 E247.90879
G1 X119.037 Y101.553 E247.91106
G1 X119.749 Y101.897 E247.92098
G1 X120.529 Y102.427 E247.93281
G1 X121.257 Y103.103 E247.94527
G1 X121.854 Y103.851 E247.95727
G1 X122.336 Y104.689 E247.96939
G1 X122.441 Y104.957 E247.973
G1 X122.321 Y104.837 E247.97513
G1 X122.538 Y105.299 E247.98153
G1 X122.683 Y105.842 E247.98858
G1 X122.78 Y105.816 E247.98984
G1 X122.918 Y106.727 E248.00139
G1 X122.874 Y106.892 E248.00353
G1 X122.928 Y107.498 E248.01116
G1 X122.83 Y108.614 E248.02521
G1 X122.54 Y109.698 E248.03928
G1 X122.068 Y110.707 E248.05325
G1 X121.718 Y111.206 E248.0609
G1 X121.67 Y111.384 E248.06321
G1 X121.433 Y111.734 E248.06851
G1 X121.068 Y112.07 E248.07473
G1 X121.025 Y112.026 E248.0755
G1 X120.636 Y112.419 E248.08244
G1 X120.208 Y112.717 E248.08898
G1 X120.438 Y112.655 E248.09196
G1 X120.356 Y112.733 E248.09338
G1 X119.103 Y113.457 E248.11153
G1 X117.944 Y113.815 E248.12674
G1 X116.99 Y113.959 E248.13884
G1 X116.015 Y113.959 E248.15107
G1 X115.734 Y113.916 E248.15463
G1 X115.901 Y113.871 E248.1568
G1 X115.389 Y113.827 E248.16325
G1 X114.843 Y113.68 E248.17034
G1 X114.827 Y113.741 E248.17113
G1 X114.001 Y113.487 E248.18196
G1 X113.825 Y113.312 E248.18508
G1 X113.295 Y113.065 E248.19241
G1 X112.375 Y112.421 E248.20649
G1 X111.583 Y111.629 E248.22054
G1 X110.942 Y110.715 E248.23454
G1 X110.691 Y110.177 E248.24198
G1 X110.565 Y110.051 E248.24422
G1 X110.225 Y109.18 E248.25594
G1 X110.297 Y109.161 E248.25688
G1 X110.116 Y108.14 E248.26988
G1 X110.082 Y108.265 E248.2715
G1 X110.026 Y107.506 E248.28105
G1 X110.097 Y106.542 E248.29317
G1 X110.314 Y105.59 E248.30541
G1 X110.755 Y104.467 E248.32054
G1 X111.325 Y103.628 E248.33326
G1 X111.278 Y103.804 E248.33555
G1 X111.58 Y103.374 E248.34214
G1 X112.374 Y102.579 E248.35623
G1 X112.802 Y102.278 E248.36279
G1 X112.624 Y102.326 E248.3651
G1 X112.27 Y102.567 E248.37047
G1 X111.93 Y102.932 E248.37673
G1 X111.976 Y102.977 E248.37753
M204 S429
G0 F15000 X112.414 Y107.958
G0 X112.675 Y109.094
G0 X113.288 Y110.066
G0 X113.939 Y110.718
G0 X114.719 Y111.208
G0 X116.431 Y111.666
G0 X116.509 Y110.97
;TYPE:WALL-OUTER
G1 F3000 X115.731 Y110.886 E248.38735
G1 X114.978 Y110.618 E248.39737
G1 X114.34 Y110.214 E248.40684
G1 X113.788 Y109.661 E248.41664
G1 X113.274 Y108.843 E248.42875
G1 X113.053 Y107.879 E248.44116
G1 X113.057 Y106.902 E248.45341
G1 X113.367 Y106.01 E248.46525
G1 X113.779 Y105.351 E248.475
G1 X114.337 Y104.788 E248.48494
G1 X114.997 Y104.371 E248.49473
G1 X115.731 Y104.114 E248.50448
G1 X116.493 Y104.03 E248.51409
G1 X117.287 Y104.117 E248.52411
G1 X118.008 Y104.371 E248.5337
G1 X118.65 Y104.775 E248.54321
G1 X119.219 Y105.34 E248.55327
G1 X119.638 Y106.009 E248.56316
G1 X119.881 Y106.705 E248.57241
G1 X119.974 Y107.492 E248.58235
G1 X119.882 Y108.29 E248.59242
G1 X119.632 Y109.004 E248.60191
G1 X119.228 Y109.647 E248.61143
G1 X118.675 Y110.205 E248.62128
G1 X118.001 Y110.632 E248.63129
G1 X117.287 Y110.883 E248.64078
G1 X116.509 Y110.97 E248.6506
G0 F15000 X116.311 Y110.949
G0 X116.233 Y111.644
G0 X116.011 Y114.06
G0 X115.953 Y114.759
G1 F3000 X117.052 Y114.759 E248.66438
G1 X118.12 Y114.598 E248.67792
G1 X119.424 Y114.195 E248.69504
G1 X120.606 Y113.512 E248.71216
G1 X121.033 Y113.197 E248.71881
G1 X122.046 Y112.257 E248.73614
G1 X122.803 Y111.143 E248.75303
G1 X123.281 Y110.15 E248.76685
G1 X123.601 Y109.115 E248.78044
G1 X123.762 Y108.049 E248.79396
G1 X123.762 Y106.949 E248.80775
G1 X123.559 Y105.614 E248.82469
G1 X123.06 Y104.341 E248.84183
G1 X122.516 Y103.399 E248.85547
G1 X121.843 Y102.556 E248.869
G1 X121.033 Y101.803 E248.88287
G1 X120.146 Y101.2 E248.89632
G1 X119.153 Y100.721 E248.91015
G1 X118.125 Y100.404 E248.92364
G1 X116.772 Y100.201 E248.94079
G1 X115.42 Y100.304 E248.9578
G1 X114.094 Y100.605 E248.97485
G1 X112.86 Y101.2 E248.99203
G1 X111.748 Y101.954 E249.00888
G1 X110.806 Y102.97 E249.02625
G1 X110.045 Y104.086 E249.04319
G1 X109.547 Y105.355 E249.06029
G1 X109.304 Y106.42 E249.07398
G1 X109.224 Y107.506 E249.08764
G1 X109.304 Y108.58 E249.10115
G1 X109.546 Y109.639 E249.11477
G1 X110.044 Y110.913 E249.13192
G1 X110.806 Y112.03 E249.14888
G1 X111.558 Y112.84 E249.16274
G1 X112.402 Y113.514 E249.17628
G1 X113.584 Y114.197 E249.1934
G1 X114.886 Y114.598 E249.21049
G1 X115.953 Y114.759 E249.22402
M204 S1500
G0 F15000 X116.153 Y114.759
G0 X115.983 Y114.359
;TYPE:WALL-INNER
G1 F3300 X117.022 Y114.359 E249.23705
G1 X118.031 Y114.207 E249.24984
G1 X119.263 Y113.826 E249.26602
G1 X120.596 Y113.055 E249.28533
G1 X121.738 Y111.997 E249.30485
G1 X122.455 Y110.943 E249.32084
G1 X122.907 Y110.004 E249.3339
G1 X123.21 Y109.025 E249.34676
G1 X123.362 Y108.019 E249.35951
G1 X123.362 Y106.979 E249.37256
G1 X123.17 Y105.718 E249.38855
G1 X122.698 Y104.515 E249.40476
G1 X122.185 Y103.625 E249.41764
G1 X121.549 Y102.829 E249.43042
G1 X120.783 Y102.117 E249.44353
G1 X119.946 Y101.548 E249.45622
G1 X119.006 Y101.095 E249.46931
G1 X118.036 Y100.795 E249.48204
G1 X116.759 Y100.604 E249.49823
G1 X115.48 Y100.7 E249.51432
G1 X114.227 Y100.985 E249.53043
G1 X113.06 Y101.548 E249.54668
G1 X112.008 Y102.261 E249.56262
G1 X111.12 Y103.22 E249.57901
G1 X110.398 Y104.28 E249.59509
G1 X109.931 Y105.473 E249.61116
G1 X109.701 Y106.48 E249.62411
G1 X109.625 Y107.506 E249.63701
G1 X109.701 Y108.52 E249.64977
G1 X109.93 Y109.521 E249.66264
G1 X110.399 Y110.724 E249.67883
G1 X111.12 Y111.78 E249.69487
G1 X111.831 Y112.546 E249.70798
G1 X112.628 Y113.182 E249.72076
G1 X113.745 Y113.828 E249.73694
G1 X114.975 Y114.207 E249.75308
G1 X115.983 Y114.359 E249.76587
G0 F15000 X116.011 Y114.06
G0 X116.475 Y111.671
G0 X116.509 Y111.37
G1 F3300 X115.642 Y111.276 E249.7768
G1 X114.827 Y110.995 E249.78761
G1 X114.09 Y110.527 E249.79856
G1 X113.474 Y109.909 E249.80951
G1 X112.898 Y109.003 E249.82297
G1 X112.654 Y107.94 E249.83665
G1 X112.654 Y106.85 E249.85031
G1 X113.017 Y105.812 E249.8641
G1 X113.473 Y105.087 E249.87485
G1 X114.082 Y104.48 E249.88563
G1 X114.823 Y104.011 E249.89663
G1 X115.643 Y103.724 E249.90752
G1 X116.501 Y103.627 E249.91835
G1 X117.367 Y103.72 E249.92927
G1 X118.182 Y104.01 E249.94012
G1 X118.916 Y104.468 E249.95097
G1 X119.533 Y105.09 E249.96196
G1 X119.996 Y105.82 E249.9728
G1 X120.279 Y106.633 E249.98359
G1 X120.374 Y107.492 E249.99443
G1 X120.28 Y108.365 E250.00544
G1 X119.993 Y109.178 E250.01625
G1 X119.538 Y109.907 E250.02703
G1 X118.895 Y110.543 E250.03837
G1 X118.161 Y110.999 E250.04921
G1 X117.361 Y111.28 E250.05984
G1 X116.509 Y111.37 E250.07058
M204 S1000
G0 F15000 X116.528 Y111.695
;TYPE:SKIN
G1 F2400 X115.559 Y111.59 E250.08219
G1 X114.689 Y111.285 E250.09318
G1 X113.872 Y110.76 E250.10475
G1 X113.213 Y110.101 E250.11585
G1 X112.604 Y109.135 E250.12945
G1 X112.336 Y107.99 E250.14346
G1 X112.34 Y106.781 E250.15787
G1 X112.715 Y105.694 E250.17157
G1 X113.241 Y104.872 E250.18319
G1 X113.918 Y104.199 E250.19456
G1 X114.682 Y103.722 E250.20529
G1 X115.571 Y103.413 E250.21651
G1 X116.519 Y103.307 E250.22787
G1 X117.449 Y103.409 E250.23902
G1 X118.32 Y103.719 E250.25003
G1 X119.105 Y104.208 E250.26105
G1 X119.791 Y104.9 E250.27266
G1 X120.285 Y105.678 E250.28364
G1 X120.59 Y106.552 E250.29467
G1 X120.692 Y107.47 E250.30567
G1 X120.591 Y108.446 E250.31736
G1 X120.282 Y109.318 E250.32838
G1 X119.805 Y110.088 E250.33917
G1 X119.105 Y110.788 E250.35096
G1 X118.323 Y111.282 E250.36198
G1 X117.44 Y111.591 E250.37313
G1 X116.528 Y111.695 E250.38406
G0 F15000 X116.504 Y113.603
G1 F2400 X117.569 Y113.508 E250.3968
G1 X118.587 Y113.236 E250.40936
G1 X119.551 Y112.785 E250.42203
G1 X120.429 Y112.172 E250.43479
G1 X121.176 Y111.424 E250.44739
G1 X121.789 Y110.545 E250.46015
G1 X122.24 Y109.58 E250.47284
G1 X122.512 Y108.564 E250.48537
G1 X122.606 Y107.498 E250.49812
G1 X122.511 Y106.432 E250.51087
G1 X122.238 Y105.416 E250.5234
G1 X121.787 Y104.45 E250.53611
G1 X121.176 Y103.578 E250.54879
G1 X120.424 Y102.826 E250.56146
G1 X119.547 Y102.213 E250.57421
G1 X118.576 Y101.762 E250.58696
G1 X117.565 Y101.491 E250.59943
G1 X116.505 Y101.397 E250.61211
G1 X115.436 Y101.492 E250.62489
G1 X114.42 Y101.764 E250.63743
G1 X113.455 Y102.214 E250.65011
G1 X112.581 Y102.826 E250.66282
G1 X111.827 Y103.581 E250.67553
G1 X111.217 Y104.454 E250.68822
G1 X110.765 Y105.423 E250.70096
G1 X110.424 Y106.702 E250.71673
G1 X110.424 Y108.04 E250.73267
G1 X110.655 Y109.34 E250.7484
G1 X111.22 Y110.553 E250.76434
G1 X111.829 Y111.42 E250.77696
G1 X112.582 Y112.174 E250.78966
G1 X113.457 Y112.786 E250.80238
G1 X114.428 Y113.238 E250.81514
G1 X115.439 Y113.508 E250.8276
G1 X116.504 Y113.603 E250.84034
G0 F15000 X113.903 Y112.772
G1 F2400 X111.227 Y110.095 E250.88544
G0 F15000 X110.817 Y109.12
G1 F2400 X114.836 Y113.139 E250.95315
G0 F15000 X115.581 Y113.318
G1 F2400 X110.696 Y108.433 E251.03545
G0 F15000 X110.623 Y107.794
G1 F2400 X113.055 Y110.226 E251.07643
G0 F15000 X113.426 Y110.597
G1 F2400 X116.203 Y113.374 E251.12321
G0 F15000 X116.772 Y113.378
G1 F2400 X114.998 Y111.604 E251.1531
G0 F15000 X115.773 Y111.814
G1 F2400 X117.291 Y113.331 E251.17867
G0 F15000 X117.771 Y113.245
G1 F2400 X116.413 Y111.888 E251.20154
G0 F15000 X116.94 Y111.849
G1 F2400 X118.218 Y113.127 E251.22307
G0 F15000 X118.644 Y112.987
G1 F2400 X117.447 Y111.79 E251.24324
G0 F15000 X117.873 Y111.651
G1 F2400 X119.029 Y112.806 E251.26271
G0 F15000 X119.414 Y112.626
G1 F2400 X118.293 Y111.505 E251.28159
G0 F15000 X118.659 Y111.305
G1 F2400 X119.752 Y112.398 E251.30001
G0 F15000 X120.085 Y112.166
G1 F2400 X119.006 Y111.086 E251.31819
G0 F15000 X119.332 Y110.846
G1 F2400 X120.401 Y111.915 E251.33621
G0 F15000 X120.684 Y111.633
G1 F2400 X119.612 Y110.561 E251.35427
G0 F15000 X119.894 Y110.277
G1 F2400 X120.966 Y111.35 E251.37234
G0 F15000 X121.208 Y111.026
G1 F2400 X120.127 Y109.945 E251.39055
G0 F15000 X120.343 Y109.595
G1 F2400 X121.441 Y110.693 E251.40905
G0 F15000 X121.66 Y110.346
G1 F2400 X120.529 Y109.215 E251.4281
G0 F15000 X120.677 Y108.798
G1 F2400 X121.84 Y109.961 E251.4477
G0 F15000 X122.021 Y109.576
G1 F2400 X120.8 Y108.354 E251.46828
G0 F15000 X120.855 Y107.844
G1 F2400 X122.15 Y109.139 E251.4901
G0 F15000 X122.27 Y108.693
G1 F2400 X120.872 Y107.296 E251.51364
G0 F15000 X120.801 Y106.659
G1 F2400 X122.342 Y108.2 E251.5396
G0 F15000 X122.388 Y107.68
G1 F2400 X120.554 Y105.846 E251.5705
G0 F15000 X122.106 Y105.701
G1 F2400 X118.301 Y101.896 E251.63461
G0 F15000 X117.528 Y101.689
G1 F2400 X122.312 Y106.473 E251.71521
G0 F15000 X122.368 Y107.094
G1 F2400 X116.908 Y101.634 E251.8072
G0 F15000 X116.322 Y101.614
G1 F2400 X118.156 Y103.449 E251.83811
G0 F15000 X117.338 Y103.196
G1 F2400 X115.803 Y101.661 E251.86397
G0 F15000 X115.31 Y101.733
G1 F2400 X116.7 Y103.123 E251.88739
G0 F15000 X116.153 Y103.142
G1 F2400 X114.863 Y101.853 E251.90911
G0 F15000 X114.428 Y101.983
G1 F2400 X115.648 Y103.203 E251.92967
G0 F15000 X115.206 Y103.327
G1 F2400 X114.042 Y102.162 E251.94929
G0 F15000 X113.655 Y102.341
G1 F2400 X114.787 Y103.473 E251.96836
G0 F15000 X114.406 Y103.658
G1 F2400 X113.308 Y102.56 E251.98686
G0 F15000 X112.975 Y102.793
G1 F2400 X114.058 Y103.876 E252.00511
G0 F15000 X113.721 Y104.105
G1 F2400 X112.652 Y103.036 E252.02312
G0 F15000 X112.369 Y103.318
G1 F2400 X113.441 Y104.39 E252.04118
G0 F15000 X113.161 Y104.675
G1 F2400 X112.087 Y103.601 E252.05927
G0 F15000 X111.836 Y103.916
G1 F2400 X112.919 Y104.999 E252.07752
G0 F15000 X112.7 Y105.346
G1 F2400 X111.603 Y104.249 E252.096
G0 F15000 X111.375 Y104.587
G1 F2400 X112.499 Y105.711 E252.11494
G0 F15000 X112.353 Y106.131
G1 F2400 X111.196 Y104.973 E252.13444
G0 F15000 X111.016 Y105.359
G1 F2400 X112.207 Y106.551 E252.15451
G0 F15000 X112.135 Y107.043
G1 F2400 X110.875 Y105.784 E252.17573
G0 F15000 X110.756 Y106.231
G1 F2400 X112.137 Y107.611 E252.19899
G0 F15000 X112.184 Y108.224
G1 F2400 X110.637 Y106.677 E252.22506
G0 F15000 X110.623 Y107.229
G1 F2400 X112.352 Y108.958 E252.25419
G0 F15000 X112.415 Y106.803
G0 X112.794 Y105.717
G0 X113.285 Y104.937
G0 X113.935 Y104.285
G0 X114.714 Y103.794
G0 X119.281 Y102.311
G1 F2400 X121.691 Y104.721 E252.29479
M204 S3500
;MESH:NONMESH
G0 F600 X121.691 Y104.721 Z10
G0 F15000 X116.505 Y101.075
;TIME_ELAPSED:650.151219
;LAYER:49
;TYPE:FILL
;MESH:The cap.stl
G1 F4200 X117.099 Y101.127 E252.30227
G1 X117.261 Y101.083 E252.30437
G1 X118.181 Y101.222 E252.31604
G1 X118.156 Y101.317 E252.31727
G1 X118.694 Y101.462 E252.32426
G1 X119.165 Y101.681 E252.33077
G1 X119.037 Y101.553 E252.33304
G1 X119.749 Y101.897 E252.34296
G1 X120.529 Y102.427 E252.35479
G1 X121.257 Y103.103 E252.36725
G1 X121.854 Y103.851 E252.37925
G1 X122.336 Y104.689 E252.39137
G1 X122.441 Y104.957 E252.39498
G1 X122.321 Y104.837 E252.39711
G1 X122.538 Y105.299 E252.40351
G1 X122.683 Y105.842 E252.41056
G1 X122.78 Y105.816 E252.41182
G1 X122.918 Y106.727 E252.42337
G1 X122.874 Y106.892 E252.42551
G1 X122.928 Y107.498 E252.43314
G1 X122.83 Y108.614 E252.44719
G1 X122.54 Y109.698 E252.46126
G1 X122.068 Y110.707 E252.47523
G1 X121.718 Y111.206 E252.48287
G1 X121.655 Y111.439 E252.4859
G1 X121.069 Y112.07 E252.4967
G1 X121.025 Y112.026 E252.49748
G1 X120.636 Y112.419 E252.50442
G1 X120.208 Y112.717 E252.51096
G1 X120.374 Y112.673 E252.51311
G1 X120.149 Y112.854 E252.51673
G1 X119.105 Y113.456 E252.53184
G1 X117.944 Y113.815 E252.54708
G1 X116.99 Y113.959 E252.55918
G1 X116.015 Y113.959 E252.57141
G1 X115.734 Y113.916 E252.57497
G1 X115.901 Y113.871 E252.57714
G1 X115.389 Y113.827 E252.58359
G1 X114.843 Y113.68 E252.59068
G1 X114.827 Y113.741 E252.59147
G1 X114.001 Y113.487 E252.60231
G1 X113.825 Y113.312 E252.60542
G1 X113.295 Y113.065 E252.61275
G1 X112.375 Y112.421 E252.62683
G1 X111.583 Y111.629 E252.64088
G1 X110.942 Y110.715 E252.65488
G1 X110.691 Y110.177 E252.66232
G1 X110.565 Y110.051 E252.66456
G1 X110.225 Y109.18 E252.67628
G1 X110.297 Y109.161 E252.67722
G1 X110.116 Y108.14 E252.69022
G1 X110.082 Y108.265 E252.69185
G1 X110.026 Y107.506 E252.70139
G1 X110.097 Y106.542 E252.71351
G1 X110.314 Y105.59 E252.72576
G1 X110.755 Y104.467 E252.74089
G1 X111.325 Y103.628 E252.75361
G1 X111.278 Y103.804 E252.75589
G1 X111.58 Y103.374 E252.76248
G1 X112.374 Y102.579 E252.77657
G1 X112.802 Y102.278 E252.78313
G1 X112.624 Y102.326 E252.78544
G1 X112.27 Y102.567 E252.79081
G1 X111.93 Y102.932 E252.79707
G1 X111.976 Y102.977 E252.79788
M204 S429
G1 F1500 E246.29788
G0 F15000 X111.808 Y104.792
G0 X112.843 Y105.751
G0 X116.509 Y110.97
;TYPE:WALL-OUTER
G1 F1500 E252.79788
G1 F3000 X115.731 Y110.886 E252.80769
G1 X114.978 Y110.618 E252.81771
G1 X114.34 Y110.214 E252.82718
G1 X113.788 Y109.661 E252.83698
G1 X113.274 Y108.843 E252.8491
G1 X113.053 Y107.879 E252.8615
G1 X113.057 Y106.902 E252.87375
G1 X113.367 Y106.01 E252.88559
G1 X113.779 Y105.351 E252.89534
G1 X114.337 Y104.788 E252.90528
G1 X114.997 Y104.371 E252.91507
G1 X115.731 Y104.114 E252.92482
G1 X116.493 Y104.03 E252.93444
G1 X117.287 Y104.117 E252.94445
G1 X118.008 Y104.371 E252.95404
G1 X118.65 Y104.775 E252.96355
G1 X119.219 Y105.34 E252.97361
G1 X119.638 Y106.009 E252.98351
G1 X119.881 Y106.705 E252.99275
G1 X119.974 Y107.492 E253.00269
G1 X119.882 Y108.29 E253.01276
G1 X119.632 Y109.004 E253.02225
G1 X119.228 Y109.647 E253.03177
G1 X118.664 Y110.215 E253.04181
G1 X118.001 Y110.632 E253.05163
G1 X117.287 Y110.883 E253.06112
G1 X116.509 Y110.97 E253.07094
G0 F15000 X116.311 Y110.949
G1 F1500 E246.57094
G0 F15000 X116.254 Y111.448
G0 X116.17 Y112.91
G0 X116.011 Y114.06
G0 X115.953 Y114.759
G1 F1500 E253.07094
G1 F3000 X117.052 Y114.759 E253.08472
G1 X118.12 Y114.598 E253.09827
G1 X119.426 Y114.195 E253.11541
G1 X120.601 Y113.516 E253.13242
G1 X121.447 Y112.84 E253.146
G1 X122.199 Y112.03 E253.15986
G1 X122.803 Y111.143 E253.17332
G1 X123.281 Y110.15 E253.18714
G1 X123.601 Y109.115 E253.20073
G1 X123.762 Y108.049 E253.21425
G1 X123.762 Y106.949 E253.22804
G1 X123.559 Y105.614 E253.24498
G1 X123.06 Y104.341 E253.26212
G1 X122.516 Y103.399 E253.27576
G1 X121.843 Y102.556 E253.28929
G1 X121.033 Y101.803 E253.30316
G1 X120.146 Y101.2 E253.31661
G1 X119.153 Y100.721 E253.33044
G1 X118.125 Y100.404 E253.34393
G1 X116.772 Y100.201 E253.36108
G1 X115.42 Y100.304 E253.37809
G1 X114.094 Y100.605 E253.39514
G1 X112.86 Y101.2 E253.41232
G1 X111.748 Y101.954 E253.42917
G1 X110.806 Y102.97 E253.44654
G1 X110.045 Y104.086 E253.46348
G1 X109.547 Y105.355 E253.48058
G1 X109.304 Y106.42 E253.49427
G1 X109.224 Y107.506 E253.50793
G1 X109.304 Y108.58 E253.52144
G1 X109.546 Y109.639 E253.53506
G1 X110.044 Y110.913 E253.55221
G1 X110.806 Y112.03 E253.56917
G1 X111.558 Y112.84 E253.58303
G1 X112.402 Y113.514 E253.59657
G1 X113.584 Y114.197 E253.61369
G1 X114.886 Y114.598 E253.63078
G1 X115.953 Y114.759 E253.64431
M204 S1500
G0 F15000 X116.153 Y114.759
G0 X115.983 Y114.359
;TYPE:WALL-INNER
G1 F3300 X117.022 Y114.359 E253.65734
G1 X118.031 Y114.207 E253.67014
G1 X119.266 Y113.825 E253.68635
G1 X120.375 Y113.184 E253.70241
G1 X121.174 Y112.546 E253.71523
G1 X121.885 Y111.78 E253.72834
G1 X122.455 Y110.943 E253.74104
G1 X122.907 Y110.004 E253.75411
G1 X123.21 Y109.025 E253.76696
G1 X123.362 Y108.019 E253.77972
G1 X123.362 Y106.979 E253.79276
G1 X123.17 Y105.718 E253.80875
G1 X122.698 Y104.515 E253.82496
G1 X122.185 Y103.625 E253.83784
G1 X121.549 Y102.829 E253.85062
G1 X120.783 Y102.117 E253.86373
G1 X119.946 Y101.548 E253.87643
G1 X119.006 Y101.095 E253.88951
G1 X118.036 Y100.795 E253.90224
G1 X116.759 Y100.604 E253.91844
G1 X115.48 Y100.7 E253.93452
G1 X114.227 Y100.985 E253.95063
G1 X113.06 Y101.548 E253.96688
G1 X112.008 Y102.261 E253.98282
G1 X111.12 Y103.22 E253.99921
G1 X110.398 Y104.28 E254.01529
G1 X109.931 Y105.473 E254.03136
G1 X109.701 Y106.48 E254.04431
G1 X109.625 Y107.506 E254.05721
G1 X109.701 Y108.52 E254.06997
G1 X109.93 Y109.521 E254.08284
G1 X110.399 Y110.724 E254.09904
G1 X111.12 Y111.78 E254.11507
G1 X111.831 Y112.546 E254.12818
G1 X112.628 Y113.182 E254.14096
G1 X113.745 Y113.828 E254.15715
G1 X114.975 Y114.207 E254.17329
G1 X115.983 Y114.359 E254.18607
G1 F1500 E247.68607
G0 F15000 X116.011 Y114.06
G0 X116.369 Y112.927
G0 X116.51 Y111.556
G0 X116.509 Y111.37
G1 F1500 E254.18607
G1 F3300 X115.642 Y111.276 E254.19701
G1 X114.827 Y110.995 E254.20782
G1 X114.09 Y110.527 E254.21876
G1 X113.474 Y109.909 E254.22971
G1 X112.898 Y109.003 E254.24317
G1 X112.654 Y107.94 E254.25685
G1 X112.654 Y106.85 E254.27052
G1 X113.017 Y105.812 E254.28431
G1 X113.473 Y105.087 E254.29505
G1 X114.082 Y104.48 E254.30583
G1 X114.823 Y104.011 E254.31683
G1 X115.643 Y103.724 E254.32772
G1 X116.501 Y103.627 E254.33855
G1 X117.367 Y103.72 E254.34947
G1 X118.182 Y104.01 E254.36032
G1 X118.916 Y104.468 E254.37117
G1 X119.533 Y105.09 E254.38216
G1 X119.996 Y105.82 E254.393
G1 X120.279 Y106.633 E254.40379
G1 X120.374 Y107.492 E254.41463
G1 X120.28 Y108.365 E254.42564
G1 X119.993 Y109.178 E254.43645
G1 X119.535 Y109.911 E254.44729
G1 X118.914 Y110.528 E254.45827
G1 X118.19 Y110.989 E254.46903
G1 X117.361 Y111.28 E254.48005
G1 X116.509 Y111.37 E254.49079
M204 S1000
G0 F15000 X116.528 Y111.695
;TYPE:SKIN
G1 F2400 X115.559 Y111.59 E254.50302
G1 X114.689 Y111.285 E254.51458
G1 X113.872 Y110.76 E254.52676
G1 X113.213 Y110.101 E254.53844
G1 X112.604 Y109.135 E254.55276
G1 X112.336 Y107.99 E254.56751
G1 X112.34 Y106.781 E254.58267
G1 X112.727 Y105.671 E254.59741
G1 X113.241 Y104.872 E254.60933
G1 X113.918 Y104.199 E254.6213
G1 X114.682 Y103.722 E254.63259
G1 X115.57 Y103.413 E254.64439
G1 X116.5 Y103.306 E254.65612
G1 X117.45 Y103.408 E254.66811
G1 X118.32 Y103.719 E254.67969
G1 X119.104 Y104.208 E254.69128
G1 X119.791 Y104.9 E254.70351
G1 X120.285 Y105.678 E254.71507
G1 X120.59 Y106.552 E254.72667
G1 X120.693 Y107.491 E254.73852
G1 X120.592 Y108.447 E254.75058
G1 X120.284 Y109.316 E254.76214
G1 X119.791 Y110.105 E254.7738
G1 X119.107 Y110.784 E254.78589
G1 X118.326 Y111.28 E254.79749
G1 X117.441 Y111.591 E254.80926
G1 X116.528 Y111.695 E254.82078
G1 F1500 E248.32078
G0 F15000 X116.509 Y111.475
G0 X116.39 Y112.929
G0 X116.505 Y112.799
G1 F1500 E254.82078
G1 F2400 X117.43 Y112.717 E254.83243
G1 X118.311 Y112.481 E254.84386
G1 X119.152 Y112.089 E254.8555
G1 X119.91 Y111.557 E254.86711
G1 X120.562 Y110.904 E254.87868
G1 X121.092 Y110.146 E254.89028
G1 X121.485 Y109.303 E254.90195
G1 X121.72 Y108.424 E254.91336
G1 X121.801 Y107.498 E254.92501
G1 X121.72 Y106.571 E254.93668
G1 X121.484 Y105.693 E254.94808
G1 X121.09 Y104.85 E254.95975
G1 X120.56 Y104.093 E254.97134
G1 X119.906 Y103.439 E254.98294
G1 X119.149 Y102.91 E254.99452
G1 X118.306 Y102.518 E255.00618
G1 X117.427 Y102.282 E255.01759
G1 X116.505 Y102.202 E255.0292
G1 X115.575 Y102.283 E255.04091
G1 X114.697 Y102.519 E255.05231
G1 X113.854 Y102.912 E255.06397
G1 X113.096 Y103.442 E255.07557
G1 X112.443 Y104.096 E255.08716
G1 X111.913 Y104.853 E255.09875
G1 X111.52 Y105.697 E255.11042
G1 X111.224 Y106.809 E255.12485
G1 X111.224 Y107.971 E255.13942
G1 X111.424 Y109.097 E255.15377
G1 X111.914 Y110.149 E255.16832
G1 X112.446 Y110.907 E255.17993
G1 X113.098 Y111.56 E255.1915
G1 X113.857 Y112.09 E255.20311
G1 X114.698 Y112.482 E255.21475
G1 X115.578 Y112.717 E255.22617
G1 X116.505 Y112.799 E255.23784
G0 F15000 X116.486 Y113.018
G0 X115.557 Y112.877
G0 X114.638 Y112.63
G0 X113.776 Y112.229
G0 X112.996 Y111.683
G0 X112.322 Y111.01
G0 X111.776 Y110.231
G0 X111.271 Y109.149
G0 X111.064 Y107.977
G0 X111.064 Y106.908
G0 X111.547 Y105.117
G0 X111.927 Y105.295
G1 F2400 X114.297 Y102.925 E255.27987
G0 F15000 X115.197 Y102.591
G1 F2400 X111.594 Y106.194 E255.34377
G1 F1500 E248.84377
G0 F15000 X111.19 Y106.086
G0 X111.808 Y104.792
G0 X113.332 Y104.978
G0 X114.928 Y103.425
G1 F1500 E255.34377
G1 F2400 X115.899 Y102.455 E255.36098
G0 F15000 X116.516 Y102.403
G1 F2400 X115.722 Y103.197 E255.37507
G0 F15000 X116.363 Y103.122
G1 F2400 X117.037 Y102.448 E255.38702
G0 F15000 X117.533 Y102.517
G1 F2400 X116.902 Y103.149 E255.39822
G0 F15000 X117.412 Y103.204
G1 F2400 X117.979 Y102.637 E255.40827
G0 F15000 X118.4 Y102.782
G1 F2400 X117.845 Y103.337 E255.41812
G0 F15000 X118.262 Y103.486
G1 F2400 X118.786 Y102.962 E255.42741
G0 F15000 X119.155 Y103.159
G1 F2400 X118.633 Y103.68 E255.43666
G0 F15000 X118.982 Y103.897
G1 F2400 X119.488 Y103.391 E255.44563
G0 F15000 X119.814 Y103.631
G1 F2400 X119.31 Y104.135 E255.45457
G0 F15000 X119.592 Y104.419
G1 F2400 X120.097 Y103.914 E255.46353
G0 F15000 X120.379 Y104.197
G1 F2400 X119.874 Y104.702 E255.47248
G0 F15000 X120.111 Y105.031
G1 F2400 X120.616 Y104.525 E255.48145
G0 F15000 X120.849 Y104.858
G1 F2400 X120.329 Y105.378 E255.49067
G0 F15000 X120.521 Y105.752
G1 F2400 X121.045 Y105.228 E255.49996
G0 F15000 X121.225 Y105.614
G1 F2400 X120.668 Y106.171 E255.50984
G0 F15000 X120.796 Y106.609
G1 F2400 X121.368 Y106.037 E255.51998
G0 F15000 X121.488 Y106.483
G1 F2400 X120.853 Y107.117 E255.53124
G0 F15000 X120.877 Y107.659
G1 F2400 X121.553 Y106.983 E255.54323
G0 F15000 X121.598 Y107.504
G1 F2400 X120.807 Y108.294 E255.55725
G0 F15000 X121.543 Y108.124
G1 F2400 X120.574 Y109.093 E255.57443
G0 F15000 X120.289 Y108.64
G0 X120.12 Y106.672
G0 X119.847 Y105.887
G0 X119.407 Y105.188
G0 X118.815 Y104.596
G0 X118.111 Y104.154
G0 X117.325 Y103.88
G0 X116.505 Y103.788
G0 X115.674 Y103.882
G0 X114.889 Y104.157
G0 X114.187 Y104.6
G0 X112.817 Y106.07
G0 X112.42 Y105.933
G1 F2400 X111.423 Y106.931 E255.59212
G0 F15000 X111.423 Y107.497
G1 F2400 X112.133 Y106.786 E255.60472
G0 F15000 X112.135 Y107.35
G1 F2400 X111.44 Y108.045 E255.61705
G0 F15000 X111.525 Y108.526
G1 F2400 X112.137 Y107.913 E255.62791
G0 F15000 X112.222 Y108.394
G1 F2400 X111.61 Y109.006 E255.63876
G0 F15000 X111.784 Y109.398
G1 F2400 X112.328 Y108.854 E255.64841
G0 F15000 X112.463 Y109.285
G1 F2400 X111.963 Y109.784 E255.65727
G0 F15000 X112.161 Y110.153
G1 F2400 X112.681 Y109.632 E255.6665
G0 F15000 X112.9 Y109.979
G1 F2400 X112.394 Y110.485 E255.67547
G0 F15000 X112.633 Y110.812
G1 F2400 X113.134 Y110.31 E255.68437
G0 F15000 X113.42 Y110.59
G1 F2400 X112.916 Y111.094 E255.69331
G0 F15000 X113.199 Y111.377
G1 F2400 X113.706 Y110.87 E255.7023
G0 F15000 X114.036 Y111.106
G1 F2400 X113.526 Y111.616 E255.71134
G0 F15000 X113.859 Y111.848
G1 F2400 X114.383 Y111.325 E255.72063
G0 F15000 X114.755 Y111.518
G1 F2400 X114.23 Y112.043 E255.72994
G0 F15000 X114.616 Y112.223
G1 F2400 X115.174 Y111.665 E255.73983
G0 F15000 X115.611 Y111.794
G1 F2400 X115.039 Y112.366 E255.74998
G0 F15000 X115.485 Y112.485
G1 F2400 X116.118 Y111.852 E255.7612
G0 F15000 X116.656 Y111.88
G1 F2400 X115.984 Y112.552 E255.77312
G0 F15000 X116.504 Y112.598
G1 F2400 X117.294 Y111.807 E255.78714
G0 F15000 X117.125 Y112.543
G1 F2400 X118.096 Y111.572 E255.80436
G0 F15000 X117.831 Y112.402
G1 F2400 X121.403 Y108.83 E255.86771
G0 F15000 X121.06 Y109.739
G1 F2400 X118.739 Y112.06 E255.90887
G0 F15000 X118.916 Y112.442
G0 X116.505 Y113.14
G1 F2160 X115.541 Y113.056 E255.92155
G1 X114.582 Y112.802 E255.93455
G1 X113.686 Y112.387 E255.94749
G1 X112.879 Y111.822 E255.9604
G1 X112.182 Y111.125 E255.97332
G1 X111.619 Y110.322 E255.98617
G1 F2154.6 X111.098 Y109.203 E256.00239
G1 X110.883 Y107.996 E256.01849
G1 X110.884 Y106.763 E256.03468
G1 X111.2 Y105.578 E256.05079
G1 F2160 X111.616 Y104.683 E256.06373
G1 X112.18 Y103.877 E256.07662
G1 X112.877 Y103.179 E256.08954
G1 X113.683 Y102.615 E256.10243
G1 F2154.6 X114.577 Y102.2 E256.11538
G1 X115.518 Y101.947 E256.12818
G1 F2160 X116.505 Y101.86 E256.14116
G1 X117.464 Y101.944 E256.15378
G1 X118.423 Y102.198 E256.16678
G1 X119.319 Y102.613 E256.17972
G1 X120.127 Y103.178 E256.19264
G1 X120.823 Y103.874 E256.20554
G1 X121.387 Y104.679 E256.21842
G1 F2154.6 X121.803 Y105.573 E256.23137
G1 X122.056 Y106.514 E256.24417
G1 F2160 X122.143 Y107.498 E256.25712
G1 X122.056 Y108.482 E256.27006
G1 F2154.6 X121.804 Y109.423 E256.28286
G1 X121.389 Y110.317 E256.2958
G1 F2160 X120.812 Y111.137 E256.30894
G1 X120.131 Y111.82 E256.32158
G1 F2154.6 X119.323 Y112.385 E256.33453
G1 X118.43 Y112.8 E256.34746
G1 X117.487 Y113.053 E256.36029
G1 X116.505 Y113.14 E256.37324
G0 F15000 X116.505 Y113.583
G1 F2154.6 X117.565 Y113.488 E256.38721
G1 X118.58 Y113.216 E256.40102
G1 X119.541 Y112.768 E256.41494
G1 X120.416 Y112.156 E256.42897
G1 F2160 X121.16 Y111.411 E256.44277
G1 X121.772 Y110.535 E256.45677
G1 F2154.6 X122.22 Y109.573 E256.47071
G1 X122.491 Y108.56 E256.48448
G1 F2160 X122.585 Y107.498 E256.49845
G1 X122.491 Y106.435 E256.51244
G1 F2154.6 X122.219 Y105.423 E256.5262
G1 X121.769 Y104.46 E256.54016
G1 F2160 X121.16 Y103.59 E256.55408
G1 X120.412 Y102.842 E256.56794
G1 X119.537 Y102.23 E256.58193
G1 X118.569 Y101.781 E256.59592
G1 X117.562 Y101.512 E256.60958
G1 X116.505 Y101.418 E256.62348
G1 X115.44 Y101.512 E256.63749
G1 F2154.6 X114.427 Y101.784 E256.65127
G1 X113.465 Y102.232 E256.66521
G1 F2160 X112.593 Y102.842 E256.67915
G1 X111.843 Y103.593 E256.69306
G1 X111.234 Y104.464 E256.70699
G1 X110.784 Y105.43 E256.72096
G1 F2154.6 X110.444 Y106.704 E256.73828
G1 X110.443 Y108.038 E256.7558
G1 X110.675 Y109.334 E256.77309
G1 X111.238 Y110.543 E256.79061
G1 F2160 X111.844 Y111.408 E256.80445
G1 X112.594 Y112.158 E256.81835
G1 X113.467 Y112.769 E256.83231
G1 X114.435 Y113.218 E256.84629
G1 F2154.6 X115.443 Y113.488 E256.86
G1 X116.505 Y113.583 E256.874
M204 S3500
G1 F1500 E250.374
;MESH:NONMESH
G0 F600 X116.505 Y113.583 Z10.2
G0 F15000 X119.233 Y112.227
G0 X120.013 Y111.681
G0 X120.685 Y111.007
G0 X121.231 Y110.227
G0 X121.633 Y109.365
G0 X121.88 Y108.446
G0 X121.963 Y107.498
G0 X121.879 Y106.551
G0 X121.632 Y105.632
G0 X121.229 Y104.769
G0 X120.683 Y103.99
G0 X120.01 Y103.317
G0 X116.502 Y101.075
;TIME_ELAPSED:665.688921
;LAYER:50
;TYPE:FILL
;MESH:The cap.stl
G1 F1500 E256.874
G1 F4200 X117.093 Y101.128 E256.88145
G1 X117.265 Y101.082 E256.88368
G1 X118.181 Y101.223 E256.8953
G1 X118.155 Y101.318 E256.89654
G1 X118.707 Y101.465 E256.9037
G1 X119.168 Y101.684 E256.9101
G1 X119.035 Y101.551 E256.91246
G1 X119.739 Y101.89 E256.92226
G1 X120.541 Y102.437 E256.93443
G1 X121.249 Y103.093 E256.94654
G1 X121.856 Y103.854 E256.95874
G1 X122.337 Y104.687 E256.97081
G1 X122.444 Y104.96 E256.97448
G1 X122.318 Y104.834 E256.97672
G1 X122.539 Y105.299 E256.98317
G1 X122.684 Y105.842 E256.99022
G1 X122.78 Y105.816 E256.99147
G1 X122.917 Y106.729 E257.00305
G1 X122.873 Y106.894 E257.00519
G1 X122.924 Y107.472 E257.01246
G1 X122.831 Y108.611 E257.02679
G1 X122.544 Y109.679 E257.04066
G1 X122.054 Y110.727 E257.05517
G1 X121.718 Y111.206 E257.06251
G1 X121.656 Y111.439 E257.06553
G1 X121.07 Y112.072 E257.07635
G1 X121.023 Y112.024 E257.07719
G1 X120.629 Y112.422 E257.08421
G1 X120.206 Y112.718 E257.09069
G1 X120.376 Y112.672 E257.0929
G1 X120.153 Y112.852 E257.09649
G1 X119.104 Y113.458 E257.11168
G1 X117.943 Y113.815 E257.12692
G1 X116.984 Y113.959 E257.13908
G1 X116.021 Y113.959 E257.15115
G1 X115.735 Y113.916 E257.15478
G1 X115.912 Y113.868 E257.15708
G1 X115.355 Y113.816 E257.1641
G1 X114.844 Y113.678 E257.17073
G1 X114.827 Y113.741 E257.17155
G1 X114.003 Y113.489 E257.18236
G1 X113.815 Y113.302 E257.18568
G1 X113.266 Y113.045 E257.19328
G1 X112.357 Y112.403 E257.20724
G1 X111.59 Y111.635 E257.22085
G1 X110.938 Y110.71 E257.23504
G1 X110.692 Y110.179 E257.24238
G1 X110.563 Y110.049 E257.24468
G1 X110.224 Y109.18 E257.25638
G1 X110.296 Y109.161 E257.25731
G1 X110.119 Y108.13 E257.27043
G1 X110.082 Y108.265 E257.27218
G1 X110.025 Y107.501 E257.28179
G1 X110.097 Y106.537 E257.29391
G1 X110.315 Y105.586 E257.30615
G1 X110.752 Y104.47 E257.32118
G1 X111.325 Y103.627 E257.33396
G1 X111.275 Y103.815 E257.3364
G1 X111.59 Y103.364 E257.3433
G1 X112.358 Y102.595 E257.35693
G1 X112.808 Y102.277 E257.36384
G1 X112.621 Y102.327 E257.36627
G1 X112.268 Y102.568 E257.37163
G1 X111.93 Y102.931 E257.37785
G1 X111.976 Y102.977 E257.37866
M204 S429
G1 F1500 E250.87866
G0 F15000 X111.079 Y104.371
G0 X110.617 Y105.361
G0 X110.264 Y106.684
G0 X110.264 Y108.047
G0 X110.502 Y109.392
G0 X111.081 Y110.633
G0 X111.707 Y111.526
G0 X112.48 Y112.298
G0 X113.375 Y112.925
G0 X114.364 Y113.385
G0 X116.425 Y113.815
G0 X116.485 Y113.12
;TYPE:WALL-OUTER
G1 F1500 E257.37866
G1 F3000 X115.507 Y113.03 E257.39098
G1 X114.583 Y112.781 E257.40298
G1 X113.68 Y112.359 E257.41548
G1 X112.905 Y111.818 E257.42733
G1 X112.198 Y111.114 E257.43984
G1 X111.632 Y110.304 E257.45223
G1 X111.119 Y109.201 E257.46749
G1 X110.905 Y108.007 E257.4827
G1 X110.904 Y106.77 E257.49821
G1 X111.22 Y105.583 E257.51362
G1 X111.643 Y104.678 E257.52614
G1 X112.185 Y103.902 E257.53801
G1 X112.886 Y103.197 E257.55048
G1 X113.688 Y102.636 E257.56276
G1 X114.598 Y102.214 E257.57533
G1 X115.517 Y101.968 E257.58727
G1 X116.521 Y101.88 E257.5999
G1 X117.482 Y101.966 E257.612
G1 X118.417 Y102.217 E257.62414
G1 X119.326 Y102.641 E257.63672
G1 X120.115 Y103.193 E257.6488
G1 X120.803 Y103.881 E257.661
G1 X121.368 Y104.688 E257.67335
G1 X121.781 Y105.573 E257.6856
G1 X122.034 Y106.506 E257.69772
G1 X122.123 Y107.518 E257.71046
G1 X122.039 Y108.469 E257.72244
G1 X121.783 Y109.424 E257.73483
G1 X121.362 Y110.322 E257.74727
G1 X120.811 Y111.11 E257.75933
G1 X120.115 Y111.807 E257.77168
G1 X119.319 Y112.364 E257.78386
G1 X118.439 Y112.775 E257.79604
G1 X117.464 Y113.036 E257.8087
G1 X116.485 Y113.12 E257.82102
G0 F15000 X116.286 Y113.102
G1 F1500 E251.32102
G0 F15000 X116.226 Y113.798
G0 X116.341 Y114.939
G0 X116.19 Y116.762
G0 X116.34 Y117.278
G1 F1500 E257.82102
G1 F3000 X117.613 Y117.216 E257.83701
G1 X118.839 Y116.995 E257.85263
G1 X120.056 Y116.611 E257.86863
G1 X121.204 Y116.074 E257.88453
G1 X122.265 Y115.4 E257.90029
G1 X123.483 Y114.382 E257.9202
G1 X124.486 Y113.149 E257.94013
G1 X125.151 Y112.066 E257.95607
G1 X125.797 Y110.623 E257.97589
G1 X126.154 Y109.08 E257.99575
G1 X126.276 Y107.818 E258.01165
G1 X126.235 Y106.544 E258.02764
G1 X126.033 Y105.306 E258.04337
G1 X125.667 Y104.083 E258.05938
G1 X125.158 Y102.947 E258.07499
G1 X124.328 Y101.596 E258.09487
G1 X123.256 Y100.427 E258.11476
G1 X122.289 Y99.616 E258.13059
G1 X121.218 Y98.934 E258.14651
G1 X120.071 Y98.395 E258.1624
G1 X118.857 Y98.009 E258.17838
G1 X117.621 Y97.785 E258.19413
G1 X116.357 Y97.722 E258.21
G1 X115.087 Y97.825 E258.22598
G1 X113.845 Y98.09 E258.24191
G1 X112.659 Y98.508 E258.25768
G1 X111.527 Y99.08 E258.27358
G1 X110.486 Y99.791 E258.28939
G1 X109.533 Y100.641 E258.3054
G1 X108.714 Y101.588 E258.3211
G1 X108.01 Y102.656 E258.33714
G1 X107.458 Y103.783 E258.35288
G1 X107.051 Y104.991 E258.36887
G1 X106.807 Y106.225 E258.38464
G1 X106.724 Y107.5 E258.40066
G1 X106.805 Y108.758 E258.41647
G1 X107.047 Y109.993 E258.43226
G1 X107.452 Y111.202 E258.44824
G1 X108.002 Y112.33 E258.46398
G1 X108.704 Y113.399 E258.48002
G1 X109.522 Y114.347 E258.49572
G1 X110.473 Y115.199 E258.51173
G1 X111.514 Y115.912 E258.52756
G1 X112.645 Y116.486 E258.54346
G1 X113.828 Y116.907 E258.55921
G1 X115.071 Y117.173 E258.57515
G1 X116.34 Y117.278 E258.59112
M204 S1500
G0 F15000 X116.539 Y117.269
G0 X116.347 Y116.877
;TYPE:WALL-INNER
G1 F3300 X117.567 Y116.818 E258.60643
G1 X118.743 Y116.606 E258.62142
G1 X119.91 Y116.237 E258.63677
G1 X121.011 Y115.722 E258.65201
G1 X122.029 Y115.076 E258.66713
G1 X123.197 Y114.1 E258.68622
G1 X124.159 Y112.917 E258.70534
G1 X124.797 Y111.879 E258.72062
G1 X125.415 Y110.498 E258.73959
G1 X125.758 Y109.016 E258.75867
G1 X125.876 Y107.805 E258.77393
G1 X125.836 Y106.583 E258.78926
G1 X125.642 Y105.396 E258.80434
G1 X125.291 Y104.223 E258.8197
G1 X124.804 Y103.134 E258.83466
G1 X124.007 Y101.838 E258.85374
G1 X122.979 Y100.717 E258.87281
G1 X122.052 Y99.94 E258.88798
G1 X121.025 Y99.285 E258.90325
G1 X119.925 Y98.768 E258.9185
G1 X118.76 Y98.398 E258.93382
G1 X117.575 Y98.183 E258.94893
G1 X116.363 Y98.123 E258.96414
G1 X115.145 Y98.221 E258.97947
G1 X113.954 Y98.476 E258.99474
G1 X112.817 Y98.876 E259.00986
G1 X111.731 Y99.425 E259.02512
G1 X110.733 Y100.107 E259.04028
G1 X109.819 Y100.922 E259.05563
G1 X109.034 Y101.83 E259.07068
G1 X108.358 Y102.855 E259.08608
G1 X107.829 Y103.935 E259.10116
G1 X107.439 Y105.094 E259.1165
G1 X107.205 Y106.277 E259.13162
G1 X107.125 Y107.5 E259.14699
G1 X107.203 Y108.706 E259.16215
G1 X107.435 Y109.891 E259.17729
G1 X107.823 Y111.05 E259.19262
G1 X108.35 Y112.132 E259.20771
G1 X109.024 Y113.157 E259.22309
G1 X109.808 Y114.066 E259.23815
G1 X110.721 Y114.883 E259.25351
G1 X111.718 Y115.567 E259.26867
G1 X112.803 Y116.118 E259.28393
G1 X113.938 Y116.521 E259.29904
G1 X115.13 Y116.776 E259.31432
G1 X116.347 Y116.877 E259.32964
G1 F1500 E252.82964
G0 F15000 X116.696 Y114.939
G0 X116.558 Y113.818
G0 X116.533 Y113.52
G1 F1500 E259.32964
G1 F3300 X115.433 Y113.423 E259.34348
G1 X114.449 Y113.158 E259.35626
G1 X113.474 Y112.702 E259.36976
G1 X112.633 Y112.116 E259.38262
G1 X111.886 Y111.369 E259.39586
G1 X111.281 Y110.496 E259.40918
G1 X110.727 Y109.3 E259.42571
G1 X110.504 Y108.011 E259.44212
G1 X110.508 Y106.716 E259.45836
G1 X110.841 Y105.455 E259.47471
G1 X111.286 Y104.491 E259.48803
G1 X111.895 Y103.624 E259.50131
G1 X112.62 Y102.899 E259.51417
G1 X113.476 Y102.297 E259.5273
G1 X114.439 Y101.843 E259.54065
G1 X115.433 Y101.577 E259.55355
G1 X116.533 Y101.48 E259.5674
G1 X117.554 Y101.572 E259.58025
G1 X118.539 Y101.835 E259.59304
G1 X119.534 Y102.299 E259.60681
G1 X120.372 Y102.886 E259.61964
G1 X121.098 Y103.61 E259.63249
G1 X121.709 Y104.478 E259.64581
G1 X122.161 Y105.438 E259.65911
G1 X122.433 Y106.46 E259.67237
G1 X122.523 Y107.48 E259.68522
G1 X122.426 Y108.578 E259.69904
G1 X122.165 Y109.546 E259.71161
G1 X121.721 Y110.507 E259.72489
G1 X121.122 Y111.362 E259.73798
G1 X120.372 Y112.115 E259.75131
G1 X119.534 Y112.702 E259.76414
G1 X118.538 Y113.165 E259.77791
G1 X117.554 Y113.427 E259.79068
G1 X116.533 Y113.52 E259.80354
M204 S1000
G0 F15000 X117.006 Y114.279
;TYPE:SKIN
G1 F2400 X115.992 Y114.279 E259.81562
G1 X114.977 Y114.125 E259.82785
G1 X113.745 Y113.739 E259.84323
G1 X112.688 Y113.126 E259.85778
G1 X111.87 Y112.475 E259.87024
G1 X111.178 Y111.726 E259.88239
G1 X110.458 Y110.659 E259.89772
G1 X110 Y109.483 E259.91276
G1 X109.783 Y108.527 E259.92444
G1 X109.706 Y107.516 E259.93652
G1 X109.783 Y106.468 E259.94903
G1 X110.004 Y105.505 E259.96081
G1 X110.466 Y104.322 E259.97594
G1 X111.196 Y103.252 E259.99137
G1 X112.06 Y102.324 E260.00647
G1 X113.089 Y101.62 E260.02133
G1 X114.239 Y101.066 E260.03653
G1 X115.491 Y100.779 E260.05184
G1 X116.762 Y100.684 E260.06702
G1 X118.038 Y100.877 E260.08239
G1 X119.003 Y101.178 E260.09444
G1 X119.89 Y101.606 E260.10617
G1 X120.748 Y102.189 E260.11853
G1 X121.482 Y102.871 E260.13046
G1 X122.127 Y103.682 E260.14281
G1 X122.633 Y104.56 E260.15488
G1 X123.085 Y105.71 E260.1696
G1 X123.283 Y107.004 E260.1852
G1 X123.282 Y108.013 E260.19722
G1 X123.13 Y109.021 E260.20936
G1 X122.838 Y109.965 E260.22113
G1 X122.382 Y110.912 E260.23366
G1 X121.819 Y111.735 E260.24554
G1 X121.125 Y112.485 E260.25771
G1 X120.321 Y113.124 E260.26994
G1 X119.211 Y113.76 E260.28518
G1 X118.027 Y114.125 E260.29995
G1 X117.006 Y114.279 E260.31225
G1 F1500 E253.81225
G0 F15000 X116.33 Y114.939
G0 X116.179 Y116.761
G0 X116.355 Y116.555
G1 F1500 E260.31225
G1 F2400 X117.537 Y116.499 E260.32634
G1 X118.657 Y116.296 E260.3399
G1 X119.794 Y115.938 E260.3541
G1 X120.862 Y115.438 E260.36815
G1 X121.834 Y114.82 E260.38188
G1 X122.973 Y113.866 E260.39958
G1 X123.896 Y112.733 E260.41699
G1 X124.517 Y111.722 E260.43112
G1 X125.112 Y110.392 E260.44848
G1 X125.441 Y108.961 E260.46597
G1 X125.554 Y107.79 E260.47999
G1 X125.517 Y106.607 E260.49409
G1 X125.331 Y105.475 E260.50775
G1 X124.988 Y104.33 E260.52199
G1 X124.524 Y103.291 E260.53555
G1 X123.748 Y102.031 E260.55318
G1 X122.76 Y100.952 E260.57061
G1 X121.867 Y100.201 E260.58451
G1 X120.876 Y99.57 E260.59851
G1 X119.808 Y99.067 E260.61257
G1 X118.676 Y98.707 E260.62672
G1 X117.544 Y98.502 E260.64043
G1 X116.372 Y98.444 E260.65441
G1 X115.187 Y98.54 E260.66857
G1 X114.035 Y98.786 E260.6826
G1 X112.944 Y99.171 E260.69639
G1 X111.893 Y99.702 E260.71041
G1 X110.935 Y100.357 E260.72424
G1 X110.043 Y101.153 E260.73848
G1 X109.293 Y102.021 E260.75215
G1 X108.635 Y103.02 E260.7664
G1 X108.129 Y104.051 E260.78008
G1 X107.748 Y105.181 E260.79429
G1 X107.525 Y106.314 E260.80805
G1 X107.446 Y107.507 E260.82229
G1 X107.521 Y108.669 E260.83616
G1 X107.745 Y109.804 E260.84994
G1 X108.124 Y110.934 E260.86414
G1 X108.627 Y111.968 E260.87784
G1 X109.284 Y112.968 E260.8921
G1 X110.034 Y113.836 E260.90576
G1 X110.924 Y114.634 E260.92
G1 X111.88 Y115.291 E260.93382
G1 X112.932 Y115.824 E260.94787
G1 X114.018 Y116.211 E260.96161
G1 X115.172 Y116.457 E260.97566
G1 X116.355 Y116.555 E260.98981
G0 F15000 X116.33 Y116.854
G0 X115.142 Y116.696
G0 X113.96 Y116.443
G0 X112.835 Y116.044
G0 X111.759 Y115.498
G0 X110.771 Y114.82
G0 X109.008 Y113.095
G0 X109.426 Y112.821
G1 F2400 X111.152 Y114.547 E261.01889
G0 F15000 X110.868 Y114.96
G0 X112.377 Y115.879
G0 X112.604 Y115.433
G1 F2400 X108.575 Y111.403 E261.08677
G0 F15000 X108.124 Y111.621
G0 X107.69 Y110.586
G0 X108.166 Y110.428
G1 F2400 X113.577 Y115.84 E261.17795
G0 F15000 X114.387 Y116.084
G1 F2400 X107.91 Y109.607 E261.28707
G0 F15000 X107.77 Y108.902
G1 F2400 X115.106 Y116.237 E261.41066
G0 F15000 X115.737 Y116.302
G1 F2400 X112.922 Y113.487 E261.45809
G0 F15000 X114.045 Y114.045
G1 F2400 X116.354 Y116.354 E261.49699
G0 F15000 X116.894 Y116.328
G1 F2400 X114.863 Y114.297 E261.53121
G0 F15000 X115.545 Y114.414
G1 F2400 X117.434 Y116.303 E261.56303
G0 F15000 X117.922 Y116.225
G1 F2400 X116.175 Y114.478 E261.59247
G0 F15000 X116.741 Y114.479
G1 F2400 X118.401 Y116.138 E261.62043
G0 F15000 X118.852 Y116.024
G1 F2400 X117.27 Y114.441 E261.64709
G0 F15000 X117.762 Y114.368
G1 F2400 X119.282 Y115.888 E261.6727
G0 F15000 X119.712 Y115.752
G1 F2400 X118.227 Y114.267 E261.69772
G0 F15000 X118.66 Y114.134
G1 F2400 X120.098 Y115.573 E261.72195
G0 F15000 X120.483 Y115.392
G1 F2400 X119.093 Y114.001 E261.74538
G0 F15000 X119.489 Y113.832
G1 F2400 X120.858 Y115.201 E261.76845
G0 F15000 X121.204 Y114.981
G1 F2400 X119.847 Y113.624 E261.79131
G0 F15000 X120.205 Y113.417
G1 F2400 X121.55 Y114.762 E261.81397
G0 F15000 X121.876 Y114.522
G1 F2400 X120.551 Y113.197 E261.83629
G0 F15000 X120.865 Y112.945
G1 F2400 X122.183 Y114.264 E261.85851
G0 F15000 X122.492 Y114.006
G1 F2400 X121.178 Y112.693 E261.88064
G0 F15000 X121.465 Y112.414
G1 F2400 X122.799 Y113.748 E261.90311
G0 F15000 X123.059 Y113.442
G1 F2400 X121.736 Y112.12 E261.92539
G0 F15000 X122.002 Y111.82
G1 F2400 X123.313 Y113.13 E261.94747
G0 F15000 X123.566 Y112.818
G1 F2400 X122.232 Y111.484 E261.96995
G0 F15000 X122.462 Y111.148
G1 F2400 X123.807 Y112.493 E261.99261
G0 F15000 X124.022 Y112.143
G1 F2400 X122.664 Y110.785 E262.01549
G0 F15000 X122.849 Y110.404
G1 F2400 X124.237 Y111.792 E262.03887
G0 F15000 X124.432 Y111.421
G1 F2400 X123.026 Y110.015 E262.06256
G0 F15000 X123.161 Y109.585
G1 F2400 X124.607 Y111.03 E262.08692
G0 F15000 X124.781 Y110.639
G1 F2400 X123.296 Y109.153 E262.11194
G0 F15000 X123.384 Y108.676
G1 F2400 X124.942 Y110.234 E262.13819
G0 F15000 X125.048 Y109.774
G1 F2400 X123.458 Y108.185 E262.16497
G0 F15000 X123.482 Y107.642
G1 F2400 X125.153 Y109.314 E262.19313
G0 F15000 X125.25 Y108.845
G1 F2400 X123.482 Y107.077 E262.22292
G0 F15000 X123.394 Y106.423
G1 F2400 X125.3 Y108.33 E262.25504
G0 F15000 X125.35 Y107.813
G1 F2400 X123.294 Y105.758 E262.28967
G0 F15000 X122.965 Y104.863
G1 F2400 X125.336 Y107.234 E262.32962
G0 F15000 X125.317 Y106.65
G1 F2400 X122.357 Y103.689 E262.3795
G1 F1500 E255.8795
G0 F15000 X123.198 Y104.179
G0 X124.817 Y103.456
G0 X124.371 Y103.441
G1 F1500 E262.3795
G1 F2400 X120.585 Y99.655 E262.44329
G0 F15000 X120.798 Y99.202
G0 X119.716 Y98.723
G0 X119.564 Y99.2
G1 F2400 X124.813 Y104.448 E262.53171
G0 F15000 X125.056 Y105.257
G1 F2400 X118.735 Y98.936 E262.63821
G0 F15000 X118.026 Y98.793
G1 F2400 X125.21 Y105.976 E262.75924
G0 F15000 X125.704 Y105.896
G0 X125.215 Y104.252
G0 X124.733 Y103.173
G0 X124.092 Y102.132
G0 X123.286 Y101.083
G0 X122.917 Y101.421
G1 F2400 X122.451 Y100.955 E262.76709
G1 F1500 E256.26709
G0 F15000 X122.774 Y100.572
G0 X121.551 Y99.74
G0 X120.527 Y101.24
G0 X120.328 Y101.66
G1 F1500 E262.76709
G1 F2400 X117.361 Y98.693 E262.81708
G0 F15000 X116.766 Y98.664
G1 F2400 X119.116 Y101.014 E262.85667
G0 F15000 X118.277 Y100.741
G1 F2400 X116.196 Y98.659 E262.89174
G0 F15000 X115.672 Y98.702
G1 F2400 X117.576 Y100.605 E262.92381
G0 F15000 X116.909 Y100.504
G1 F2400 X115.155 Y98.75 E262.95336
G0 F15000 X114.689 Y98.85
G1 F2400 X116.353 Y100.514 E262.98139
G0 F15000 X115.826 Y100.552
G1 F2400 X114.223 Y98.95 E263.00839
G0 F15000 X113.791 Y99.084
G1 F2400 X115.322 Y100.614 E263.03418
G0 F15000 X114.861 Y100.718
G1 F2400 X113.373 Y99.231 E263.05924
G0 F15000 X112.961 Y99.385
G1 F2400 X114.399 Y100.823 E263.08347
G0 F15000 X113.979 Y100.968
G1 F2400 X112.586 Y99.575 E263.10694
G0 F15000 X112.21 Y99.765
G1 F2400 X113.598 Y101.153 E263.13032
G0 F15000 X113.216 Y101.337
G1 F2400 X111.852 Y99.972 E263.15331
G0 F15000 X111.516 Y100.202
G1 F2400 X112.852 Y101.538 E263.17582
G0 F15000 X112.516 Y101.768
G1 F2400 X111.18 Y100.432 E263.19833
G0 F15000 X110.867 Y100.685
G1 F2400 X112.181 Y101.998 E263.22046
G0 F15000 X111.86 Y102.244
G1 F2400 X110.568 Y100.952 E263.24223
G0 F15000 X110.269 Y101.218
G1 F2400 X111.587 Y102.536 E263.26443
G0 F15000 X111.314 Y102.829
G1 F2400 X109.996 Y101.511 E263.28664
G0 F15000 X109.734 Y101.814
G1 F2400 X111.043 Y103.123 E263.30869
G0 F15000 X110.813 Y103.459
G1 F2400 X109.472 Y102.118 E263.33129
G0 F15000 X109.244 Y102.456
G1 F2400 X110.584 Y103.796 E263.35386
G0 F15000 X110.355 Y104.132
G1 F2400 X109.019 Y102.797 E263.37636
G0 F15000 X108.796 Y103.14
G1 F2400 X110.174 Y104.517 E263.39957
G0 F15000 X110.015 Y104.924
G1 F2400 X108.61 Y103.519 E263.42324
G0 F15000 X108.424 Y103.899
G1 F2400 X109.856 Y105.33 E263.44736
G0 F15000 X109.737 Y105.777
G1 F2400 X108.255 Y104.296 E263.47232
G0 F15000 X108.113 Y104.719
G1 F2400 X109.631 Y106.237 E263.4979
G0 F15000 X109.564 Y106.735
G1 F2400 X107.97 Y105.142 E263.52474
G0 F15000 X107.867 Y105.604
G1 F2400 X109.525 Y107.262 E263.55268
G0 F15000 X109.527 Y107.83
G1 F2400 X107.774 Y106.077 E263.58221
G0 F15000 X107.707 Y106.575
G1 F2400 X109.572 Y108.441 E263.61364
G0 F15000 X109.722 Y109.156
G1 F2400 X107.671 Y107.106 E263.64819
G0 F15000 X107.654 Y107.654
G1 F2400 X109.975 Y109.975 E263.68729
G0 F15000 X110.473 Y111.039
G1 F2400 X107.694 Y108.26 E263.73411
M204 S3500
G0 F15000 X109.47 Y108.13
;MESH:NONMESH
G0 F600 X109.47 Y108.13 Z10.4
G0 F15000 X111.079 Y104.371
G0 X111.705 Y103.477
G0 X112.477 Y102.704
G0 X113.371 Y102.078
G0 X114.172 Y101.704
G0 X116.498 Y101.075
;TIME_ELAPSED:688.260171
;LAYER:51
;TYPE:FILL
;MESH:The cap.stl
G1 F4200 X117.096 Y101.127 E263.74164
G1 X117.265 Y101.082 E263.74383
G1 X118.181 Y101.223 E263.75546
G1 X118.155 Y101.321 E263.75673
G1 X118.717 Y101.472 E263.76403
G1 X119.165 Y101.681 E263.77022
G1 X119.035 Y101.551 E263.77253
G1 X119.739 Y101.89 E263.78233
G1 X120.541 Y102.437 E263.7945
G1 X121.249 Y103.093 E263.80661
G1 X121.856 Y103.854 E263.81881
G1 X122.337 Y104.687 E263.83088
G1 X122.444 Y104.96 E263.83455
G1 X122.317 Y104.833 E263.83681
G1 X122.528 Y105.284 E263.84305
G1 X122.68 Y105.843 E263.85031
G1 X122.78 Y105.816 E263.85161
G1 X122.917 Y106.729 E263.86319
G1 X122.871 Y106.901 E263.86542
G1 X122.926 Y107.502 E263.87299
G1 X122.83 Y108.612 E263.88696
G1 X122.54 Y109.698 E263.90106
G1 X122.055 Y110.727 E263.91533
G1 X121.718 Y111.206 E263.92267
G1 X121.656 Y111.439 E263.92569
G1 X121.07 Y112.072 E263.93651
G1 X121.023 Y112.024 E263.93735
G1 X120.629 Y112.422 E263.94438
G1 X120.205 Y112.718 E263.95086
G1 X120.376 Y112.672 E263.95308
G1 X120.153 Y112.852 E263.95668
G1 X119.104 Y113.458 E263.97187
G1 X117.943 Y113.815 E263.9871
G1 X116.984 Y113.959 E263.99926
G1 X116.021 Y113.959 E264.01134
G1 X115.735 Y113.916 E264.01496
G1 X115.912 Y113.868 E264.01726
G1 X115.355 Y113.817 E264.02428
G1 X114.843 Y113.679 E264.03093
G1 X114.827 Y113.741 E264.03173
G1 X114.003 Y113.489 E264.04254
G1 X113.822 Y113.308 E264.04575
G1 X113.291 Y113.063 E264.05308
G1 X112.357 Y112.403 E264.06742
G1 X111.59 Y111.636 E264.08102
G1 X110.938 Y110.704 E264.09529
G1 X110.695 Y110.182 E264.10251
G1 X110.563 Y110.049 E264.10486
G1 X110.224 Y109.18 E264.11656
G1 X110.296 Y109.161 E264.11749
G1 X110.118 Y108.131 E264.1306
G1 X110.082 Y108.265 E264.13234
G1 X110.025 Y107.501 E264.14195
G1 X110.097 Y106.537 E264.15407
G1 X110.315 Y105.586 E264.1663
G1 X110.752 Y104.47 E264.18133
G1 X111.325 Y103.627 E264.19412
G1 X111.277 Y103.806 E264.19644
G1 X111.583 Y103.367 E264.20315
G1 X112.376 Y102.58 E264.21716
G1 X112.804 Y102.278 E264.22373
G1 X112.621 Y102.327 E264.22611
G1 X112.268 Y102.568 E264.23147
G1 X111.93 Y102.931 E264.23769
G1 X111.974 Y102.975 E264.23847
M204 S429
G1 F1500 E257.73847
G0 F15000 X111.079 Y104.371
G0 X110.617 Y105.361
G0 X110.264 Y106.684
G0 X110.264 Y108.047
G0 X110.502 Y109.392
G0 X111.081 Y110.633
G0 X111.707 Y111.526
G0 X112.48 Y112.298
G0 X113.375 Y112.925
G0 X114.364 Y113.385
G0 X116.425 Y113.815
G0 X116.485 Y113.12
;TYPE:WALL-OUTER
G1 F1500 E264.23847
G1 F3000 X115.507 Y113.03 E264.25078
G1 X114.583 Y112.781 E264.26278
G1 X113.68 Y112.359 E264.27528
G1 X112.905 Y111.818 E264.28713
G1 X112.198 Y111.114 E264.29965
G1 X111.634 Y110.307 E264.31199
G1 X111.119 Y109.201 E264.32729
G1 X110.905 Y108.007 E264.3425
G1 X110.904 Y106.77 E264.35802
G1 X111.22 Y105.583 E264.37342
G1 X111.626 Y104.708 E264.38552
G1 X112.208 Y103.875 E264.39826
G1 X112.891 Y103.193 E264.41036
G1 X113.688 Y102.636 E264.42256
G1 X114.598 Y102.214 E264.43514
G1 X115.517 Y101.968 E264.44707
G1 X116.521 Y101.88 E264.45971
G1 X117.48 Y101.966 E264.47178
G1 X118.441 Y102.226 E264.48427
G1 X119.308 Y102.63 E264.49626
G1 X120.101 Y103.182 E264.50838
G1 X120.803 Y103.881 E264.5208
G1 X121.373 Y104.696 E264.53327
G1 X121.782 Y105.573 E264.54541
G1 X122.037 Y106.519 E264.55769
G1 X122.124 Y107.501 E264.57006
G1 X122.04 Y108.462 E264.58215
G1 X121.782 Y109.427 E264.59468
G1 X121.362 Y110.322 E264.60708
G1 X120.811 Y111.11 E264.61914
G1 X120.115 Y111.807 E264.63149
G1 X119.296 Y112.376 E264.64399
G1 X118.408 Y112.786 E264.65626
G1 X117.482 Y113.034 E264.66828
G1 X116.485 Y113.12 E264.68083
G0 F15000 X116.286 Y113.102
G0 X116.226 Y113.798
G0 X116.354 Y116.579
G0 X116.349 Y117.278
G1 F3000 X117.613 Y117.216 E264.6967
G1 X118.847 Y116.993 E264.71243
G1 X120.064 Y116.608 E264.72843
G1 X121.211 Y116.07 E264.74432
G1 X122.272 Y115.395 E264.76009
G1 X123.488 Y114.377 E264.77998
G1 X124.491 Y113.142 E264.79993
G1 X125.155 Y112.059 E264.81586
G1 X125.668 Y110.911 E264.83163
G1 X126.121 Y109.397 E264.85145
G1 X126.276 Y107.834 E264.87114
G1 X126.276 Y107.182 E264.87932
G1 X126.122 Y105.604 E264.8992
G1 X125.667 Y104.083 E264.91911
G1 X125.022 Y102.646 E264.93886
G1 X124.106 Y101.352 E264.95875
G1 X123.25 Y100.424 E264.97458
G1 X122.031 Y99.403 E264.99452
G1 X120.644 Y98.641 E265.01436
G1 X119.468 Y98.183 E265.03019
G1 X118.236 Y97.877 E265.04611
G1 X117.606 Y97.784 E265.0541
G1 X116.349 Y97.722 E265.06988
G1 X115.079 Y97.826 E265.08586
G1 X113.836 Y98.092 E265.1018
G1 X112.65 Y98.511 E265.11757
G1 X111.521 Y99.084 E265.13345
G1 X110.472 Y99.801 E265.14938
G1 X109.758 Y100.401 E265.16108
G1 X109.101 Y101.11 E265.1732
G1 X108.335 Y102.122 E265.18912
G1 X107.553 Y103.494 E265.20892
G1 X107.049 Y104.999 E265.22882
G1 X106.806 Y106.232 E265.24458
G1 X106.724 Y107.506 E265.26059
G1 X106.806 Y108.766 E265.27643
G1 X107.049 Y110.001 E265.29221
G1 X107.553 Y111.506 E265.31212
G1 X108.337 Y112.881 E265.33196
G1 X108.704 Y113.401 E265.33995
G1 X109.527 Y114.353 E265.35573
G1 X110.479 Y115.204 E265.37174
G1 X111.521 Y115.916 E265.38757
G1 X112.651 Y116.489 E265.40345
G1 X113.836 Y116.908 E265.41922
G1 X115.079 Y117.174 E265.43516
G1 X116.349 Y117.278 E265.45114
M204 S1500
G0 F15000 X116.548 Y117.269
G0 X116.356 Y116.877
;TYPE:WALL-INNER
G1 F3300 X117.567 Y116.818 E265.46634
G1 X118.751 Y116.604 E265.48143
G1 X119.918 Y116.234 E265.49678
G1 X121.018 Y115.718 E265.51202
G1 X122.036 Y115.071 E265.52714
G1 X123.202 Y114.095 E265.54621
G1 X124.164 Y112.91 E265.56535
G1 X124.8 Y111.872 E265.58062
G1 X125.292 Y110.771 E265.59574
G1 X125.727 Y109.319 E265.61475
G1 X125.876 Y107.814 E265.63372
G1 X125.876 Y107.201 E265.6414
G1 X125.727 Y105.678 E265.66059
G1 X125.291 Y104.223 E265.67964
G1 X124.673 Y102.845 E265.69858
G1 X123.794 Y101.604 E265.71765
G1 X122.974 Y100.714 E265.73283
G1 X121.803 Y99.734 E265.75198
G1 X120.474 Y99.004 E265.77099
G1 X119.346 Y98.565 E265.78617
G1 X117.868 Y98.198 E265.80527
G1 X116.355 Y98.123 E265.82426
G1 X115.137 Y98.223 E265.83959
G1 X113.945 Y98.478 E265.85488
G1 X112.808 Y98.879 E265.87
G1 X111.725 Y99.429 E265.88523
G1 X110.714 Y100.12 E265.90058
G1 X110.034 Y100.691 E265.91172
G1 X109.408 Y101.367 E265.92327
G1 X108.669 Y102.343 E265.93863
G1 X107.921 Y103.658 E265.9576
G1 X107.437 Y105.102 E265.9767
G1 X107.204 Y106.284 E265.9918
G1 X107.125 Y107.506 E266.00716
G1 X107.204 Y108.714 E266.02234
G1 X107.437 Y109.899 E266.03749
G1 X107.921 Y111.344 E266.0566
G1 X108.824 Y112.927 E266.07945
G1 X109.813 Y114.072 E266.09842
G1 X110.726 Y114.888 E266.11378
G1 X111.725 Y115.571 E266.12896
G1 X112.809 Y116.12 E266.14419
G1 X113.945 Y116.522 E266.15931
G1 X115.137 Y116.777 E266.17459
G1 X116.356 Y116.877 E266.18993
G0 F15000 X116.354 Y116.579
G0 X116.558 Y113.818
G0 X116.533 Y113.52
G1 F3300 X115.433 Y113.423 E266.20378
G1 X114.449 Y113.158 E266.21656
G1 X113.475 Y112.703 E266.23004
G1 X112.633 Y112.116 E266.24291
G1 X111.887 Y111.37 E266.25614
G1 X111.286 Y110.505 E266.26935
G1 X110.727 Y109.3 E266.28601
G1 X110.504 Y108.012 E266.3024
G1 X110.508 Y106.718 E266.31863
G1 X110.84 Y105.456 E266.33499
G1 X111.286 Y104.496 E266.34827
G1 X111.914 Y103.603 E266.36196
G1 X112.633 Y102.884 E266.37471
G1 X113.475 Y102.297 E266.38758
G1 X114.439 Y101.843 E266.40094
G1 X115.433 Y101.577 E266.41384
G1 X116.533 Y101.48 E266.42769
G1 X117.535 Y101.569 E266.44031
G1 X118.575 Y101.847 E266.45381
G1 X119.501 Y102.279 E266.46662
G1 X120.372 Y102.886 E266.47993
G1 X121.097 Y103.609 E266.49277
G1 X121.723 Y104.502 E266.50645
G1 X122.154 Y105.426 E266.51924
G1 X122.43 Y106.441 E266.53243
G1 X122.524 Y107.502 E266.54578
G1 X122.434 Y108.545 E266.55891
G1 X122.171 Y109.526 E266.57165
G1 X121.71 Y110.522 E266.58541
G1 X121.122 Y111.362 E266.59827
G1 X120.372 Y112.114 E266.61159
G1 X119.534 Y112.701 E266.62442
G1 X118.538 Y113.165 E266.6382
G1 X117.554 Y113.428 E266.65097
G1 X116.533 Y113.52 E266.66383
M204 S1000
G0 F15000 X117.006 Y114.279
;TYPE:SKIN
G1 F2400 X115.992 Y114.279 E266.67591
G1 X114.977 Y114.125 E266.68814
G1 X113.745 Y113.739 E266.70352
G1 X112.675 Y113.118 E266.71826
G1 X111.883 Y112.488 E266.73031
G1 X111.178 Y111.726 E266.74268
G1 X110.471 Y110.686 E266.75766
G1 X110 Y109.483 E266.77305
G1 X109.783 Y108.527 E266.78473
G1 X109.706 Y107.516 E266.79681
G1 X109.783 Y106.468 E266.80933
G1 X110.004 Y105.505 E266.8211
G1 X110.472 Y104.311 E266.83638
G1 X111.196 Y103.252 E266.85166
G1 X112.065 Y102.32 E266.86684
G1 X113.113 Y101.607 E266.88195
G1 X114.239 Y101.066 E266.89683
G1 X115.489 Y100.779 E266.91211
G1 X116.763 Y100.684 E266.92733
G1 X118.02 Y100.873 E266.94247
G1 X118.997 Y101.175 E266.95465
G1 X119.899 Y101.611 E266.96659
G1 X120.747 Y102.189 E266.97881
G1 X121.482 Y102.871 E266.99076
G1 X122.13 Y103.687 E267.00317
G1 X122.636 Y104.568 E267.01528
G1 X123.085 Y105.71 E267.0299
G1 X123.282 Y106.984 E267.04525
G1 X123.282 Y108.013 E267.05751
G1 X123.126 Y109.036 E267.06984
G1 X122.838 Y109.965 E267.08143
G1 X122.382 Y110.913 E267.09396
G1 X121.819 Y111.735 E267.10583
G1 X121.125 Y112.485 E267.118
G1 X120.321 Y113.124 E267.13024
G1 X119.237 Y113.75 E267.14515
G1 X118.027 Y114.125 E267.16024
G1 X117.006 Y114.279 E267.17254
G0 F15000 X116.364 Y116.556
G1 F2400 X117.537 Y116.499 E267.18653
G1 X118.665 Y116.294 E267.20019
G1 X119.802 Y115.936 E267.21439
G1 X120.868 Y115.434 E267.22843
G1 X121.845 Y114.812 E267.24223
G1 X122.974 Y113.865 E267.25978
G1 X123.901 Y112.726 E267.27728
G1 X124.52 Y111.716 E267.29139
G1 X124.992 Y110.657 E267.3052
G1 X125.41 Y109.26 E267.32258
G1 X125.585 Y107.505 E267.34359
G1 X125.411 Y105.741 E267.36471
G1 X124.989 Y104.33 E267.38225
G1 X124.398 Y103.012 E267.39946
G1 X123.544 Y101.807 E267.41705
G1 X122.755 Y100.952 E267.43091
G1 X121.614 Y99.996 E267.44865
G1 X120.34 Y99.295 E267.46597
G1 X119.254 Y98.874 E267.47985
G1 X117.812 Y98.516 E267.49755
G1 X116.364 Y98.444 E267.51482
G1 X115.179 Y98.542 E267.52899
G1 X114.025 Y98.788 E267.54304
G1 X112.935 Y99.174 E267.55682
G1 X111.887 Y99.705 E267.57082
G1 X110.905 Y100.378 E267.585
G1 X110.26 Y100.92 E267.59503
G1 X109.652 Y101.578 E267.60571
G1 X108.935 Y102.524 E267.61985
G1 X108.214 Y103.789 E267.6372
G1 X107.747 Y105.189 E267.65478
G1 X107.524 Y106.321 E267.66852
G1 X107.446 Y107.512 E267.68274
G1 X107.523 Y108.675 E267.69663
G1 X107.747 Y109.811 E267.71042
G1 X108.213 Y111.211 E267.728
G1 X109.086 Y112.739 E267.74897
G1 X110.038 Y113.841 E267.76631
G1 X110.929 Y114.638 E267.78056
G1 X111.887 Y115.295 E267.79439
G1 X112.936 Y115.826 E267.8084
G1 X114.025 Y116.211 E267.82216
G1 X115.179 Y116.458 E267.83622
G1 X116.364 Y116.556 E267.85039
G0 F15000 X123.255 Y113.201
G1 F2400 X122.223 Y114.233 E267.86777
G0 F15000 X120.511 Y115.379
G1 F2400 X124.399 Y111.49 E267.93329
G0 F15000 X124.83 Y110.494
G1 F2400 X119.505 Y115.819 E268.023
G0 F15000 X118.679 Y116.08
G1 F2400 X125.072 Y109.687 E268.13071
G0 F15000 X125.238 Y108.955
G1 F2400 X117.979 Y116.214 E268.25301
G0 F15000 X117.319 Y116.308
G1 F2400 X120.219 Y113.408 E268.30187
G0 F15000 X119.047 Y114.015
G1 F2400 X116.724 Y116.338 E268.34101
G0 F15000 X116.157 Y116.339
G1 F2400 X118.229 Y114.267 E268.37592
G0 F15000 X117.528 Y114.402
G1 F2400 X115.636 Y116.295 E268.4078
G0 F15000 X115.124 Y116.241
G1 F2400 X116.886 Y114.478 E268.4375
G0 F15000 X116.321 Y114.477
G1 F2400 X114.658 Y116.141 E268.46553
G0 F15000 X114.191 Y116.042
G1 F2400 X115.785 Y114.448 E268.49238
G0 F15000 X115.293 Y114.375
G1 F2400 X113.762 Y115.906 E268.51818
G0 F15000 X113.344 Y115.758
G1 F2400 X114.819 Y114.282 E268.54303
G0 F15000 X114.388 Y114.148
G1 F2400 X112.935 Y115.601 E268.56752
G0 F15000 X112.559 Y115.411
G1 F2400 X113.957 Y114.013 E268.59107
G0 F15000 X113.55 Y113.855
G1 F2400 X112.183 Y115.221 E268.61409
G0 F15000 X111.828 Y115.011
G1 F2400 X113.192 Y113.647 E268.63707
G0 F15000 X112.834 Y113.439
G1 F2400 X111.493 Y114.781 E268.65967
G0 F15000 X111.157 Y114.55
G1 F2400 X112.487 Y113.221 E268.68207
G0 F15000 X112.173 Y112.969
G1 F2400 X110.848 Y114.294 E268.7044
G0 F15000 X110.549 Y114.027
G1 F2400 X111.859 Y112.717 E268.72647
G0 F15000 X111.568 Y112.443
G1 F2400 X110.25 Y113.76 E268.74867
G0 F15000 X109.98 Y113.465
G1 F2400 X111.295 Y112.149 E268.77083
G0 F15000 X111.026 Y111.853
G1 F2400 X109.718 Y113.161 E268.79287
G0 F15000 X109.455 Y112.858
G1 F2400 X110.796 Y111.517 E268.81546
G0 F15000 X110.567 Y111.181
G1 F2400 X109.205 Y112.543 E268.83841
G0 F15000 X108.999 Y112.183
G1 F2400 X110.337 Y110.845 E268.86095
G0 F15000 X110.165 Y110.452
G1 F2400 X108.794 Y111.823 E268.88405
G0 F15000 X108.588 Y111.462
G1 F2400 X110.005 Y110.046 E268.90791
G0 F15000 X109.844 Y109.641
G1 F2400 X108.388 Y111.097 E268.93244
G0 F15000 X108.246 Y110.673
G1 F2400 X109.73 Y109.19 E268.95744
G0 F15000 X109.625 Y108.728
G1 F2400 X108.105 Y110.249 E268.98305
G0 F15000 X107.963 Y109.824
G1 F2400 X109.557 Y108.231 E269.0099
G0 F15000 X109.518 Y107.705
G1 F2400 X107.863 Y109.359 E269.03778
G0 F15000 X107.77 Y108.887
G1 F2400 X109.535 Y107.122 E269.06751
G0 F15000 X109.58 Y106.511
G1 F2400 X107.705 Y108.386 E269.0991
G0 F15000 X107.669 Y107.856
G1 F2400 X109.731 Y105.794 E269.13384
G0 F15000 X110.006 Y104.954
G1 F2400 X107.659 Y107.301 E269.17339
G0 F15000 X107.699 Y106.695
G1 F2400 X110.54 Y103.854 E269.22125
G0 F15000 X108.579 Y103.552
G1 F2400 X112.527 Y99.604 E269.28777
G0 F15000 X113.518 Y99.179
G1 F2400 X108.182 Y104.515 E269.37767
G0 F15000 X107.92 Y105.343
G1 F2400 X114.337 Y98.925 E269.48579
G0 F15000 X115.056 Y98.772
G1 F2400 X107.781 Y106.047 E269.60836
G0 F15000 X109.634 Y101.932
G1 F2400 X111.034 Y100.532 E269.63195
G0 F15000 X112.862 Y101.532
G1 F2400 X115.694 Y98.7 E269.67966
G0 F15000 X116.311 Y98.649
G1 F2400 X114.003 Y100.957 E269.71855
G0 F15000 X114.791 Y100.735
G1 F2400 X116.857 Y98.668 E269.75336
G0 F15000 X117.396 Y98.695
G1 F2400 X115.516 Y100.575 E269.78504
G0 F15000 X116.126 Y100.53
G1 F2400 X117.911 Y98.746 E269.8151
G0 F15000 X118.364 Y98.858
G1 F2400 X116.736 Y100.486 E269.84253
G0 F15000 X117.234 Y100.554
G1 F2400 X118.817 Y98.97 E269.86921
G0 F15000 X119.262 Y99.092
G1 F2400 X117.726 Y100.628 E269.89509
G0 F15000 X118.2 Y100.719
G1 F2400 X119.669 Y99.25 E269.91984
G0 F15000 X120.076 Y99.409
G1 F2400 X118.634 Y100.851 E269.94413
G0 F15000 X119.065 Y100.986
G1 F2400 X120.459 Y99.591 E269.96763
G0 F15000 X120.825 Y99.791
G1 F2400 X119.447 Y101.17 E269.99085
G0 F15000 X119.828 Y101.354
G1 F2400 X121.19 Y99.992 E270.0138
G0 F15000 X121.545 Y100.202
G1 F2400 X120.184 Y101.564 E270.03674
G0 F15000 X120.521 Y101.792
G1 F2400 X121.854 Y100.46 E270.05919
G0 F15000 X122.161 Y100.718
G1 F2400 X120.857 Y102.022 E270.08116
G0 F15000 X121.153 Y102.292
G1 F2400 X122.469 Y100.976 E270.10333
G0 F15000 X122.758 Y101.252
G1 F2400 X121.447 Y102.564 E270.12543
G0 F15000 X121.723 Y102.853
G1 F2400 X123.03 Y101.546 E270.14745
G0 F15000 X123.301 Y101.841
G1 F2400 X121.974 Y103.168 E270.1698
G0 F15000 X122.225 Y103.482
G1 F2400 X123.547 Y102.16 E270.19208
G0 F15000 X123.782 Y102.491
G1 F2400 X122.441 Y103.832 E270.21467
G0 F15000 X122.649 Y104.19
G1 F2400 X124.016 Y102.823 E270.2377
G0 F15000 X124.243 Y103.161
G1 F2400 X122.847 Y104.558 E270.26123
G0 F15000 X123.006 Y104.964
G1 F2400 X124.418 Y103.552 E270.28502
G0 F15000 X124.594 Y103.942
G1 F2400 X123.166 Y105.37 E270.30908
G0 F15000 X123.303 Y105.799
G1 F2400 X124.769 Y104.332 E270.33379
G0 F15000 X124.907 Y104.76
G1 F2400 X123.378 Y106.29 E270.35956
G0 F15000 X123.453 Y106.78
G1 F2400 X125.037 Y105.196 E270.38624
G0 F15000 X125.167 Y105.631
G1 F2400 X123.481 Y107.318 E270.41466
G0 F15000 X123.481 Y107.883
G1 F2400 X125.246 Y106.119 E270.44439
G0 F15000 X125.297 Y106.633
G1 F2400 X123.405 Y108.525 E270.47626
G0 F15000 X123.278 Y109.218
G1 F2400 X125.348 Y107.148 E270.51114
G0 F15000 X125.363 Y107.698
G1 F2400 X123.02 Y110.042 E270.55062
G0 F15000 X122.427 Y111.2
G1 F2400 X125.3 Y108.327 E270.59902
M204 S3500
G0 F15000 X125.225 Y108.319
;MESH:NONMESH
G0 F600 X125.225 Y108.319 Z10.6
G0 F15000 X121.298 Y103.474
G0 X120.526 Y102.702
G0 X119.631 Y102.075
G0 X118.642 Y101.615
G0 X117.788 Y101.385
G0 X116.426 Y101.181
;TIME_ELAPSED:707.331287
;LAYER:52
;TYPE:FILL
;MESH:The cap.stl
G1 F4200 X116.804 Y101.206 E270.60378
G1 X117.265 Y101.082 E270.60976
G1 X118.181 Y101.223 E270.62138
G1 X118.129 Y101.416 E270.62389
G1 X118.593 Y101.533 E270.62989
G1 X119.362 Y101.878 E270.64046
G1 X119.035 Y101.551 E270.64626
G1 X119.739 Y101.89 E270.65606
G1 X120.541 Y102.437 E270.66823
G1 X121.249 Y103.093 E270.68034
G1 X121.856 Y103.854 E270.69254
G1 X122.337 Y104.687 E270.70461
G1 X122.444 Y104.96 E270.70828
G1 X122.179 Y104.695 E270.71298
G1 X122.613 Y105.861 E270.72859
G1 X122.78 Y105.816 E270.73075
G1 X122.917 Y106.729 E270.74233
G1 X122.807 Y107.141 E270.74768
G1 X122.823 Y107.501 E270.7522
G1 X122.724 Y108.626 E270.76636
G1 X122.435 Y109.695 E270.78025
G1 X121.945 Y110.72 E270.7945
G1 X121.79 Y110.934 E270.79781
G1 X121.656 Y111.439 E270.80436
G1 X121.07 Y112.072 E270.81518
G1 X120.954 Y111.955 E270.81724
G1 X120.514 Y112.389 E270.82499
G1 X119.92 Y112.794 E270.83401
G1 X120.376 Y112.672 E270.83993
G1 X120.153 Y112.852 E270.84352
G1 X119.104 Y113.458 E270.85872
G1 X117.943 Y113.815 E270.87395
G1 X116.984 Y113.959 E270.88611
G1 X116.021 Y113.959 E270.89819
G1 X115.735 Y113.916 E270.90181
G1 X116.166 Y113.8 E270.90741
G1 X115.246 Y113.695 E270.91902
G1 X114.869 Y113.584 E270.92395
G1 X114.827 Y113.741 E270.92599
G1 X114.003 Y113.489 E270.93679
G1 X113.61 Y113.097 E270.94375
G1 X113.19 Y112.889 E270.94963
G1 X112.286 Y112.211 E270.9638
G1 X111.52 Y111.396 E270.97783
G1 X110.935 Y110.491 E270.99134
G1 X110.563 Y110.049 E270.99859
G1 X110.224 Y109.18 E271.01028
G1 X110.414 Y109.13 E271.01275
G1 X110.236 Y108.335 E271.02296
G1 X110.193 Y107.852 E271.02905
G1 X110.082 Y108.265 E271.03441
G1 X110.025 Y107.501 E271.04402
G1 X110.097 Y106.537 E271.05614
G1 X110.315 Y105.586 E271.06837
G1 X110.752 Y104.47 E271.0834
G1 X111.325 Y103.627 E271.09619
G1 X111.199 Y104.096 E271.10228
G1 X111.522 Y103.601 E271.10969
G1 X112.283 Y102.791 E271.12363
G1 X113.055 Y102.21 E271.13574
G1 X112.621 Y102.327 E271.14138
G1 X112.268 Y102.568 E271.14674
G1 X111.93 Y102.931 E271.15296
G1 X112.043 Y103.045 E271.15497
M204 S429
G1 F1500 E264.65497
G0 F15000 X111.066 Y104.603
G0 X110.496 Y106.131
G0 X110.347 Y107.753
G0 X110.632 Y109.376
G0 X111.056 Y110.384
G0 X111.65 Y111.298
G0 X112.395 Y112.093
G0 X113.266 Y112.745
G0 X114.241 Y113.233
G0 X116.303 Y113.715
G0 X116.381 Y113.019
;TYPE:WALL-OUTER
G1 F1500 E271.15497
G1 F3000 X115.412 Y112.911 E271.1672
G1 X114.475 Y112.636 E271.17944
G1 X113.615 Y112.206 E271.1915
G1 X112.82 Y111.614 E271.20393
G1 X112.161 Y110.91 E271.21603
G1 X111.633 Y110.1 E271.22815
G1 X111.243 Y109.177 E271.24072
G1 X111.029 Y108.224 E271.25296
G1 X110.988 Y107.749 E271.25894
G1 X111.03 Y106.772 E271.27121
G1 X111.116 Y106.293 E271.27731
G1 X111.413 Y105.359 E271.2896
G1 X111.629 Y104.905 E271.29591
G1 X112.165 Y104.085 E271.30819
G1 X112.817 Y103.388 E271.32016
G1 X113.6 Y102.803 E271.33242
G1 X114.696 Y102.253 E271.34779
G1 X115.871 Y102.015 E271.36283
G1 X116.399 Y101.981 E271.36946
G1 X117.354 Y102.044 E271.38147
G1 X118.286 Y102.276 E271.39351
G1 X119.19 Y102.677 E271.40591
G1 X120 Y103.227 E271.41819
G1 X120.691 Y103.903 E271.43031
G1 X121.408 Y104.911 E271.44582
G1 X121.83 Y106.049 E271.46104
G1 X122.002 Y107.008 E271.47326
G1 X122.023 Y107.515 E271.47963
G1 X121.938 Y108.466 E271.4916
G1 X121.68 Y109.417 E271.50396
G1 X121.259 Y110.304 E271.51627
G1 X120.699 Y111.088 E271.52835
G1 X120 Y111.773 E271.54062
G1 X119.185 Y112.326 E271.55298
G1 X118.317 Y112.713 E271.56489
G1 X117.36 Y112.955 E271.57727
G1 X116.381 Y113.019 E271.58958
G0 F15000 X116.183 Y112.997
G0 X116.105 Y113.692
G0 X116.354 Y116.579
G0 X116.349 Y117.278
G1 F3000 X117.613 Y117.216 E271.60545
G1 X118.847 Y116.993 E271.62117
G1 X120.064 Y116.608 E271.63718
G1 X121.211 Y116.07 E271.65307
G1 X122.272 Y115.395 E271.66884
G1 X123.488 Y114.377 E271.68872
G1 X124.491 Y113.142 E271.70867
G1 X125.155 Y112.059 E271.7246
G1 X125.668 Y110.911 E271.74037
G1 X126.121 Y109.396 E271.7602
G1 X126.277 Y107.808 E271.78021
G1 X126.277 Y107.182 E271.78806
G1 X126.121 Y105.603 E271.80796
G1 X125.667 Y104.083 E271.82785
G1 X125.022 Y102.646 E271.84761
G1 X124.106 Y101.352 E271.86749
G1 X123.25 Y100.424 E271.88332
G1 X122.031 Y99.403 E271.90326
G1 X120.644 Y98.641 E271.92311
G1 X119.468 Y98.183 E271.93893
G1 X118.236 Y97.877 E271.95485
G1 X117.606 Y97.784 E271.96284
G1 X116.349 Y97.722 E271.97862
G1 X115.079 Y97.826 E271.9946
G1 X113.836 Y98.091 E272.01054
G1 X112.65 Y98.511 E272.02632
G1 X111.521 Y99.084 E272.04219
G1 X110.479 Y99.796 E272.05802
G1 X109.527 Y100.647 E272.07403
G1 X108.501 Y101.834 E272.09371
G1 X107.554 Y103.492 E272.11765
G1 X107.049 Y104.999 E272.13758
G1 X106.806 Y106.232 E272.15334
G1 X106.724 Y107.506 E272.16935
G1 X106.806 Y108.766 E272.18519
G1 X107.049 Y110.001 E272.20097
G1 X107.554 Y111.507 E272.22089
G1 X108.338 Y112.881 E272.24073
G1 X108.704 Y113.401 E272.2487
G1 X109.527 Y114.353 E272.26448
G1 X110.479 Y115.204 E272.2805
G1 X111.521 Y115.916 E272.29632
G1 X112.65 Y116.489 E272.3122
G1 X113.836 Y116.908 E272.32797
G1 X115.079 Y117.174 E272.34391
G1 X116.349 Y117.278 E272.35989
M204 S1500
G0 F15000 X116.548 Y117.269
G0 X116.355 Y116.877
;TYPE:WALL-INNER
G1 F3300 X117.567 Y116.818 E272.37511
G1 X118.751 Y116.604 E272.3902
G1 X119.918 Y116.234 E272.40555
G1 X121.018 Y115.718 E272.42079
G1 X122.035 Y115.071 E272.4359
G1 X123.202 Y114.095 E272.45498
G1 X124.164 Y112.91 E272.47412
G1 X124.8 Y111.872 E272.48939
G1 X125.292 Y110.771 E272.50451
G1 X125.728 Y109.316 E272.52356
G1 X125.877 Y107.788 E272.54281
G1 X125.877 Y107.202 E272.55016
G1 X125.727 Y105.683 E272.5693
G1 X125.291 Y104.223 E272.58841
G1 X124.673 Y102.845 E272.60735
G1 X123.794 Y101.604 E272.62642
G1 X122.973 Y100.714 E272.64161
G1 X121.804 Y99.735 E272.66073
G1 X120.474 Y99.004 E272.67976
G1 X119.347 Y98.565 E272.69493
G1 X117.861 Y98.196 E272.71413
G1 X116.355 Y98.123 E272.73303
G1 X115.137 Y98.222 E272.74836
G1 X113.945 Y98.477 E272.76365
G1 X112.808 Y98.879 E272.77877
G1 X111.725 Y99.429 E272.794
G1 X110.726 Y100.112 E272.80918
G1 X109.813 Y100.928 E272.82453
G1 X108.827 Y102.07 E272.84345
G1 X107.919 Y103.66 E272.86641
G1 X107.437 Y105.101 E272.88547
G1 X107.204 Y106.284 E272.90059
G1 X107.125 Y107.506 E272.91595
G1 X107.204 Y108.714 E272.93113
G1 X107.437 Y109.899 E272.94627
G1 X107.921 Y111.345 E272.96539
G1 X108.83 Y112.935 E272.98836
G1 X109.813 Y114.072 E273.00721
G1 X110.726 Y114.888 E273.02257
G1 X111.725 Y115.571 E273.03774
G1 X112.808 Y116.121 E273.05297
G1 X113.945 Y116.522 E273.06809
G1 X115.137 Y116.777 E273.08338
G1 X116.355 Y116.877 E273.09871
G0 F15000 X116.354 Y116.579
G0 X116.296 Y113.714
G0 X116.33 Y113.418
G1 F3300 X115.336 Y113.306 E273.11125
G1 X114.341 Y113.013 E273.12426
G1 X113.371 Y112.525 E273.13787
G1 X112.554 Y111.912 E273.15068
G1 X111.859 Y111.172 E273.16341
G1 X111.285 Y110.298 E273.17653
G1 X110.864 Y109.304 E273.19006
G1 X110.633 Y108.28 E273.20323
G1 X110.588 Y107.704 E273.21047
G1 X110.633 Y106.722 E273.2228
G1 X110.724 Y106.215 E273.22926
G1 X111.042 Y105.209 E273.24249
G1 X111.281 Y104.707 E273.24946
G1 X111.857 Y103.829 E273.26263
G1 X112.55 Y103.09 E273.27534
G1 X113.374 Y102.473 E273.28824
G1 X114.585 Y101.868 E273.30522
G1 X115.861 Y101.613 E273.32154
G1 X116.415 Y101.581 E273.3285
G1 X117.412 Y101.648 E273.34103
G1 X118.454 Y101.909 E273.3545
G1 X119.383 Y102.326 E273.36727
G1 X120.257 Y102.92 E273.38052
G1 X120.985 Y103.631 E273.39328
G1 X121.756 Y104.7 E273.40981
G1 X122.213 Y105.934 E273.42631
G1 X122.4 Y106.969 E273.4395
G1 X122.421 Y107.551 E273.44681
G1 X122.334 Y108.524 E273.45906
G1 X122.058 Y109.555 E273.47244
G1 X121.601 Y110.514 E273.48576
G1 X121.01 Y111.34 E273.4985
G1 X120.257 Y112.081 E273.51175
G1 X119.391 Y112.672 E273.5249
G1 X118.417 Y113.103 E273.53825
G1 X117.432 Y113.349 E273.55098
G1 X116.33 Y113.418 E273.56483
M204 S1000
G0 F15000 X116.296 Y113.714
G0 X117.006 Y114.279
;TYPE:SKIN
G1 F2400 X115.992 Y114.279 E273.57691
G1 X114.977 Y114.125 E273.58914
G1 X113.745 Y113.739 E273.60452
G1 X112.675 Y113.118 E273.61926
G1 X111.87 Y112.475 E273.63153
G1 X111.192 Y111.745 E273.6434
G1 X110.471 Y110.686 E273.65867
G1 X110 Y109.483 E273.67406
G1 X109.783 Y108.527 E273.68574
G1 X109.706 Y107.516 E273.69782
G1 X109.783 Y106.468 E273.71033
G1 X110.004 Y105.505 E273.7221
G1 X110.472 Y104.311 E273.73738
G1 X111.196 Y103.252 E273.75267
G1 X112.06 Y102.324 E273.76777
G1 X113.113 Y101.607 E273.78295
G1 X114.239 Y101.066 E273.79783
G1 X115.489 Y100.779 E273.81311
G1 X116.763 Y100.684 E273.82833
G1 X118.02 Y100.873 E273.84347
G1 X118.997 Y101.175 E273.85566
G1 X119.899 Y101.611 E273.86759
G1 X120.747 Y102.189 E273.87982
G1 X121.482 Y102.871 E273.89176
G1 X122.13 Y103.687 E273.90418
G1 X122.636 Y104.568 E273.91628
G1 X123.085 Y105.71 E273.9309
G1 X123.282 Y106.984 E273.94626
G1 X123.281 Y108.023 E273.95863
G1 X123.126 Y109.036 E273.97084
G1 X122.83 Y109.987 E273.98271
G1 X122.382 Y110.913 E273.99496
G1 X121.819 Y111.735 E274.00683
G1 X121.125 Y112.485 E274.01901
G1 X120.328 Y113.12 E274.03115
G1 X119.237 Y113.75 E274.04616
G1 X118.027 Y114.125 E274.06125
G1 X117.006 Y114.279 E274.07355
G0 F15000 X116.364 Y116.556
G1 F2400 X117.536 Y116.499 E274.08753
G1 X118.665 Y116.294 E274.1012
G1 X119.801 Y115.936 E274.11539
G1 X120.868 Y115.433 E274.12944
G1 X121.845 Y114.812 E274.14323
G1 X122.974 Y113.865 E274.16079
G1 X123.901 Y112.726 E274.17828
G1 X124.52 Y111.716 E274.19239
G1 X124.99 Y110.66 E274.20617
G1 X125.409 Y109.259 E274.22359
G1 X125.584 Y107.496 E274.24469
G1 X125.41 Y105.739 E274.26573
G1 X124.988 Y104.33 E274.28325
G1 X124.398 Y103.012 E274.30045
G1 X123.544 Y101.807 E274.31805
G1 X122.755 Y100.952 E274.33191
G1 X121.614 Y99.996 E274.34964
G1 X120.34 Y99.295 E274.36697
G1 X119.254 Y98.874 E274.38084
G1 X117.818 Y98.517 E274.39847
G1 X116.365 Y98.444 E274.4158
G1 X115.179 Y98.542 E274.42998
G1 X114.027 Y98.787 E274.44401
G1 X112.934 Y99.173 E274.45782
G1 X111.887 Y99.705 E274.47181
G1 X110.929 Y100.361 E274.48564
G1 X110.039 Y101.159 E274.49988
G1 X109.09 Y102.257 E274.51717
G1 X108.216 Y103.785 E274.53814
G1 X107.747 Y105.189 E274.55578
G1 X107.524 Y106.32 E274.56951
G1 X107.447 Y107.512 E274.58374
G1 X107.523 Y108.676 E274.59764
G1 X107.747 Y109.811 E274.61142
G1 X108.216 Y111.217 E274.62908
G1 X109.091 Y112.748 E274.65009
G1 X110.038 Y113.841 E274.66732
G1 X110.929 Y114.639 E274.68157
G1 X111.887 Y115.295 E274.6954
G1 X112.935 Y115.826 E274.7094
G1 X114.026 Y116.212 E274.72318
G1 X115.179 Y116.458 E274.73723
G1 X116.364 Y116.556 E274.75139
G0 F15000 X109.373 Y112.767
G1 F2400 X111.157 Y114.551 E274.78145
G0 F15000 X112.606 Y115.434
G1 F2400 X108.524 Y111.353 E274.85022
G0 F15000 X108.165 Y110.428
G1 F2400 X113.576 Y115.839 E274.94138
G0 F15000 X114.386 Y116.083
G1 F2400 X107.911 Y109.608 E275.05047
G0 F15000 X107.772 Y108.903
G1 F2400 X115.105 Y116.237 E275.17403
G0 F15000 X115.737 Y116.303
G1 F2400 X112.93 Y113.496 E275.22132
G0 F15000 X114.045 Y114.045
G1 F2400 X116.355 Y116.355 E275.26024
G0 F15000 X116.895 Y116.329
G1 F2400 X114.863 Y114.297 E275.29447
G0 F15000 X115.545 Y114.414
G1 F2400 X117.434 Y116.302 E275.32629
G0 F15000 X117.922 Y116.225
G1 F2400 X116.175 Y114.478 E275.35572
G0 F15000 X116.741 Y114.479
G1 F2400 X118.4 Y116.138 E275.38367
G0 F15000 X118.852 Y116.024
G1 F2400 X117.27 Y114.441 E275.41034
G0 F15000 X117.762 Y114.368
G1 F2400 X119.282 Y115.888 E275.43595
G0 F15000 X119.712 Y115.752
G1 F2400 X118.228 Y114.268 E275.46095
G0 F15000 X118.661 Y114.135
G1 F2400 X120.098 Y115.573 E275.48517
G0 F15000 X120.482 Y115.391
G1 F2400 X119.093 Y114.002 E275.50857
G0 F15000 X119.491 Y113.834
G1 F2400 X120.857 Y115.201 E275.53159
G0 F15000 X121.203 Y114.981
G1 F2400 X119.85 Y113.627 E275.5544
G0 F15000 X120.208 Y113.42
G1 F2400 X121.549 Y114.761 E275.57699
G0 F15000 X121.876 Y114.523
G1 F2400 X120.551 Y113.197 E275.59932
G0 F15000 X120.865 Y112.945
G1 F2400 X122.184 Y114.264 E275.62154
G0 F15000 X122.492 Y114.006
G1 F2400 X121.178 Y112.693 E275.64367
G0 F15000 X121.463 Y112.413
G1 F2400 X122.799 Y113.748 E275.66617
G0 F15000 X123.059 Y113.442
G1 F2400 X121.734 Y112.117 E275.6885
G0 F15000 X122.002 Y111.82
G1 F2400 X123.313 Y113.13 E275.71058
G0 F15000 X123.566 Y112.818
G1 F2400 X122.232 Y111.484 E275.73305
G0 F15000 X122.462 Y111.148
G1 F2400 X123.808 Y112.494 E275.75573
G0 F15000 X124.022 Y112.143
G1 F2400 X122.663 Y110.784 E275.77863
G0 F15000 X122.848 Y110.403
G1 F2400 X124.237 Y111.792 E275.80203
G0 F15000 X124.431 Y111.42
G1 F2400 X123.028 Y110.018 E275.82566
G0 F15000 X123.163 Y109.586
G1 F2400 X124.606 Y111.029 E275.84997
G0 F15000 X124.78 Y110.638
G1 F2400 X123.297 Y109.155 E275.87495
G0 F15000 X123.382 Y108.674
G1 F2400 X124.916 Y110.208 E275.9008
G0 F15000 X125.046 Y109.772
G1 F2400 X123.458 Y108.185 E275.92755
G0 F15000 X123.481 Y107.642
G1 F2400 X125.176 Y109.337 E275.9561
G0 F15000 X125.249 Y108.844
G1 F2400 X123.481 Y107.076 E275.98589
G0 F15000 X123.399 Y106.428
G1 F2400 X125.3 Y108.329 E276.01792
G0 F15000 X125.351 Y107.815
G1 F2400 X123.296 Y105.76 E276.05254
G0 F15000 X122.966 Y104.864
G1 F2400 X125.359 Y107.257 E276.09286
G0 F15000 X125.297 Y106.629
G1 F2400 X122.357 Y103.689 E276.14239
G0 F15000 X124.368 Y103.437
G1 F2400 X120.596 Y99.665 E276.20594
G0 F15000 X119.58 Y99.216
G1 F2400 X124.813 Y104.448 E276.2941
G0 F15000 X125.056 Y105.257
G1 F2400 X118.755 Y98.956 E276.40026
G0 F15000 X118.003 Y98.77
G1 F2400 X125.234 Y106.001 E276.52209
G0 F15000 X122.884 Y101.388
G1 F2400 X122.48 Y100.984 E276.52889
G0 F15000 X120.331 Y101.664
G1 F2400 X117.362 Y98.695 E276.57892
G0 F15000 X116.767 Y98.665
G1 F2400 X119.109 Y101.007 E276.61837
G0 F15000 X118.28 Y100.744
G1 F2400 X116.196 Y98.659 E276.65349
G0 F15000 X115.672 Y98.702
G1 F2400 X117.575 Y100.605 E276.68555
G0 F15000 X116.91 Y100.505
G1 F2400 X115.156 Y98.751 E276.71511
G0 F15000 X114.689 Y98.85
G1 F2400 X116.353 Y100.513 E276.74313
G0 F15000 X115.826 Y100.552
G1 F2400 X114.223 Y98.949 E276.77014
G0 F15000 X113.79 Y99.082
G1 F2400 X115.322 Y100.614 E276.79595
G0 F15000 X114.861 Y100.718
G1 F2400 X113.371 Y99.229 E276.82105
G0 F15000 X112.96 Y99.383
G1 F2400 X114.399 Y100.823 E276.8453
G0 F15000 X113.979 Y100.968
G1 F2400 X112.584 Y99.574 E276.86879
G0 F15000 X112.21 Y99.764
G1 F2400 X113.598 Y101.153 E276.89219
G0 F15000 X113.216 Y101.337
G1 F2400 X111.85 Y99.971 E276.9152
G0 F15000 X111.514 Y100.201
G1 F2400 X112.852 Y101.539 E276.93774
G0 F15000 X112.516 Y101.768
G1 F2400 X111.179 Y100.431 E276.96027
G0 F15000 X110.867 Y100.684
G1 F2400 X112.181 Y101.998 E276.98241
G0 F15000 X111.861 Y102.244
G1 F2400 X110.569 Y100.952 E277.00418
G0 F15000 X110.271 Y101.22
G1 F2400 X111.588 Y102.537 E277.02637
G0 F15000 X111.315 Y102.83
G1 F2400 X109.998 Y101.513 E277.04855
G0 F15000 X109.736 Y101.817
G1 F2400 X111.044 Y103.124 E277.07058
G0 F15000 X110.813 Y103.459
G1 F2400 X109.474 Y102.12 E277.09314
G0 F15000 X109.22 Y102.432
G1 F2400 X110.583 Y103.795 E277.11611
G0 F15000 X110.353 Y104.13
G1 F2400 X109.014 Y102.792 E277.13866
G0 F15000 X108.808 Y103.152
G1 F2400 X110.177 Y104.52 E277.16171
G0 F15000 X110.018 Y104.926
G1 F2400 X108.603 Y103.511 E277.18555
G0 F15000 X108.397 Y103.871
G1 F2400 X109.858 Y105.333 E277.21018
G0 F15000 X109.736 Y105.776
G1 F2400 X108.255 Y104.295 E277.23513
G0 F15000 X108.113 Y104.719
G1 F2400 X109.63 Y106.236 E277.26069
G0 F15000 X109.564 Y106.735
G1 F2400 X107.971 Y105.143 E277.28752
G0 F15000 X107.867 Y105.604
G1 F2400 X109.525 Y107.262 E277.31545
G0 F15000 X109.527 Y107.83
G1 F2400 X107.774 Y106.077 E277.34499
G0 F15000 X107.706 Y106.575
G1 F2400 X109.572 Y108.441 E277.37642
G0 F15000 X109.723 Y109.157
G1 F2400 X107.672 Y107.106 E277.41098
G0 F15000 X107.655 Y107.655
G1 F2400 X109.978 Y109.978 E277.45012
G0 F15000 X110.462 Y111.027
G1 F2400 X107.695 Y108.261 E277.49673
M204 S3500
G0 F15000 X107.774 Y108.258
;MESH:NONMESH
G0 F600 X107.774 Y108.258 Z10.8
G0 F15000 X111.647 Y103.705
G0 X112.391 Y102.91
G0 X113.263 Y102.257
G0 X114.357 Y101.708
G0 X116.426 Y101.181
;TIME_ELAPSED:726.492081
;LAYER:53
;TYPE:FILL
;MESH:The cap.stl
G1 F4200 X116.804 Y101.206 E277.50148
G1 X117.265 Y101.082 E277.50747
G1 X118.181 Y101.223 E277.51909
G1 X118.129 Y101.416 E277.52159
G1 X118.593 Y101.533 E277.5276
G1 X119.362 Y101.878 E277.53816
G1 X119.035 Y101.551 E277.54396
G1 X119.739 Y101.89 E277.55376
G1 X120.541 Y102.437 E277.56594
G1 X121.249 Y103.093 E277.57804
G1 X121.856 Y103.854 E277.59025
G1 X122.337 Y104.687 E277.60231
G1 X122.444 Y104.96 E277.60599
G1 X122.115 Y104.632 E277.61181
G1 X122.431 Y105.299 E277.62107
G1 X122.584 Y105.869 E277.62847
G1 X122.78 Y105.816 E277.63102
G1 X122.917 Y106.729 E277.64259
G1 X122.798 Y107.175 E277.64838
G1 X122.798 Y108.069 E277.65959
G1 X122.6 Y109.175 E277.67368
G1 X122.229 Y110.182 E277.68714
G1 X121.791 Y110.931 E277.69802
G1 X121.656 Y111.439 E277.70461
G1 X121.07 Y112.072 E277.71543
G1 X120.969 Y111.971 E277.71722
G1 X120.752 Y112.227 E277.72143
G1 X119.918 Y112.795 E277.73408
G1 X120.376 Y112.672 E277.74003
G1 X120.153 Y112.852 E277.74363
G1 X119.104 Y113.458 E277.75882
G1 X117.943 Y113.815 E277.77405
G1 X116.984 Y113.959 E277.78621
G1 X116.021 Y113.959 E277.79829
G1 X115.735 Y113.916 E277.80191
G1 X116.169 Y113.799 E277.80755
G1 X115.246 Y113.695 E277.8192
G1 X114.869 Y113.584 E277.82413
G1 X114.827 Y113.741 E277.82617
G1 X114.003 Y113.489 E277.83697
G1 X113.61 Y113.097 E277.84393
G1 X113.19 Y112.889 E277.84981
G1 X112.286 Y112.211 E277.86398
G1 X111.521 Y111.399 E277.87797
G1 X110.935 Y110.491 E277.89152
G1 X110.563 Y110.049 E277.89877
G1 X110.224 Y109.18 E277.91046
G1 X110.414 Y109.13 E277.91293
G1 X110.235 Y108.352 E277.92294
G1 X110.209 Y107.792 E277.92997
G1 X110.082 Y108.265 E277.93611
G1 X110.025 Y107.501 E277.94572
G1 X110.097 Y106.537 E277.95784
G1 X110.315 Y105.586 E277.97008
G1 X110.752 Y104.47 E277.98511
G1 X111.325 Y103.627 E277.99789
G1 X111.199 Y104.096 E278.00398
G1 X111.522 Y103.601 E278.01139
G1 X112.283 Y102.792 E278.02532
G1 X113.054 Y102.211 E278.03743
G1 X112.621 Y102.327 E278.04305
G1 X112.268 Y102.568 E278.04841
G1 X111.93 Y102.931 E278.05463
G1 X112.043 Y103.045 E278.05664
M204 S429
G1 F1500 E271.55664
G0 F15000 X111.066 Y104.603
G0 X110.489 Y106.15
G0 X110.347 Y107.231
G0 X110.396 Y108.331
G0 X110.637 Y109.389
G0 X111.057 Y110.385
G0 X111.658 Y111.309
G0 X112.395 Y112.093
G0 X113.266 Y112.745
G0 X114.241 Y113.233
G0 X115.088 Y113.482
G0 X116.317 Y113.714
G0 X116.393 Y113.019
;TYPE:WALL-OUTER
G1 F1500 E278.05664
G1 F3000 X115.412 Y112.911 E278.06902
G1 X114.475 Y112.636 E278.08126
G1 X113.615 Y112.206 E278.09332
G1 X112.82 Y111.614 E278.10575
G1 X112.163 Y110.914 E278.11779
G1 X111.633 Y110.1 E278.12997
G1 X111.244 Y109.183 E278.14246
G1 X111.034 Y108.256 E278.15438
G1 X110.989 Y107.235 E278.1672
G1 X111.115 Y106.294 E278.1791
G1 X111.413 Y105.359 E278.19141
G1 X111.629 Y104.905 E278.19771
G1 X112.165 Y104.085 E278.21
G1 X112.817 Y103.388 E278.22197
G1 X113.588 Y102.81 E278.23405
G1 X114.679 Y102.261 E278.24937
G1 X115.897 Y102.012 E278.26496
G1 X116.399 Y101.981 E278.27127
G1 X117.354 Y102.044 E278.28327
G1 X118.286 Y102.276 E278.29531
G1 X119.19 Y102.677 E278.30771
G1 X120.195 Y103.356 E278.32292
G1 X121.155 Y104.478 E278.34144
G1 X121.678 Y105.578 E278.35672
G1 X121.936 Y106.525 E278.36902
G1 X122.023 Y107.472 E278.38095
G1 X122.002 Y107.99 E278.38745
G1 X121.83 Y108.95 E278.39968
G1 X121.498 Y109.852 E278.41173
G1 X120.997 Y110.706 E278.42415
G1 X120.199 Y111.639 E278.43955
G1 X119.185 Y112.326 E278.45491
G1 X118.284 Y112.725 E278.46726
G1 X117.372 Y112.953 E278.47905
G1 X116.393 Y113.019 E278.49136
G0 F15000 X116.195 Y112.998
G0 X116.119 Y113.693
G0 X116.354 Y116.579
G0 X116.349 Y117.278
G1 F3000 X117.613 Y117.216 E278.50723
G1 X118.847 Y116.993 E278.52295
G1 X120.064 Y116.608 E278.53896
G1 X121.211 Y116.07 E278.55485
G1 X122.272 Y115.395 E278.57062
G1 X123.488 Y114.377 E278.59051
G1 X124.491 Y113.142 E278.61046
G1 X125.155 Y112.059 E278.62639
G1 X125.668 Y110.911 E278.64216
G1 X126.122 Y109.395 E278.662
G1 X126.277 Y107.808 E278.682
G1 X126.277 Y107.182 E278.68985
G1 X126.121 Y105.603 E278.70975
G1 X125.667 Y104.083 E278.72964
G1 X125.022 Y102.646 E278.74939
G1 X124.106 Y101.352 E278.76927
G1 X123.25 Y100.424 E278.7851
G1 X122.031 Y99.403 E278.80505
G1 X120.644 Y98.641 E278.82489
G1 X119.468 Y98.183 E278.84072
G1 X118.236 Y97.877 E278.85664
G1 X117.606 Y97.784 E278.86462
G1 X116.349 Y97.722 E278.8804
G1 X115.079 Y97.826 E278.89638
G1 X113.836 Y98.091 E278.91232
G1 X112.65 Y98.511 E278.9281
G1 X111.521 Y99.084 E278.94398
G1 X110.479 Y99.796 E278.9598
G1 X109.527 Y100.647 E278.97582
G1 X108.501 Y101.834 E278.99549
G1 X107.554 Y103.492 E279.01944
G1 X107.049 Y104.999 E279.03937
G1 X106.806 Y106.232 E279.05513
G1 X106.724 Y107.506 E279.07114
G1 X106.806 Y108.766 E279.08697
G1 X107.049 Y110.001 E279.10276
G1 X107.554 Y111.507 E279.12268
G1 X108.338 Y112.881 E279.14251
G1 X108.704 Y113.401 E279.15049
G1 X109.527 Y114.353 E279.16627
G1 X110.479 Y115.204 E279.18228
G1 X111.521 Y115.916 E279.19811
G1 X112.65 Y116.489 E279.21398
G1 X113.836 Y116.908 E279.22976
G1 X115.079 Y117.174 E279.2457
G1 X116.349 Y117.278 E279.26168
M204 S1500
G0 F15000 X116.548 Y117.269
G0 X116.355 Y116.877
;TYPE:WALL-INNER
G1 F3300 X117.567 Y116.818 E279.2769
G1 X118.751 Y116.604 E279.29198
G1 X119.918 Y116.234 E279.30734
G1 X121.018 Y115.718 E279.32257
G1 X122.035 Y115.071 E279.33769
G1 X123.202 Y114.095 E279.35677
G1 X124.164 Y112.91 E279.37591
G1 X124.8 Y111.872 E279.39117
G1 X125.292 Y110.771 E279.4063
G1 X125.728 Y109.315 E279.42536
G1 X125.877 Y107.788 E279.4446
G1 X125.877 Y107.202 E279.45195
G1 X125.727 Y105.683 E279.47109
G1 X125.291 Y104.223 E279.49019
G1 X124.673 Y102.845 E279.50913
G1 X123.794 Y101.604 E279.5282
G1 X122.974 Y100.714 E279.54338
G1 X121.803 Y99.734 E279.56253
G1 X120.474 Y99.004 E279.58154
G1 X119.347 Y98.565 E279.59671
G1 X117.861 Y98.196 E279.61591
G1 X116.355 Y98.123 E279.63482
G1 X115.137 Y98.222 E279.65014
G1 X113.945 Y98.477 E279.66543
G1 X112.808 Y98.879 E279.68055
G1 X111.725 Y99.429 E279.69579
G1 X110.726 Y100.112 E279.71096
G1 X109.813 Y100.928 E279.72632
G1 X108.827 Y102.07 E279.74524
G1 X107.919 Y103.66 E279.7682
G1 X107.437 Y105.101 E279.78726
G1 X107.204 Y106.284 E279.80238
G1 X107.125 Y107.506 E279.81773
G1 X107.204 Y108.714 E279.83291
G1 X107.437 Y109.899 E279.84806
G1 X107.921 Y111.345 E279.86718
G1 X108.828 Y112.931 E279.89009
G1 X109.813 Y114.072 E279.90899
G1 X110.726 Y114.888 E279.92435
G1 X111.725 Y115.571 E279.93953
G1 X112.808 Y116.121 E279.95476
G1 X113.945 Y116.522 E279.96988
G1 X115.137 Y116.778 E279.98517
G1 X116.355 Y116.877 E280.00049
G0 F15000 X116.354 Y116.579
G0 X116.349 Y113.718
G0 X116.381 Y113.422
G1 F3300 X115.336 Y113.306 E280.01368
G1 X114.341 Y113.013 E280.02668
G1 X113.371 Y112.525 E280.0403
G1 X112.554 Y111.912 E280.05311
G1 X111.817 Y111.12 E280.06668
G1 X111.285 Y110.298 E280.07895
G1 X110.867 Y109.327 E280.09221
G1 X110.633 Y108.293 E280.10551
G1 X110.589 Y107.223 E280.11894
G1 X110.723 Y106.216 E280.13168
G1 X111.042 Y105.209 E280.14492
G1 X111.281 Y104.707 E280.15189
G1 X111.857 Y103.829 E280.16506
G1 X112.55 Y103.09 E280.17777
G1 X113.362 Y102.48 E280.1905
G1 X114.568 Y101.872 E280.20744
G1 X115.861 Y101.613 E280.22398
G1 X116.415 Y101.581 E280.23094
G1 X117.412 Y101.648 E280.24347
G1 X118.454 Y101.909 E280.25694
G1 X119.383 Y102.326 E280.26971
G1 X120.475 Y103.063 E280.28623
G1 X121.502 Y104.27 E280.3061
G1 X122.052 Y105.437 E280.32228
G1 X122.329 Y106.447 E280.33541
G1 X122.421 Y107.437 E280.34788
G1 X122.4 Y108.029 E280.35531
G1 X122.214 Y109.065 E280.36851
G1 X121.864 Y110.015 E280.38121
G1 X121.326 Y110.939 E280.39462
G1 X120.481 Y111.929 E280.41094
G1 X119.391 Y112.672 E280.42748
G1 X118.417 Y113.103 E280.44084
G1 X117.444 Y113.347 E280.45342
G1 X116.381 Y113.422 E280.46678
M204 S1000
G0 F15000 X116.349 Y113.718
G0 X117.006 Y114.279
;TYPE:SKIN
G1 F2400 X115.992 Y114.279 E280.47886
G1 X114.977 Y114.125 E280.49109
G1 X113.745 Y113.739 E280.50647
G1 X112.675 Y113.118 E280.52121
G1 X111.87 Y112.475 E280.53348
G1 X111.178 Y111.726 E280.54563
G1 X110.471 Y110.686 E280.56061
G1 X110 Y109.483 E280.57601
G1 X109.783 Y108.527 E280.58768
G1 X109.706 Y107.516 E280.59976
G1 X109.783 Y106.468 E280.61228
G1 X110.004 Y105.505 E280.62405
G1 X110.472 Y104.311 E280.63933
G1 X111.196 Y103.252 E280.65461
G1 X112.06 Y102.324 E280.66972
G1 X113.113 Y101.607 E280.6849
G1 X114.238 Y101.066 E280.69977
G1 X115.489 Y100.779 E280.71506
G1 X116.763 Y100.684 E280.73028
G1 X118.02 Y100.873 E280.74542
G1 X118.997 Y101.175 E280.75761
G1 X119.899 Y101.611 E280.76954
G1 X120.747 Y102.189 E280.78177
G1 X121.482 Y102.871 E280.79371
G1 X122.13 Y103.687 E280.80613
G1 X122.636 Y104.568 E280.81823
G1 X123.085 Y105.71 E280.83285
G1 X123.282 Y106.984 E280.84821
G1 X123.282 Y108.013 E280.86046
G1 X123.126 Y109.033 E280.87276
G1 X122.83 Y109.987 E280.88466
G1 X122.382 Y110.913 E280.89691
G1 X121.819 Y111.735 E280.90878
G1 X121.125 Y112.485 E280.92096
G1 X120.328 Y113.12 E280.9331
G1 X119.237 Y113.75 E280.9481
G1 X118.027 Y114.125 E280.9632
G1 X117.006 Y114.279 E280.9755
G0 F15000 X116.364 Y116.556
G1 F2400 X117.536 Y116.499 E280.98948
G1 X118.665 Y116.294 E281.00315
G1 X119.801 Y115.936 E281.01734
G1 X120.868 Y115.433 E281.03139
G1 X121.845 Y114.812 E281.04518
G1 X122.974 Y113.865 E281.06274
G1 X123.901 Y112.726 E281.08023
G1 X124.52 Y111.716 E281.09434
G1 X124.989 Y110.661 E281.1081
G1 X125.411 Y109.251 E281.12563
G1 X125.583 Y107.495 E281.14665
G1 X125.41 Y105.739 E281.16767
G1 X124.988 Y104.33 E281.1852
G1 X124.398 Y103.012 E281.2024
G1 X123.544 Y101.807 E281.21999
G1 X122.755 Y100.952 E281.23386
G1 X121.614 Y99.996 E281.25159
G1 X120.34 Y99.295 E281.26891
G1 X119.254 Y98.874 E281.28279
G1 X117.818 Y98.517 E281.30042
G1 X116.365 Y98.444 E281.31775
G1 X115.179 Y98.542 E281.33193
G1 X114.025 Y98.787 E281.34598
G1 X112.936 Y99.174 E281.35975
G1 X111.887 Y99.706 E281.37376
G1 X110.929 Y100.361 E281.38759
G1 X110.039 Y101.159 E281.40183
G1 X109.09 Y102.257 E281.41912
G1 X108.216 Y103.785 E281.44009
G1 X107.747 Y105.189 E281.45772
G1 X107.524 Y106.321 E281.47147
G1 X107.446 Y107.511 E281.48568
G1 X107.524 Y108.676 E281.49959
G1 X107.745 Y109.811 E281.51336
G1 X108.217 Y111.217 E281.53103
G1 X109.089 Y112.743 E281.55197
G1 X110.039 Y113.841 E281.56927
G1 X110.929 Y114.639 E281.58351
G1 X111.887 Y115.295 E281.59734
G1 X112.935 Y115.826 E281.61134
G1 X114.026 Y116.212 E281.62512
G1 X115.179 Y116.458 E281.63917
G1 X116.364 Y116.556 E281.65333
G0 F15000 X123.255 Y113.201
G1 F2400 X122.225 Y114.23 E281.67068
G0 F15000 X120.512 Y115.377
G1 F2400 X124.399 Y111.49 E281.73617
G0 F15000 X124.828 Y110.496
G1 F2400 X119.507 Y115.817 E281.82582
G0 F15000 X118.68 Y116.079
G1 F2400 X125.07 Y109.689 E281.93347
G0 F15000 X125.238 Y108.955
G1 F2400 X117.979 Y116.214 E282.05577
G0 F15000 X117.319 Y116.308
G1 F2400 X120.206 Y113.421 E282.10441
G0 F15000 X119.044 Y114.017
G1 F2400 X116.724 Y116.338 E282.14351
G0 F15000 X116.157 Y116.339
G1 F2400 X118.228 Y114.267 E282.17841
G0 F15000 X117.528 Y114.402
G1 F2400 X115.636 Y116.295 E282.2103
G0 F15000 X115.124 Y116.241
G1 F2400 X116.886 Y114.478 E282.23999
G0 F15000 X116.321 Y114.477
G1 F2400 X114.657 Y116.142 E282.26803
G0 F15000 X114.191 Y116.042
G1 F2400 X115.785 Y114.448 E282.29489
G0 F15000 X115.293 Y114.375
G1 F2400 X113.762 Y115.905 E282.32068
G0 F15000 X113.344 Y115.757
G1 F2400 X114.818 Y114.284 E282.3455
G0 F15000 X114.386 Y114.15
G1 F2400 X112.935 Y115.601 E282.36995
G0 F15000 X112.559 Y115.411
G1 F2400 X113.953 Y114.017 E282.39343
G0 F15000 X113.549 Y113.856
G1 F2400 X112.183 Y115.221 E282.41644
G0 F15000 X111.827 Y115.012
G1 F2400 X113.191 Y113.648 E282.43942
G0 F15000 X112.833 Y113.44
G1 F2400 X111.492 Y114.781 E282.46201
G0 F15000 X111.157 Y114.551
G1 F2400 X112.485 Y113.222 E282.4844
G0 F15000 X112.171 Y112.97
G1 F2400 X110.846 Y114.296 E282.50673
G0 F15000 X110.548 Y114.028
G1 F2400 X111.857 Y112.719 E282.52878
G0 F15000 X111.568 Y112.443
G1 F2400 X110.25 Y113.76 E282.55098
G0 F15000 X109.98 Y113.465
G1 F2400 X111.295 Y112.149 E282.57314
G0 F15000 X111.026 Y111.853
G1 F2400 X109.717 Y113.162 E282.5952
G0 F15000 X109.455 Y112.859
G1 F2400 X110.796 Y111.517 E282.6178
G0 F15000 X110.567 Y111.181
G1 F2400 X109.206 Y112.542 E282.64073
G0 F15000 X109 Y112.182
G1 F2400 X110.337 Y110.845 E282.66325
G0 F15000 X110.165 Y110.452
G1 F2400 X108.794 Y111.822 E282.68634
G0 F15000 X108.588 Y111.462
G1 F2400 X110.004 Y110.047 E282.71019
G0 F15000 X109.844 Y109.641
G1 F2400 X108.388 Y111.097 E282.73472
G0 F15000 X108.246 Y110.674
G1 F2400 X109.729 Y109.19 E282.75972
G0 F15000 X109.625 Y108.728
G1 F2400 X108.104 Y110.249 E282.78534
G0 F15000 X107.962 Y109.826
G1 F2400 X109.557 Y108.231 E282.81222
G0 F15000 X109.518 Y107.705
G1 F2400 X107.862 Y109.361 E282.84012
G0 F15000 X107.77 Y108.887
G1 F2400 X109.535 Y107.122 E282.86985
G0 F15000 X109.58 Y106.511
G1 F2400 X107.705 Y108.386 E282.90144
G0 F15000 X107.669 Y107.856
G1 F2400 X109.731 Y105.794 E282.93618
G0 F15000 X110.006 Y104.953
G1 F2400 X107.659 Y107.3 E282.97573
G0 F15000 X107.699 Y106.695
G1 F2400 X110.545 Y103.849 E283.02368
G0 F15000 X108.579 Y103.552
G1 F2400 X112.525 Y99.606 E283.09016
G0 F15000 X113.518 Y99.179
G1 F2400 X108.183 Y104.514 E283.18004
G0 F15000 X107.92 Y105.343
G1 F2400 X114.339 Y98.924 E283.28819
G0 F15000 X115.056 Y98.772
G1 F2400 X107.781 Y106.047 E283.41076
G0 F15000 X109.651 Y101.915
G1 F2400 X111.009 Y100.556 E283.43365
G0 F15000 X112.861 Y101.533
G1 F2400 X115.694 Y98.7 E283.48138
G0 F15000 X116.311 Y98.649
G1 F2400 X114.002 Y100.957 E283.52027
G0 F15000 X114.79 Y100.735
G1 F2400 X116.857 Y98.668 E283.5551
G0 F15000 X117.395 Y98.696
G1 F2400 X115.516 Y100.575 E283.58675
G0 F15000 X116.126 Y100.53
G1 F2400 X117.911 Y98.746 E283.61682
G0 F15000 X118.364 Y98.858
G1 F2400 X116.736 Y100.486 E283.64425
G0 F15000 X117.234 Y100.554
G1 F2400 X118.817 Y98.97 E283.67093
G0 F15000 X119.262 Y99.092
G1 F2400 X117.726 Y100.628 E283.69681
G0 F15000 X118.2 Y100.719
G1 F2400 X119.669 Y99.25 E283.72155
G0 F15000 X120.076 Y99.409
G1 F2400 X118.634 Y100.851 E283.74585
G0 F15000 X119.065 Y100.986
G1 F2400 X120.459 Y99.591 E283.76934
G0 F15000 X120.825 Y99.791
G1 F2400 X119.447 Y101.17 E283.79257
G0 F15000 X119.828 Y101.354
G1 F2400 X121.19 Y99.992 E283.81552
G0 F15000 X121.545 Y100.202
G1 F2400 X120.184 Y101.563 E283.83845
G0 F15000 X120.521 Y101.792
G1 F2400 X121.854 Y100.46 E283.8609
G0 F15000 X122.161 Y100.718
G1 F2400 X120.857 Y102.022 E283.88287
G0 F15000 X121.153 Y102.292
G1 F2400 X122.469 Y100.976 E283.90504
G0 F15000 X122.758 Y101.252
G1 F2400 X121.447 Y102.564 E283.92713
G0 F15000 X121.723 Y102.853
G1 F2400 X123.03 Y101.546 E283.94915
G0 F15000 X123.301 Y101.841
G1 F2400 X121.974 Y103.168 E283.97151
G0 F15000 X122.225 Y103.482
G1 F2400 X123.547 Y102.16 E283.99379
G0 F15000 X123.781 Y102.492
G1 F2400 X122.441 Y103.832 E284.01636
G0 F15000 X122.649 Y104.19
G1 F2400 X124.016 Y102.823 E284.03939
G0 F15000 X124.243 Y103.161
G1 F2400 X122.847 Y104.558 E284.06292
G0 F15000 X123.006 Y104.965
G1 F2400 X124.418 Y103.552 E284.08672
G0 F15000 X124.593 Y103.943
G1 F2400 X123.165 Y105.37 E284.11077
G0 F15000 X123.302 Y105.8
G1 F2400 X124.768 Y104.334 E284.13547
G0 F15000 X124.906 Y104.761
G1 F2400 X123.378 Y106.29 E284.16122
G0 F15000 X123.453 Y106.78
G1 F2400 X125.036 Y105.196 E284.1879
G0 F15000 X125.167 Y105.631
G1 F2400 X123.481 Y107.318 E284.21631
G0 F15000 X123.481 Y107.883
G1 F2400 X125.245 Y106.119 E284.24603
G0 F15000 X125.296 Y106.634
G1 F2400 X123.405 Y108.525 E284.27789
G0 F15000 X123.276 Y109.219
G1 F2400 X125.346 Y107.15 E284.31276
G0 F15000 X125.36 Y107.701
G1 F2400 X123.02 Y110.042 E284.35219
G0 F15000 X122.426 Y111.201
G1 F2400 X125.299 Y108.328 E284.4006
M204 S3500
G0 F15000 X125.224 Y108.321
;MESH:NONMESH
G0 F600 X125.224 Y108.321 Z11
G0 F15000 X120.823 Y103.108
G0 X119.502 Y102.117
G0 X118.696 Y101.758
G0 X116.426 Y101.181
;TIME_ELAPSED:745.658139
;LAYER:54
;TYPE:FILL
;MESH:The cap.stl
G1 F4200 X116.804 Y101.206 E284.40535
G1 X117.265 Y101.082 E284.41133
G1 X118.181 Y101.223 E284.42296
G1 X118.129 Y101.416 E284.42546
G1 X118.593 Y101.533 E284.43146
G1 X119.362 Y101.878 E284.44203
G1 X119.035 Y101.551 E284.44783
G1 X119.739 Y101.89 E284.45763
G1 X120.541 Y102.437 E284.46981
G1 X121.249 Y103.093 E284.48191
G1 X121.856 Y103.854 E284.49412
G1 X122.337 Y104.687 E284.50618
G1 X122.444 Y104.96 E284.50986
G1 X122.108 Y104.624 E284.51582
G1 X122.43 Y105.302 E284.52523
G1 X122.584 Y105.869 E284.5326
G1 X122.78 Y105.816 E284.53514
G1 X122.917 Y106.729 E284.54672
G1 X122.795 Y107.185 E284.55264
G1 X122.824 Y107.5 E284.55661
G1 X122.724 Y108.626 E284.57078
G1 X122.435 Y109.695 E284.58467
G1 X121.945 Y110.72 E284.59892
G1 X121.79 Y110.934 E284.60223
G1 X121.656 Y111.439 E284.60878
G1 X121.07 Y112.071 E284.61959
G1 X120.954 Y111.955 E284.62165
G1 X120.514 Y112.389 E284.6294
G1 X119.92 Y112.794 E284.63841
G1 X120.375 Y112.672 E284.64432
G1 X120.153 Y112.852 E284.64791
G1 X119.104 Y113.458 E284.6631
G1 X117.943 Y113.815 E284.67833
G1 X116.984 Y113.959 E284.69049
G1 X116.021 Y113.959 E284.70257
G1 X115.735 Y113.916 E284.70619
G1 X116.166 Y113.8 E284.71179
G1 X115.246 Y113.695 E284.7234
G1 X114.869 Y113.584 E284.72833
G1 X114.827 Y113.741 E284.73037
G1 X114.003 Y113.489 E284.74118
G1 X113.61 Y113.097 E284.74814
G1 X113.19 Y112.889 E284.75401
G1 X112.286 Y112.211 E284.76818
G1 X111.52 Y111.396 E284.78221
G1 X110.935 Y110.491 E284.79572
G1 X110.563 Y110.049 E284.80297
G1 X110.224 Y109.18 E284.81467
G1 X110.414 Y109.13 E284.81713
G1 X110.236 Y108.335 E284.82735
G1 X110.193 Y107.851 E284.83344
G1 X110.082 Y108.265 E284.83881
G1 X110.025 Y107.5 E284.84843
G1 X110.097 Y106.537 E284.86054
G1 X110.315 Y105.586 E284.87278
G1 X110.752 Y104.47 E284.88781
G1 X111.325 Y103.627 E284.90059
G1 X111.199 Y104.096 E284.90668
G1 X111.522 Y103.601 E284.91409
G1 X112.283 Y102.791 E284.92803
G1 X113.055 Y102.21 E284.94015
G1 X112.621 Y102.327 E284.94578
G1 X112.268 Y102.568 E284.95115
G1 X111.93 Y102.931 E284.95737
G1 X112.043 Y103.045 E284.95938
M204 S429
G1 F1500 E278.45938
G0 F15000 X111.066 Y104.603
G0 X110.496 Y106.131
G0 X110.347 Y107.753
G0 X110.632 Y109.376
G0 X111.056 Y110.384
G0 X111.65 Y111.298
G0 X112.395 Y112.093
G0 X113.266 Y112.745
G0 X114.241 Y113.233
G0 X116.303 Y113.715
G0 X116.381 Y113.019
;TYPE:WALL-OUTER
G1 F1500 E284.95938
G1 F3000 X115.412 Y112.911 E284.9716
G1 X114.475 Y112.636 E284.98385
G1 X113.615 Y112.206 E284.99591
G1 X112.82 Y111.614 E285.00834
G1 X112.161 Y110.91 E285.02043
G1 X111.633 Y110.1 E285.03256
G1 X111.243 Y109.177 E285.04512
G1 X111.029 Y108.224 E285.05737
G1 X110.988 Y107.745 E285.0634
G1 X111.03 Y106.772 E285.07561
G1 X111.116 Y106.293 E285.08172
G1 X111.413 Y105.359 E285.09401
G1 X111.629 Y104.905 E285.10031
G1 X112.165 Y104.085 E285.1126
G1 X112.817 Y103.388 E285.12456
G1 X113.6 Y102.803 E285.13682
G1 X114.696 Y102.253 E285.1522
G1 X115.871 Y102.015 E285.16723
G1 X116.399 Y101.981 E285.17387
G1 X117.354 Y102.044 E285.18587
G1 X118.286 Y102.276 E285.19792
G1 X119.19 Y102.677 E285.21032
G1 X120 Y103.227 E285.22259
G1 X120.691 Y103.903 E285.23472
G1 X121.248 Y104.68 E285.24671
G1 X121.688 Y105.605 E285.25955
G1 X121.936 Y106.525 E285.2715
G1 X122.023 Y107.518 E285.284
G1 X121.938 Y108.466 E285.29594
G1 X121.68 Y109.417 E285.30829
G1 X121.259 Y110.304 E285.32061
G1 X120.699 Y111.088 E285.33269
G1 X120 Y111.773 E285.34496
G1 X119.185 Y112.326 E285.35731
G1 X118.317 Y112.713 E285.36923
G1 X117.36 Y112.955 E285.38161
G1 X116.381 Y113.019 E285.39391
G0 F15000 X116.183 Y112.997
G0 X116.105 Y113.692
G0 X116.354 Y116.579
G0 X116.349 Y117.278
G1 F3000 X117.613 Y117.216 E285.40978
G1 X118.847 Y116.993 E285.42551
G1 X120.064 Y116.608 E285.44152
G1 X121.211 Y116.07 E285.4574
G1 X122.272 Y115.395 E285.47317
G1 X123.488 Y114.377 E285.49306
G1 X124.491 Y113.142 E285.51301
G1 X125.155 Y112.059 E285.52894
G1 X125.668 Y110.911 E285.54471
G1 X126.122 Y109.395 E285.56456
G1 X126.276 Y107.808 E285.58455
G1 X126.277 Y107.182 E285.5924
G1 X126.121 Y105.603 E285.6123
G1 X125.667 Y104.083 E285.63219
G1 X125.022 Y102.646 E285.65194
G1 X124.106 Y101.352 E285.67183
G1 X123.25 Y100.424 E285.68766
G1 X122.031 Y99.403 E285.7076
G1 X120.644 Y98.641 E285.72744
G1 X119.468 Y98.183 E285.74327
G1 X118.236 Y97.877 E285.75919
G1 X117.606 Y97.784 E285.76718
G1 X116.349 Y97.722 E285.78296
G1 X115.079 Y97.826 E285.79894
G1 X113.836 Y98.091 E285.81488
G1 X112.65 Y98.511 E285.83065
G1 X111.521 Y99.084 E285.84653
G1 X110.479 Y99.796 E285.86236
G1 X109.527 Y100.647 E285.87837
G1 X108.501 Y101.834 E285.89805
G1 X107.554 Y103.492 E285.92199
G1 X107.049 Y104.999 E285.94192
G1 X106.806 Y106.232 E285.95768
G1 X106.724 Y107.506 E285.97369
G1 X106.806 Y108.766 E285.98953
G1 X107.049 Y110.001 E286.00531
G1 X107.554 Y111.507 E286.02523
G1 X108.338 Y112.881 E286.04507
G1 X108.704 Y113.401 E286.05304
G1 X109.527 Y114.353 E286.06882
G1 X110.479 Y115.204 E286.08484
G1 X111.521 Y115.916 E286.10066
G1 X112.65 Y116.489 E286.11654
G1 X113.836 Y116.908 E286.13231
G1 X115.079 Y117.174 E286.14825
G1 X116.349 Y117.278 E286.16423
M204 S1500
G0 F15000 X116.548 Y117.269
G0 X116.355 Y116.877
;TYPE:WALL-INNER
G1 F3300 X117.567 Y116.818 E286.17945
G1 X118.751 Y116.604 E286.19454
G1 X119.918 Y116.234 E286.20989
G1 X121.018 Y115.718 E286.22513
G1 X122.035 Y115.071 E286.24024
G1 X123.202 Y114.095 E286.25932
G1 X124.164 Y112.91 E286.27846
G1 X124.8 Y111.872 E286.29373
G1 X125.292 Y110.771 E286.30885
G1 X125.728 Y109.315 E286.32791
G1 X125.905 Y107.488 E286.35093
G1 X125.727 Y105.683 E286.37367
G1 X125.291 Y104.223 E286.39278
G1 X124.673 Y102.845 E286.41172
G1 X123.794 Y101.604 E286.43079
G1 X122.973 Y100.714 E286.44598
G1 X121.804 Y99.735 E286.4651
G1 X120.474 Y99.004 E286.48413
G1 X119.347 Y98.565 E286.4993
G1 X117.861 Y98.196 E286.5185
G1 X116.355 Y98.123 E286.53741
G1 X115.137 Y98.222 E286.55273
G1 X113.945 Y98.477 E286.56802
G1 X112.808 Y98.879 E286.58314
G1 X111.725 Y99.429 E286.59837
G1 X110.726 Y100.112 E286.61355
G1 X109.813 Y100.928 E286.6289
G1 X108.827 Y102.07 E286.64782
G1 X107.919 Y103.66 E286.67079
G1 X107.437 Y105.101 E286.68984
G1 X107.204 Y106.284 E286.70496
G1 X107.125 Y107.506 E286.72032
G1 X107.204 Y108.714 E286.7355
G1 X107.437 Y109.899 E286.75064
G1 X107.921 Y111.345 E286.76977
G1 X108.83 Y112.935 E286.79273
G1 X109.813 Y114.072 E286.81158
G1 X110.726 Y114.888 E286.82694
G1 X111.725 Y115.571 E286.84211
G1 X112.808 Y116.121 E286.85735
G1 X113.945 Y116.522 E286.87246
G1 X115.137 Y116.777 E286.88775
G1 X116.355 Y116.877 E286.90308
G0 F15000 X116.354 Y116.579
G0 X116.296 Y113.714
G0 X116.33 Y113.418
G1 F3300 X115.336 Y113.306 E286.91562
G1 X114.341 Y113.013 E286.92863
G1 X113.371 Y112.525 E286.94224
G1 X112.554 Y111.912 E286.95505
G1 X111.859 Y111.172 E286.96778
G1 X111.285 Y110.298 E286.9809
G1 X110.864 Y109.304 E286.99443
G1 X110.633 Y108.28 E287.0076
G1 X110.589 Y107.771 E287.01401
G1 X110.633 Y106.722 E287.02717
G1 X110.724 Y106.215 E287.03363
G1 X111.042 Y105.209 E287.04686
G1 X111.281 Y104.707 E287.05383
G1 X111.857 Y103.829 E287.067
G1 X112.55 Y103.09 E287.07971
G1 X113.374 Y102.473 E287.09262
G1 X114.585 Y101.868 E287.10959
G1 X115.861 Y101.613 E287.12591
G1 X116.415 Y101.581 E287.13287
G1 X117.412 Y101.648 E287.1454
G1 X118.454 Y101.909 E287.15887
G1 X119.383 Y102.326 E287.17164
G1 X120.257 Y102.92 E287.18489
G1 X120.985 Y103.631 E287.19765
G1 X121.602 Y104.486 E287.21088
G1 X122.055 Y105.443 E287.22415
G1 X122.329 Y106.447 E287.2372
G1 X122.423 Y107.5 E287.25046
G1 X122.334 Y108.524 E287.26335
G1 X122.058 Y109.555 E287.27674
G1 X121.601 Y110.514 E287.29006
G1 X121.01 Y111.34 E287.3028
G1 X120.257 Y112.081 E287.31604
G1 X119.391 Y112.672 E287.32919
G1 X118.417 Y113.103 E287.34255
G1 X117.432 Y113.349 E287.35528
G1 X116.33 Y113.418 E287.36913
M204 S1000
G0 F15000 X116.296 Y113.714
G0 X117.006 Y114.279
;TYPE:SKIN
G1 F2400 X115.992 Y114.279 E287.38121
G1 X114.977 Y114.125 E287.39344
G1 X113.745 Y113.739 E287.40882
G1 X112.675 Y113.118 E287.42356
G1 X111.879 Y112.484 E287.43568
G1 X111.192 Y111.745 E287.4477
G1 X110.471 Y110.686 E287.46296
G1 X110 Y109.483 E287.47835
G1 X109.783 Y108.527 E287.49003
G1 X109.706 Y107.516 E287.50211
G1 X109.783 Y106.468 E287.51463
G1 X110.004 Y105.505 E287.5264
G1 X110.472 Y104.311 E287.54168
G1 X111.196 Y103.252 E287.55696
G1 X112.06 Y102.324 E287.57207
G1 X113.113 Y101.607 E287.58725
G1 X114.239 Y101.066 E287.60213
G1 X115.489 Y100.779 E287.61741
G1 X116.763 Y100.684 E287.63263
G1 X118.02 Y100.873 E287.64777
G1 X118.997 Y101.175 E287.65995
G1 X119.899 Y101.611 E287.67189
G1 X120.747 Y102.189 E287.68411
G1 X121.482 Y102.871 E287.69606
G1 X122.13 Y103.687 E287.70847
G1 X122.636 Y104.568 E287.72058
G1 X123.085 Y105.71 E287.7352
G1 X123.282 Y106.984 E287.75055
G1 X123.282 Y108.013 E287.76281
G1 X123.126 Y109.036 E287.77514
G1 X122.83 Y109.987 E287.78701
G1 X122.382 Y110.913 E287.79926
G1 X121.819 Y111.735 E287.81113
G1 X121.112 Y112.496 E287.82351
G1 X120.328 Y113.12 E287.83544
G1 X119.237 Y113.75 E287.85045
G1 X118.027 Y114.125 E287.86554
G1 X117.006 Y114.279 E287.87784
G0 F15000 X116.364 Y116.556
G1 F2400 X117.536 Y116.499 E287.89182
G1 X118.665 Y116.294 E287.90549
G1 X119.801 Y115.936 E287.91968
G1 X120.868 Y115.433 E287.93374
G1 X121.845 Y114.812 E287.94753
G1 X122.974 Y113.865 E287.96508
G1 X123.901 Y112.726 E287.98258
G1 X124.52 Y111.716 E287.99669
G1 X124.989 Y110.66 E288.01046
G1 X125.409 Y109.257 E288.0279
G1 X125.583 Y107.49 E288.04906
G1 X125.41 Y105.74 E288.07001
G1 X124.989 Y104.33 E288.08754
G1 X124.398 Y103.012 E288.10475
G1 X123.544 Y101.807 E288.12234
G1 X122.755 Y100.952 E288.1362
G1 X121.614 Y99.996 E288.15393
G1 X120.34 Y99.295 E288.17126
G1 X119.254 Y98.874 E288.18513
G1 X117.818 Y98.517 E288.20276
G1 X116.365 Y98.444 E288.22009
G1 X115.179 Y98.542 E288.23427
G1 X114.027 Y98.787 E288.2483
G1 X112.934 Y99.173 E288.26211
G1 X111.887 Y99.705 E288.2761
G1 X110.929 Y100.361 E288.28994
G1 X110.039 Y101.159 E288.30418
G1 X109.09 Y102.257 E288.32147
G1 X108.216 Y103.785 E288.34244
G1 X107.747 Y105.189 E288.36007
G1 X107.524 Y106.32 E288.37381
G1 X107.447 Y107.512 E288.38804
G1 X107.523 Y108.676 E288.40193
G1 X107.747 Y109.811 E288.41571
G1 X108.216 Y111.217 E288.43337
G1 X109.091 Y112.748 E288.45438
G1 X110.038 Y113.841 E288.47161
G1 X110.929 Y114.639 E288.48586
G1 X111.887 Y115.295 E288.49969
G1 X112.935 Y115.826 E288.51369
G1 X114.026 Y116.212 E288.52747
G1 X115.179 Y116.458 E288.54152
G1 X116.364 Y116.556 E288.55569
G0 F15000 X109.373 Y112.767
G1 F2400 X111.157 Y114.551 E288.58574
G0 F15000 X112.606 Y115.434
G1 F2400 X108.524 Y111.353 E288.65451
G0 F15000 X108.165 Y110.428
G1 F2400 X113.576 Y115.839 E288.74567
G0 F15000 X114.386 Y116.083
G1 F2400 X107.911 Y109.608 E288.85476
G0 F15000 X107.772 Y108.903
G1 F2400 X115.105 Y116.237 E288.97832
G0 F15000 X115.737 Y116.303
G1 F2400 X112.93 Y113.496 E289.02561
G0 F15000 X114.045 Y114.045
G1 F2400 X116.355 Y116.355 E289.06453
G0 F15000 X116.895 Y116.329
G1 F2400 X114.863 Y114.297 E289.09876
G0 F15000 X115.545 Y114.414
G1 F2400 X117.434 Y116.302 E289.13058
G0 F15000 X117.922 Y116.225
G1 F2400 X116.175 Y114.478 E289.16002
G0 F15000 X116.741 Y114.479
G1 F2400 X118.4 Y116.138 E289.18797
G0 F15000 X118.852 Y116.024
G1 F2400 X117.27 Y114.441 E289.21463
G0 F15000 X117.762 Y114.368
G1 F2400 X119.282 Y115.888 E289.24024
G0 F15000 X119.712 Y115.752
G1 F2400 X118.228 Y114.268 E289.26524
G0 F15000 X118.661 Y114.135
G1 F2400 X120.098 Y115.573 E289.28946
G0 F15000 X120.482 Y115.391
G1 F2400 X119.093 Y114.002 E289.31286
G0 F15000 X119.491 Y113.834
G1 F2400 X120.857 Y115.201 E289.33588
G0 F15000 X121.203 Y114.981
G1 F2400 X119.85 Y113.627 E289.35869
G0 F15000 X120.208 Y113.42
G1 F2400 X121.549 Y114.761 E289.38128
G0 F15000 X121.876 Y114.523
G1 F2400 X120.551 Y113.197 E289.40361
G0 F15000 X120.867 Y112.947
G1 F2400 X122.184 Y114.264 E289.4258
G0 F15000 X122.492 Y114.006
G1 F2400 X121.181 Y112.696 E289.44788
G0 F15000 X121.462 Y112.411
G1 F2400 X122.799 Y113.748 E289.47041
G0 F15000 X123.059 Y113.442
G1 F2400 X121.734 Y112.118 E289.49272
G0 F15000 X122.001 Y111.819
G1 F2400 X123.313 Y113.13 E289.51482
G0 F15000 X123.566 Y112.818
G1 F2400 X122.231 Y111.483 E289.53731
G0 F15000 X122.462 Y111.148
G1 F2400 X123.808 Y112.494 E289.55999
G0 F15000 X124.022 Y112.143
G1 F2400 X122.664 Y110.785 E289.58287
G0 F15000 X122.849 Y110.404
G1 F2400 X124.237 Y111.792 E289.60625
G0 F15000 X124.431 Y111.42
G1 F2400 X123.028 Y110.017 E289.62989
G0 F15000 X123.163 Y109.586
G1 F2400 X124.605 Y111.029 E289.65419
G0 F15000 X124.779 Y110.637
G1 F2400 X123.298 Y109.156 E289.67915
G0 F15000 X123.383 Y108.675
G1 F2400 X124.915 Y110.207 E289.70496
G0 F15000 X125.046 Y109.772
G1 F2400 X123.458 Y108.185 E289.7317
G0 F15000 X123.481 Y107.642
G1 F2400 X125.176 Y109.337 E289.76026
G0 F15000 X125.249 Y108.844
G1 F2400 X123.48 Y107.075 E289.79006
G0 F15000 X123.398 Y106.428
G1 F2400 X125.299 Y108.328 E289.82208
G0 F15000 X125.35 Y107.813
G1 F2400 X123.296 Y105.759 E289.85669
G0 F15000 X122.966 Y104.864
G1 F2400 X125.358 Y107.256 E289.89699
G0 F15000 X125.296 Y106.628
G1 F2400 X122.357 Y103.689 E289.94651
G0 F15000 X124.368 Y103.438
G1 F2400 X120.596 Y99.665 E290.01007
G0 F15000 X119.58 Y99.216
G1 F2400 X124.815 Y104.45 E290.09826
G0 F15000 X125.056 Y105.257
G1 F2400 X118.755 Y98.956 E290.20442
G0 F15000 X118.003 Y98.77
G1 F2400 X125.234 Y106 E290.32624
G0 F15000 X122.884 Y101.388
G1 F2400 X122.48 Y100.984 E290.33304
G0 F15000 X120.331 Y101.664
G1 F2400 X117.362 Y98.695 E290.38306
G0 F15000 X116.767 Y98.665
G1 F2400 X119.109 Y101.007 E290.42252
G0 F15000 X118.28 Y100.744
G1 F2400 X116.196 Y98.659 E290.45764
G0 F15000 X115.672 Y98.702
G1 F2400 X117.575 Y100.605 E290.4897
G0 F15000 X116.91 Y100.505
G1 F2400 X115.156 Y98.751 E290.51926
G0 F15000 X114.689 Y98.85
G1 F2400 X116.353 Y100.513 E290.54728
G0 F15000 X115.826 Y100.552
G1 F2400 X114.223 Y98.949 E290.57429
G0 F15000 X113.79 Y99.082
G1 F2400 X115.322 Y100.614 E290.6001
G0 F15000 X114.861 Y100.718
G1 F2400 X113.371 Y99.229 E290.6252
G0 F15000 X112.96 Y99.383
G1 F2400 X114.399 Y100.823 E290.64945
G0 F15000 X113.979 Y100.968
G1 F2400 X112.584 Y99.574 E290.67294
G0 F15000 X112.21 Y99.764
G1 F2400 X113.598 Y101.153 E290.69634
G0 F15000 X113.216 Y101.337
G1 F2400 X111.85 Y99.971 E290.71935
G0 F15000 X111.514 Y100.201
G1 F2400 X112.852 Y101.539 E290.74189
G0 F15000 X112.516 Y101.768
G1 F2400 X111.179 Y100.431 E290.76442
G0 F15000 X110.867 Y100.684
G1 F2400 X112.181 Y101.998 E290.78656
G0 F15000 X111.861 Y102.244
G1 F2400 X110.569 Y100.952 E290.80833
G0 F15000 X110.271 Y101.22
G1 F2400 X111.588 Y102.537 E290.83051
G0 F15000 X111.315 Y102.83
G1 F2400 X109.998 Y101.513 E290.8527
G0 F15000 X109.736 Y101.817
G1 F2400 X111.044 Y103.124 E290.87473
G0 F15000 X110.813 Y103.459
G1 F2400 X109.474 Y102.12 E290.89729
G0 F15000 X109.22 Y102.432
G1 F2400 X110.583 Y103.795 E290.92026
G0 F15000 X110.353 Y104.13
G1 F2400 X109.014 Y102.792 E290.94281
G0 F15000 X108.808 Y103.152
G1 F2400 X110.177 Y104.52 E290.96586
G0 F15000 X110.018 Y104.926
G1 F2400 X108.603 Y103.511 E290.9897
G0 F15000 X108.397 Y103.871
G1 F2400 X109.858 Y105.333 E291.01433
G0 F15000 X109.736 Y105.776
G1 F2400 X108.255 Y104.295 E291.03928
G0 F15000 X108.113 Y104.719
G1 F2400 X109.63 Y106.236 E291.06484
G0 F15000 X109.564 Y106.735
G1 F2400 X107.971 Y105.143 E291.09167
G0 F15000 X107.867 Y105.604
G1 F2400 X109.525 Y107.262 E291.1196
G0 F15000 X109.527 Y107.83
G1 F2400 X107.774 Y106.077 E291.14914
G0 F15000 X107.706 Y106.575
G1 F2400 X109.572 Y108.441 E291.18057
G0 F15000 X109.723 Y109.157
G1 F2400 X107.672 Y107.106 E291.21513
G0 F15000 X107.655 Y107.655
G1 F2400 X109.978 Y109.978 E291.25427
G0 F15000 X110.462 Y111.027
G1 F2400 X107.695 Y108.261 E291.30088
M204 S3500
G0 F15000 X107.774 Y108.258
G1 F1500 E284.80088
;MESH:NONMESH
G0 F600 X107.774 Y108.258 Z11.2
G0 F15000 X112.395 Y112.093
G0 X113.266 Y112.745
G0 X114.241 Y113.233
G0 X115.286 Y113.541
G0 X116.368 Y113.661
G0 X117.455 Y113.588
G0 X118.512 Y113.325
G0 X119.506 Y112.881
G0 X120.236 Y112.383
G0 X121.79 Y110.934
;TIME_ELAPSED:765.131062
;LAYER:55
;TYPE:FILL
;MESH:The cap.stl
G1 F1500 E291.30088
G1 F4053.9 X120.571 Y115.485 E291.35996
G1 X120.824 Y115.367 E291.36346
G1 X121.802 Y114.745 E291.378
G1 X122.858 Y113.859 E291.39528
G1 X120.954 Y111.955 E291.42905
G1 X121.319 Y111.596 E291.43547
G1 X121.945 Y110.72 E291.44897
G1 X122.435 Y109.695 E291.46322
G1 X122.724 Y108.626 E291.47711
G1 X122.824 Y107.5 E291.49128
G1 X122.795 Y107.185 E291.49525
G1 X124.019 Y102.616 E291.55457
G1 X124.325 Y103.047 E291.56119
G1 X124.913 Y104.358 E291.57921
G1 X125.159 Y105.179 E291.58996
G1 X122.584 Y105.869 E291.62339
G1 X122.43 Y105.302 E291.63076
G1 X122.108 Y104.624 E291.64017
G1 X125.455 Y107.971 E291.69953
G1 X125.332 Y109.237 E291.71548
G1 X124.915 Y110.632 E291.73374
G1 X124.497 Y111.568 E291.74659
G1 X119.92 Y112.794 E291.80602
G1 X119.583 Y113.026 E291.81115
G1 X118.543 Y113.484 E291.8254
G1 X117.498 Y113.744 E291.8389
G1 X116.36 Y113.824 E291.85321
G1 X115.246 Y113.695 E291.86727
G1 X114.869 Y113.584 E291.8722
G1 X114.178 Y116.162 E291.90567
G1 X115.201 Y116.382 E291.91879
G1 X116.358 Y116.477 E291.93335
G1 X116.96 Y116.447 E291.94091
G1 X113.61 Y113.097 E292.00032
G1 X113.19 Y112.889 E292.0062
G1 X112.286 Y112.211 E292.02037
G1 X111.52 Y111.396 E292.03439
G1 X110.935 Y110.491 E292.04791
G1 X110.881 Y110.368 E292.04959
G1 X107.555 Y107.041 E292.10859
G1 X107.527 Y107.506 E292.11443
G1 X107.601 Y108.666 E292.129
G1 X107.832 Y109.822 E292.14379
G1 X110.414 Y109.13 E292.17731
G1 X110.236 Y108.335 E292.18753
G1 X110.193 Y107.852 E292.19361
G1 X108.978 Y112.388 E292.2525
G1 X109.158 Y112.704 E292.25706
G1 X110.1 Y113.792 E292.2751
G1 X110.972 Y114.572 E292.28978
G1 X111.623 Y115.017 E292.29966
G1 X116.166 Y113.8 E292.35864
G0 F15000 X114.241 Y113.233
G0 X113.266 Y112.745
G0 X112.395 Y112.093
G0 X111.65 Y111.298
G0 X111.056 Y110.384
G0 X110.632 Y109.376
G0 X110.398 Y108.334
G0 X110.393 Y106.706
G0 X110.815 Y105.131
G0 X112.043 Y103.045
G1 F4053.9 X110.15 Y101.151 E292.39222
G1 X109.156 Y102.301 E292.41129
G1 X108.512 Y103.428 E292.42756
G1 X113.055 Y102.21 E292.48655
G1 X112.283 Y102.791 E292.49866
G1 X111.522 Y103.601 E292.5126
G1 X111.199 Y104.096 E292.52001
G1 X112.426 Y99.52 E292.57942
G1 X112.962 Y99.249 E292.58696
G1 X114.055 Y98.863 E292.60149
G1 X115.201 Y98.618 E292.61619
G1 X116.033 Y98.549 E292.62666
G1 X119.362 Y101.878 E292.6857
G1 X118.593 Y101.533 E292.69627
G1 X118.129 Y101.416 E292.70227
G1 X118.818 Y98.844 E292.73566
G1 X119.226 Y98.947 E292.74094
G1 X120.306 Y99.368 E292.75547
G1 X121.407 Y99.972 E292.77122
G1 X116.804 Y101.206 E292.83098
G1 X116.426 Y101.181 E292.83573
M204 S429
G1 F1500 E286.33573
G0 F15000 X114.479 Y101.647
G0 X113.263 Y102.257
G0 X112.391 Y102.91
G0 X111.647 Y103.705
G0 X111.066 Y104.603
G0 X110.496 Y106.131
G0 X110.347 Y107.753
G0 X110.632 Y109.376
G0 X111.056 Y110.384
G0 X111.65 Y111.298
G0 X112.395 Y112.093
G0 X113.266 Y112.745
G0 X114.241 Y113.233
G0 X116.303 Y113.715
G0 X116.381 Y113.019
;TYPE:WALL-OUTER
G1 F1500 E292.83573
G1 F3000 X115.412 Y112.911 E292.84796
G1 X114.475 Y112.636 E292.86021
G1 X113.615 Y112.206 E292.87226
G1 X112.82 Y111.614 E292.88469
G1 X112.161 Y110.91 E292.89679
G1 X111.633 Y110.1 E292.90891
G1 X111.243 Y109.177 E292.92148
G1 X111.029 Y108.224 E292.93373
G1 X110.988 Y107.749 E292.9397
G1 X111.03 Y106.772 E292.95197
G1 X111.116 Y106.293 E292.95807
G1 X111.413 Y105.359 E292.97036
G1 X111.629 Y104.905 E292.97667
G1 X112.165 Y104.085 E292.98895
G1 X112.817 Y103.388 E293.00092
G1 X113.6 Y102.803 E293.01318
G1 X114.696 Y102.253 E293.02855
G1 X115.871 Y102.015 E293.04359
G1 X116.399 Y101.981 E293.05022
G1 X117.354 Y102.044 E293.06223
G1 X118.286 Y102.276 E293.07427
G1 X119.19 Y102.677 E293.08667
G1 X120 Y103.227 E293.09895
G1 X120.691 Y103.903 E293.11107
G1 X121.248 Y104.68 E293.12306
G1 X121.688 Y105.605 E293.13591
G1 X121.936 Y106.525 E293.14786
G1 X122.023 Y107.518 E293.16036
G1 X121.938 Y108.466 E293.17229
G1 X121.68 Y109.417 E293.18465
G1 X121.259 Y110.304 E293.19696
G1 X120.699 Y111.088 E293.20904
G1 X120 Y111.773 E293.22132
G1 X119.185 Y112.326 E293.23367
G1 X118.317 Y112.713 E293.24559
G1 X117.36 Y112.955 E293.25796
G1 X116.381 Y113.019 E293.27027
G0 F15000 X116.183 Y112.997
G0 X116.105 Y113.692
G0 X116.354 Y116.579
G0 X116.349 Y117.278
G1 F3000 X117.613 Y117.216 E293.28614
G1 X118.847 Y116.993 E293.30186
G1 X120.064 Y116.608 E293.31787
G1 X121.211 Y116.07 E293.33376
G1 X122.272 Y115.395 E293.34953
G1 X123.488 Y114.377 E293.36941
G1 X124.491 Y113.142 E293.38937
G1 X125.155 Y112.059 E293.4053
G1 X125.668 Y110.911 E293.42107
G1 X126.122 Y109.395 E293.44091
G1 X126.276 Y107.808 E293.46091
G1 X126.277 Y107.182 E293.46876
G1 X126.121 Y105.603 E293.48865
G1 X125.667 Y104.083 E293.50855
G1 X125.022 Y102.646 E293.5283
G1 X124.106 Y101.352 E293.54818
G1 X123.25 Y100.424 E293.56401
G1 X122.031 Y99.403 E293.58395
G1 X120.644 Y98.641 E293.6038
G1 X119.468 Y98.183 E293.61963
G1 X118.236 Y97.877 E293.63555
G1 X117.606 Y97.784 E293.64353
G1 X116.349 Y97.722 E293.65931
G1 X115.079 Y97.826 E293.67529
G1 X113.836 Y98.091 E293.69123
G1 X112.65 Y98.511 E293.70701
G1 X111.521 Y99.084 E293.72289
G1 X110.479 Y99.796 E293.73871
G1 X109.527 Y100.647 E293.75473
G1 X108.501 Y101.834 E293.7744
G1 X107.554 Y103.492 E293.79835
G1 X107.049 Y104.999 E293.81828
G1 X106.806 Y106.232 E293.83404
G1 X106.724 Y107.506 E293.85005
G1 X106.806 Y108.766 E293.86588
G1 X107.049 Y110.001 E293.88166
G1 X107.554 Y111.507 E293.90158
G1 X108.338 Y112.881 E293.92142
G1 X108.704 Y113.401 E293.9294
G1 X109.527 Y114.353 E293.94518
G1 X110.479 Y115.204 E293.96119
G1 X111.521 Y115.916 E293.97702
G1 X112.65 Y116.489 E293.99289
G1 X113.836 Y116.908 E294.00867
G1 X115.079 Y117.174 E294.02461
G1 X116.349 Y117.278 E294.04059
M204 S1500
G0 F15000 X116.548 Y117.269
G0 X116.355 Y116.877
;TYPE:WALL-INNER
G1 F3263.5 X117.567 Y116.818 E294.0558
G1 X118.751 Y116.604 E294.07089
G1 X119.918 Y116.234 E294.08625
G1 X121.018 Y115.718 E294.10148
G1 X122.035 Y115.071 E294.1166
G1 X123.202 Y114.095 E294.13568
G1 X124.164 Y112.91 E294.15482
G1 X124.8 Y111.872 E294.17008
G1 X125.292 Y110.771 E294.18521
G1 X125.728 Y109.315 E294.20427
G1 X125.905 Y107.488 E294.22728
G1 X125.727 Y105.683 E294.25003
G1 X125.291 Y104.223 E294.26914
G1 X124.673 Y102.845 E294.28808
G1 X123.794 Y101.604 E294.30715
G1 X122.973 Y100.714 E294.32233
G1 X121.804 Y99.735 E294.34145
G1 X120.474 Y99.004 E294.36048
G1 X119.347 Y98.565 E294.37565
G1 X117.861 Y98.196 E294.39485
G1 X116.355 Y98.123 E294.41376
G1 X115.137 Y98.222 E294.42909
G1 X113.945 Y98.477 E294.44437
G1 X112.808 Y98.879 E294.4595
G1 X111.725 Y99.429 E294.47473
G1 X110.726 Y100.112 E294.4899
G1 X109.813 Y100.928 E294.50526
G1 X108.827 Y102.07 E294.52418
G1 X107.919 Y103.66 E294.54714
G1 X107.437 Y105.101 E294.5662
G1 X107.204 Y106.284 E294.58132
G1 X107.125 Y107.506 E294.59667
G1 X107.204 Y108.714 E294.61185
G1 X107.437 Y109.899 E294.627
G1 X107.921 Y111.345 E294.64612
G1 X108.83 Y112.935 E294.66909
G1 X109.813 Y114.072 E294.68794
G1 X110.726 Y114.888 E294.70329
G1 X111.725 Y115.571 E294.71847
G1 X112.808 Y116.121 E294.7337
G1 X113.945 Y116.522 E294.74882
G1 X115.137 Y116.777 E294.76411
G1 X116.355 Y116.877 E294.77943
G0 F15000 X116.354 Y116.579
G0 X116.296 Y113.714
G0 X116.33 Y113.418
G1 F3263.5 X115.336 Y113.306 E294.79198
G1 X114.341 Y113.013 E294.80498
G1 X113.371 Y112.525 E294.8186
G1 X112.554 Y111.912 E294.83141
G1 X111.859 Y111.172 E294.84414
G1 X111.285 Y110.298 E294.85725
G1 X110.864 Y109.304 E294.87079
G1 X110.633 Y108.28 E294.88395
G1 X110.588 Y107.704 E294.8912
G1 X110.633 Y106.722 E294.90353
G1 X110.724 Y106.215 E294.90999
G1 X111.042 Y105.209 E294.92322
G1 X111.281 Y104.707 E294.93019
G1 X111.857 Y103.829 E294.94336
G1 X112.55 Y103.09 E294.95606
G1 X113.374 Y102.473 E294.96897
G1 X114.585 Y101.868 E294.98595
G1 X115.861 Y101.613 E295.00226
G1 X116.415 Y101.581 E295.00922
G1 X117.412 Y101.648 E295.02175
G1 X118.454 Y101.909 E295.03523
G1 X119.383 Y102.326 E295.048
G1 X120.257 Y102.92 E295.06125
G1 X120.985 Y103.631 E295.07401
G1 X121.602 Y104.486 E295.08723
G1 X122.055 Y105.443 E295.10051
G1 X122.329 Y106.447 E295.11356
G1 X122.423 Y107.5 E295.12682
G1 X122.334 Y108.524 E295.13971
G1 X122.058 Y109.555 E295.15309
G1 X121.601 Y110.514 E295.16641
G1 X121.01 Y111.34 E295.17915
G1 X120.257 Y112.081 E295.1924
G1 X119.391 Y112.672 E295.20555
G1 X118.417 Y113.103 E295.2189
G1 X117.432 Y113.349 E295.23163
G1 X116.33 Y113.418 E295.24548
M204 S3500
G0 F15000 X116.263 Y114.012
;MESH:NONMESH
G0 F600 X116.263 Y114.012 Z11.4
G0 F15000 X118.512 Y113.325
G0 X119.506 Y112.881
G0 X120.236 Y112.383
G0 X121.79 Y110.934
;TIME_ELAPSED:773.030382
;LAYER:56
;TYPE:FILL
;MESH:The cap.stl
G1 F4005.2 X120.571 Y115.485 E295.30456
G1 X120.824 Y115.367 E295.30806
G1 X121.802 Y114.745 E295.3226
G1 X122.858 Y113.859 E295.33989
G1 X120.954 Y111.955 E295.37365
G1 X121.319 Y111.596 E295.38007
G1 X121.945 Y110.72 E295.39357
G1 X122.435 Y109.695 E295.40782
G1 X122.724 Y108.626 E295.42171
G1 X122.824 Y107.5 E295.43589
G1 X122.795 Y107.185 E295.43985
G1 X124.019 Y102.616 E295.49917
G1 X124.325 Y103.047 E295.5058
G1 X124.913 Y104.358 E295.52382
G1 X125.159 Y105.179 E295.53456
G1 X122.584 Y105.869 E295.56799
G1 X122.43 Y105.302 E295.57536
G1 X122.108 Y104.624 E295.58478
G1 X125.455 Y107.971 E295.64413
G1 X125.332 Y109.237 E295.66008
G1 X124.915 Y110.632 E295.67834
G1 X124.497 Y111.568 E295.6912
G1 X119.92 Y112.794 E295.75062
G1 X119.583 Y113.026 E295.75575
G1 X118.543 Y113.484 E295.77
G1 X117.498 Y113.744 E295.7835
G1 X116.36 Y113.824 E295.79781
G1 X115.246 Y113.695 E295.81187
G1 X114.869 Y113.584 E295.8168
G1 X114.178 Y116.162 E295.85027
G1 X115.201 Y116.382 E295.86339
G1 X116.358 Y116.477 E295.87795
G1 X116.96 Y116.447 E295.88551
G1 X113.61 Y113.097 E295.94492
G1 X113.19 Y112.889 E295.9508
G1 X112.286 Y112.211 E295.96497
G1 X111.52 Y111.396 E295.979
G1 X110.935 Y110.491 E295.99251
G1 X110.881 Y110.368 E295.9942
G1 X107.555 Y107.041 E296.05319
G1 X107.527 Y107.506 E296.05903
G1 X107.601 Y108.666 E296.07361
G1 X107.832 Y109.822 E296.08839
G1 X110.414 Y109.13 E296.12191
G1 X110.236 Y108.335 E296.13213
G1 X110.193 Y107.852 E296.13821
G1 X108.978 Y112.388 E296.1971
G1 X109.158 Y112.704 E296.20166
G1 X110.1 Y113.792 E296.21971
G1 X110.972 Y114.572 E296.23438
G1 X111.623 Y115.017 E296.24427
G1 X116.166 Y113.8 E296.30325
G0 F15000 X114.241 Y113.233
G0 X113.266 Y112.745
G0 X112.395 Y112.093
G0 X111.65 Y111.298
G0 X111.056 Y110.384
G0 X110.632 Y109.376
G0 X110.398 Y108.334
G0 X110.393 Y106.706
G0 X110.815 Y105.131
G0 X112.043 Y103.045
G1 F4005.2 X110.15 Y101.151 E296.33683
G1 X109.156 Y102.301 E296.35589
G1 X108.512 Y103.428 E296.37217
G1 X113.055 Y102.21 E296.43115
G1 X112.283 Y102.791 E296.44327
G1 X111.522 Y103.601 E296.4572
G1 X111.199 Y104.096 E296.46462
G1 X112.426 Y99.52 E296.52403
G1 X112.962 Y99.249 E296.53156
G1 X114.055 Y98.863 E296.5461
G1 X115.201 Y98.618 E296.56079
G1 X116.033 Y98.549 E296.57126
G1 X119.362 Y101.878 E296.6303
G1 X118.593 Y101.533 E296.64087
G1 X118.129 Y101.416 E296.64687
G1 X118.818 Y98.844 E296.68026
G1 X119.226 Y98.947 E296.68554
G1 X120.306 Y99.368 E296.70008
G1 X121.407 Y99.972 E296.71582
G1 X116.804 Y101.206 E296.77559
G1 X116.426 Y101.181 E296.78034
M204 S429
G1 F1500 E290.28034
G0 F15000 X114.479 Y101.647
G0 X113.263 Y102.257
G0 X112.391 Y102.91
G0 X111.647 Y103.705
G0 X111.066 Y104.603
G0 X110.496 Y106.131
G0 X110.347 Y107.753
G0 X110.632 Y109.376
G0 X111.056 Y110.384
G0 X111.65 Y111.298
G0 X112.395 Y112.093
G0 X113.266 Y112.745
G0 X114.241 Y113.233
G0 X116.303 Y113.715
G0 X116.381 Y113.019
;TYPE:WALL-OUTER
G1 F1500 E296.78034
G1 F3000 X115.412 Y112.911 E296.79256
G1 X114.475 Y112.636 E296.80481
G1 X113.615 Y112.206 E296.81687
G1 X112.82 Y111.614 E296.8293
G1 X112.161 Y110.91 E296.84139
G1 X111.633 Y110.1 E296.85351
G1 X111.243 Y109.177 E296.86608
G1 X111.029 Y108.224 E296.87833
G1 X110.988 Y107.749 E296.88431
G1 X111.03 Y106.772 E296.89657
G1 X111.116 Y106.293 E296.90267
G1 X111.413 Y105.359 E296.91496
G1 X111.629 Y104.905 E296.92127
G1 X112.165 Y104.085 E296.93355
G1 X112.817 Y103.388 E296.94552
G1 X113.6 Y102.803 E296.95778
G1 X114.696 Y102.253 E296.97316
G1 X115.871 Y102.015 E296.98819
G1 X116.399 Y101.981 E296.99483
G1 X117.354 Y102.044 E297.00683
G1 X118.286 Y102.276 E297.01887
G1 X119.19 Y102.677 E297.03128
G1 X120 Y103.227 E297.04355
G1 X120.691 Y103.903 E297.05568
G1 X121.248 Y104.68 E297.06766
G1 X121.688 Y105.605 E297.08051
G1 X121.936 Y106.525 E297.09246
G1 X122.023 Y107.518 E297.10496
G1 X121.938 Y108.466 E297.1169
G1 X121.68 Y109.417 E297.12925
G1 X121.259 Y110.304 E297.14156
G1 X120.699 Y111.088 E297.15365
G1 X120 Y111.773 E297.16592
G1 X119.185 Y112.326 E297.17827
G1 X118.317 Y112.713 E297.19019
G1 X117.36 Y112.955 E297.20257
G1 X116.381 Y113.019 E297.21487
G0 F15000 X116.183 Y112.997
G0 X116.105 Y113.692
G0 X116.354 Y116.579
G0 X116.349 Y117.278
G1 F3000 X117.613 Y117.216 E297.23074
G1 X118.847 Y116.993 E297.24647
G1 X120.064 Y116.608 E297.26247
G1 X121.211 Y116.07 E297.27836
G1 X122.272 Y115.395 E297.29413
G1 X123.488 Y114.377 E297.31402
G1 X124.491 Y113.142 E297.33397
G1 X125.155 Y112.059 E297.3499
G1 X125.668 Y110.911 E297.36567
G1 X126.122 Y109.395 E297.38551
G1 X126.276 Y107.808 E297.40551
G1 X126.277 Y107.182 E297.41336
G1 X126.121 Y105.603 E297.43326
G1 X125.667 Y104.083 E297.45315
G1 X125.022 Y102.646 E297.4729
G1 X124.106 Y101.352 E297.49278
G1 X123.25 Y100.424 E297.50862
G1 X122.031 Y99.403 E297.52856
G1 X120.644 Y98.641 E297.5484
G1 X119.468 Y98.183 E297.56423
G1 X118.236 Y97.877 E297.58015
G1 X117.606 Y97.784 E297.58813
G1 X116.349 Y97.722 E297.60392
G1 X115.079 Y97.826 E297.6199
G1 X113.836 Y98.091 E297.63583
G1 X112.65 Y98.511 E297.65161
G1 X111.521 Y99.084 E297.66749
G1 X110.479 Y99.796 E297.68332
G1 X109.527 Y100.647 E297.69933
G1 X108.501 Y101.834 E297.719
G1 X107.554 Y103.492 E297.74295
G1 X107.049 Y104.999 E297.76288
G1 X106.806 Y106.232 E297.77864
G1 X106.724 Y107.506 E297.79465
G1 X106.806 Y108.766 E297.81048
G1 X107.049 Y110.001 E297.82627
G1 X107.554 Y111.507 E297.84619
G1 X108.338 Y112.881 E297.86603
G1 X108.704 Y113.401 E297.874
G1 X109.527 Y114.353 E297.88978
G1 X110.479 Y115.204 E297.90579
G1 X111.521 Y115.916 E297.92162
G1 X112.65 Y116.489 E297.9375
G1 X113.836 Y116.908 E297.95327
G1 X115.079 Y117.174 E297.96921
G1 X116.349 Y117.278 E297.98519
M204 S1500
G0 F15000 X116.548 Y117.269
G0 X116.355 Y116.877
;TYPE:WALL-INNER
G1 F3251.3 X117.567 Y116.818 E298.00041
G1 X118.751 Y116.604 E298.0155
G1 X119.918 Y116.234 E298.03085
G1 X121.018 Y115.718 E298.04609
G1 X122.035 Y115.071 E298.0612
G1 X123.202 Y114.095 E298.08028
G1 X124.164 Y112.91 E298.09942
G1 X124.8 Y111.872 E298.11469
G1 X125.292 Y110.771 E298.12981
G1 X125.728 Y109.315 E298.14887
G1 X125.905 Y107.488 E298.17189
G1 X125.727 Y105.683 E298.19463
G1 X125.291 Y104.223 E298.21374
G1 X124.673 Y102.845 E298.23268
G1 X123.794 Y101.604 E298.25175
G1 X122.973 Y100.714 E298.26693
G1 X121.804 Y99.735 E298.28606
G1 X120.474 Y99.004 E298.30509
G1 X119.347 Y98.565 E298.32026
G1 X117.861 Y98.196 E298.33946
G1 X116.355 Y98.123 E298.35836
G1 X115.137 Y98.222 E298.37369
G1 X113.945 Y98.477 E298.38898
G1 X112.808 Y98.879 E298.4041
G1 X111.725 Y99.429 E298.41933
G1 X110.726 Y100.112 E298.43451
G1 X109.813 Y100.928 E298.44986
G1 X108.827 Y102.07 E298.46878
G1 X107.919 Y103.66 E298.49174
G1 X107.437 Y105.101 E298.5108
G1 X107.204 Y106.284 E298.52592
G1 X107.125 Y107.506 E298.54128
G1 X107.204 Y108.714 E298.55646
G1 X107.437 Y109.899 E298.5716
G1 X107.921 Y111.345 E298.59072
G1 X108.83 Y112.935 E298.61369
G1 X109.813 Y114.072 E298.63254
G1 X110.726 Y114.888 E298.6479
G1 X111.725 Y115.571 E298.66307
G1 X112.808 Y116.121 E298.6783
G1 X113.945 Y116.522 E298.69342
G1 X115.137 Y116.777 E298.70871
G1 X116.355 Y116.877 E298.72403
G0 F15000 X116.354 Y116.579
G0 X116.296 Y113.714
G0 X116.33 Y113.418
G1 F3251.3 X115.336 Y113.306 E298.73658
G1 X114.341 Y113.013 E298.74959
G1 X113.371 Y112.525 E298.7632
G1 X112.554 Y111.912 E298.77601
G1 X111.859 Y111.172 E298.78874
G1 X111.285 Y110.298 E298.80186
G1 X110.864 Y109.304 E298.81539
G1 X110.633 Y108.28 E298.82856
G1 X110.588 Y107.704 E298.8358
G1 X110.633 Y106.722 E298.84813
G1 X110.724 Y106.215 E298.85459
G1 X111.042 Y105.209 E298.86782
G1 X111.281 Y104.707 E298.87479
G1 X111.857 Y103.829 E298.88796
G1 X112.55 Y103.09 E298.90067
G1 X113.374 Y102.473 E298.91357
G1 X114.585 Y101.868 E298.93055
G1 X115.861 Y101.613 E298.94687
G1 X116.415 Y101.581 E298.95383
G1 X117.412 Y101.648 E298.96636
G1 X118.454 Y101.909 E298.97983
G1 X119.383 Y102.326 E298.9926
G1 X120.257 Y102.92 E299.00585
G1 X120.985 Y103.631 E299.01861
G1 X121.602 Y104.486 E299.03183
G1 X122.055 Y105.443 E299.04511
G1 X122.329 Y106.447 E299.05816
G1 X122.423 Y107.5 E299.07142
G1 X122.334 Y108.524 E299.08431
G1 X122.058 Y109.555 E299.09769
G1 X121.601 Y110.514 E299.11102
G1 X121.01 Y111.34 E299.12375
G1 X120.257 Y112.081 E299.137
G1 X119.391 Y112.672 E299.15015
G1 X118.417 Y113.103 E299.16351
G1 X117.432 Y113.349 E299.17624
G1 X116.33 Y113.418 E299.19008
M204 S3500
G0 F15000 X116.263 Y114.012
;MESH:NONMESH
G0 F600 X116.263 Y114.012 Z11.6
G0 F15000 X118.512 Y113.325
G0 X119.506 Y112.881
G0 X120.236 Y112.383
G0 X121.79 Y110.934
;TIME_ELAPSED:780.688648
;LAYER:57
;TYPE:FILL
;MESH:The cap.stl
G1 F4005.2 X120.571 Y115.485 E299.24917
G1 X120.824 Y115.367 E299.25267
G1 X121.802 Y114.745 E299.2672
G1 X122.858 Y113.859 E299.28449
G1 X120.954 Y111.955 E299.31826
G1 X121.319 Y111.596 E299.32468
G1 X121.945 Y110.72 E299.33818
G1 X122.435 Y109.695 E299.35243
G1 X122.724 Y108.626 E299.36631
G1 X122.824 Y107.5 E299.38049
G1 X122.795 Y107.185 E299.38446
G1 X124.019 Y102.616 E299.44377
G1 X124.325 Y103.047 E299.4504
G1 X124.913 Y104.358 E299.46842
G1 X125.159 Y105.179 E299.47917
G1 X122.584 Y105.869 E299.5126
G1 X122.43 Y105.302 E299.51997
G1 X122.108 Y104.624 E299.52938
G1 X125.455 Y107.971 E299.58874
G1 X125.332 Y109.237 E299.60469
G1 X124.915 Y110.632 E299.62295
G1 X124.497 Y111.568 E299.6358
G1 X119.92 Y112.794 E299.69522
G1 X119.583 Y113.026 E299.70035
G1 X118.543 Y113.484 E299.7146
G1 X117.498 Y113.744 E299.72811
G1 X116.36 Y113.824 E299.74241
G1 X115.246 Y113.695 E299.75648
G1 X114.869 Y113.584 E299.76141
G1 X114.178 Y116.162 E299.79488
G1 X115.201 Y116.382 E299.808
G1 X116.358 Y116.477 E299.82256
G1 X116.96 Y116.447 E299.83011
G1 X113.61 Y113.097 E299.88953
G1 X113.19 Y112.889 E299.8954
G1 X112.286 Y112.211 E299.90957
G1 X111.52 Y111.396 E299.9236
G1 X110.935 Y110.491 E299.93711
G1 X110.881 Y110.368 E299.9388
G1 X107.555 Y107.041 E299.99779
G1 X107.527 Y107.506 E300.00364
G1 X107.601 Y108.666 E300.01821
G1 X107.832 Y109.822 E300.03299
G1 X110.414 Y109.13 E300.06652
G1 X110.236 Y108.335 E300.07673
G1 X110.193 Y107.852 E300.08281
G1 X108.978 Y112.388 E300.1417
G1 X109.158 Y112.704 E300.14626
G1 X110.1 Y113.792 E300.16431
G1 X110.972 Y114.572 E300.17898
G1 X111.623 Y115.017 E300.18887
G1 X116.166 Y113.8 E300.24785
G0 F15000 X114.241 Y113.233
G0 X113.266 Y112.745
G0 X112.395 Y112.093
G0 X111.65 Y111.298
G0 X111.056 Y110.384
G0 X110.632 Y109.376
G0 X110.398 Y108.334
G0 X110.393 Y106.706
G0 X110.815 Y105.131
G0 X112.043 Y103.045
G1 F4005.2 X110.15 Y101.151 E300.28143
G1 X109.156 Y102.301 E300.30049
G1 X108.512 Y103.428 E300.31677
G1 X113.055 Y102.21 E300.37575
G1 X112.283 Y102.791 E300.38787
G1 X111.522 Y103.601 E300.40181
G1 X111.199 Y104.096 E300.40922
G1 X112.426 Y99.52 E300.46863
G1 X112.962 Y99.249 E300.47616
G1 X114.055 Y98.863 E300.4907
G1 X115.201 Y98.618 E300.5054
G1 X116.033 Y98.549 E300.51587
G1 X119.362 Y101.878 E300.5749
G1 X118.593 Y101.533 E300.58547
G1 X118.129 Y101.416 E300.59147
G1 X118.818 Y98.844 E300.62487
G1 X119.226 Y98.947 E300.63014
G1 X120.306 Y99.368 E300.64468
G1 X121.407 Y99.972 E300.66043
G1 X116.804 Y101.206 E300.72019
G1 X116.426 Y101.181 E300.72494
M204 S429
G1 F1500 E294.22494
G0 F15000 X114.479 Y101.647
G0 X113.263 Y102.257
G0 X112.391 Y102.91
G0 X111.647 Y103.705
G0 X111.066 Y104.603
G0 X110.496 Y106.131
G0 X110.347 Y107.753
G0 X110.632 Y109.376
G0 X111.056 Y110.384
G0 X111.65 Y111.298
G0 X112.395 Y112.093
G0 X113.266 Y112.745
G0 X114.241 Y113.233
G0 X116.303 Y113.715
G0 X116.381 Y113.019
;TYPE:WALL-OUTER
G1 F1500 E300.72494
G1 F3000 X115.412 Y112.911 E300.73717
G1 X114.475 Y112.636 E300.74941
G1 X113.615 Y112.206 E300.76147
G1 X112.82 Y111.614 E300.7739
G1 X112.161 Y110.91 E300.78599
G1 X111.633 Y110.1 E300.79812
G1 X111.243 Y109.177 E300.81068
G1 X111.029 Y108.224 E300.82293
G1 X110.988 Y107.749 E300.82891
G1 X111.03 Y106.772 E300.84117
G1 X111.116 Y106.293 E300.84728
G1 X111.413 Y105.359 E300.85957
G1 X111.629 Y104.905 E300.86587
G1 X112.165 Y104.085 E300.87816
G1 X112.817 Y103.388 E300.89013
G1 X113.6 Y102.803 E300.90238
G1 X114.696 Y102.253 E300.91776
G1 X115.871 Y102.015 E300.9328
G1 X116.399 Y101.981 E300.93943
G1 X117.354 Y102.044 E300.95143
G1 X118.286 Y102.276 E300.96348
G1 X119.19 Y102.677 E300.97588
G1 X120 Y103.227 E300.98816
G1 X120.691 Y103.903 E301.00028
G1 X121.248 Y104.68 E301.01227
G1 X121.688 Y105.605 E301.02511
G1 X121.936 Y106.525 E301.03706
G1 X122.023 Y107.518 E301.04956
G1 X121.938 Y108.466 E301.0615
G1 X121.68 Y109.417 E301.07386
G1 X121.259 Y110.304 E301.08617
G1 X120.699 Y111.088 E301.09825
G1 X120 Y111.773 E301.11052
G1 X119.185 Y112.326 E301.12287
G1 X118.317 Y112.713 E301.13479
G1 X117.36 Y112.955 E301.14717
G1 X116.381 Y113.019 E301.15947
G0 F15000 X116.183 Y112.997
G0 X116.105 Y113.692
G0 X116.354 Y116.579
G0 X116.349 Y117.278
G1 F3000 X117.613 Y117.216 E301.17534
G1 X118.847 Y116.993 E301.19107
G1 X120.064 Y116.608 E301.20708
G1 X121.211 Y116.07 E301.22296
G1 X122.272 Y115.395 E301.23873
G1 X123.488 Y114.377 E301.25862
G1 X124.491 Y113.142 E301.27857
G1 X125.155 Y112.059 E301.2945
G1 X125.668 Y110.911 E301.31027
G1 X126.122 Y109.395 E301.33012
G1 X126.276 Y107.808 E301.35011
G1 X126.277 Y107.182 E301.35796
G1 X126.121 Y105.603 E301.37786
G1 X125.667 Y104.083 E301.39775
G1 X125.022 Y102.646 E301.41751
G1 X124.106 Y101.352 E301.43739
G1 X123.25 Y100.424 E301.45322
G1 X122.031 Y99.403 E301.47316
G1 X120.644 Y98.641 E301.49301
G1 X119.468 Y98.183 E301.50883
G1 X118.236 Y97.877 E301.52475
G1 X117.606 Y97.784 E301.53274
G1 X116.349 Y97.722 E301.54852
G1 X115.079 Y97.826 E301.5645
G1 X113.836 Y98.091 E301.58044
G1 X112.65 Y98.511 E301.59622
G1 X111.521 Y99.084 E301.61209
G1 X110.479 Y99.796 E301.62792
G1 X109.527 Y100.647 E301.64393
G1 X108.501 Y101.834 E301.66361
G1 X107.554 Y103.492 E301.68755
G1 X107.049 Y104.999 E301.70748
G1 X106.806 Y106.232 E301.72324
G1 X106.724 Y107.506 E301.73925
G1 X106.806 Y108.766 E301.75509
G1 X107.049 Y110.001 E301.77087
G1 X107.554 Y111.507 E301.79079
G1 X108.338 Y112.881 E301.81063
G1 X108.704 Y113.401 E301.8186
G1 X109.527 Y114.353 E301.83438
G1 X110.479 Y115.204 E301.8504
G1 X111.521 Y115.916 E301.86622
G1 X112.65 Y116.489 E301.8821
G1 X113.836 Y116.908 E301.89787
G1 X115.079 Y117.174 E301.91381
G1 X116.349 Y117.278 E301.92979
M204 S1500
G0 F15000 X116.548 Y117.269
G0 X116.355 Y116.877
;TYPE:WALL-INNER
G1 F3251.3 X117.567 Y116.818 E301.94501
G1 X118.751 Y116.604 E301.9601
G1 X119.918 Y116.234 E301.97545
G1 X121.018 Y115.718 E301.99069
G1 X122.035 Y115.071 E302.0058
G1 X123.202 Y114.095 E302.02488
G1 X124.164 Y112.91 E302.04402
G1 X124.8 Y111.872 E302.05929
G1 X125.292 Y110.771 E302.07441
G1 X125.728 Y109.315 E302.09347
G1 X125.905 Y107.488 E302.11649
G1 X125.727 Y105.683 E302.13924
G1 X125.291 Y104.223 E302.15834
G1 X124.673 Y102.845 E302.17728
G1 X123.794 Y101.604 E302.19635
G1 X122.973 Y100.714 E302.21154
G1 X121.804 Y99.735 E302.23066
G1 X120.474 Y99.004 E302.24969
G1 X119.347 Y98.565 E302.26486
G1 X117.861 Y98.196 E302.28406
G1 X116.355 Y98.123 E302.30297
G1 X115.137 Y98.222 E302.31829
G1 X113.945 Y98.477 E302.33358
G1 X112.808 Y98.879 E302.3487
G1 X111.725 Y99.429 E302.36393
G1 X110.726 Y100.112 E302.37911
G1 X109.813 Y100.928 E302.39447
G1 X108.827 Y102.07 E302.41339
G1 X107.919 Y103.66 E302.43635
G1 X107.437 Y105.101 E302.4554
G1 X107.204 Y106.284 E302.47052
G1 X107.125 Y107.506 E302.48588
G1 X107.204 Y108.714 E302.50106
G1 X107.437 Y109.899 E302.5162
G1 X107.921 Y111.345 E302.53533
G1 X108.83 Y112.935 E302.55829
G1 X109.813 Y114.072 E302.57714
G1 X110.726 Y114.888 E302.5925
G1 X111.725 Y115.571 E302.60767
G1 X112.808 Y116.121 E302.62291
G1 X113.945 Y116.522 E302.63803
G1 X115.137 Y116.777 E302.65331
G1 X116.355 Y116.877 E302.66864
G0 F15000 X116.354 Y116.579
G0 X116.296 Y113.714
G0 X116.33 Y113.418
G1 F3251.3 X115.336 Y113.306 E302.68118
G1 X114.341 Y113.013 E302.69419
G1 X113.371 Y112.525 E302.70781
G1 X112.554 Y111.912 E302.72062
G1 X111.859 Y111.172 E302.73335
G1 X111.285 Y110.298 E302.74646
G1 X110.864 Y109.304 E302.76
G1 X110.633 Y108.28 E302.77316
G1 X110.588 Y107.704 E302.78041
G1 X110.633 Y106.722 E302.79273
G1 X110.724 Y106.215 E302.79919
G1 X111.042 Y105.209 E302.81242
G1 X111.281 Y104.707 E302.8194
G1 X111.857 Y103.829 E302.83256
G1 X112.55 Y103.09 E302.84527
G1 X113.374 Y102.473 E302.85818
G1 X114.585 Y101.868 E302.87515
G1 X115.861 Y101.613 E302.89147
G1 X116.415 Y101.581 E302.89843
G1 X117.412 Y101.648 E302.91096
G1 X118.454 Y101.909 E302.92443
G1 X119.383 Y102.326 E302.9372
G1 X120.257 Y102.92 E302.95045
G1 X120.985 Y103.631 E302.96321
G1 X121.602 Y104.486 E302.97644
G1 X122.055 Y105.443 E302.98972
G1 X122.329 Y106.447 E303.00277
G1 X122.423 Y107.5 E303.01602
G1 X122.334 Y108.524 E303.02891
G1 X122.058 Y109.555 E303.0423
G1 X121.601 Y110.514 E303.05562
G1 X121.01 Y111.34 E303.06836
G1 X120.257 Y112.081 E303.0816
G1 X119.391 Y112.672 E303.09475
G1 X118.417 Y113.103 E303.10811
G1 X117.432 Y113.349 E303.12084
G1 X116.33 Y113.418 E303.13469
M204 S3500
G0 F15000 X116.263 Y114.012
;MESH:NONMESH
G0 F600 X116.263 Y114.012 Z11.8
G0 F15000 X118.512 Y113.325
G0 X119.506 Y112.881
G0 X120.236 Y112.383
G0 X121.79 Y110.934
;TIME_ELAPSED:788.346914
;LAYER:58
;TYPE:FILL
;MESH:The cap.stl
G1 F4005.2 X120.571 Y115.485 E303.19377
G1 X120.824 Y115.367 E303.19727
G1 X121.802 Y114.745 E303.21181
G1 X122.858 Y113.859 E303.22909
G1 X120.954 Y111.955 E303.26286
G1 X121.319 Y111.596 E303.26928
G1 X121.945 Y110.72 E303.28278
G1 X122.435 Y109.695 E303.29703
G1 X122.724 Y108.626 E303.31092
G1 X122.824 Y107.5 E303.32509
G1 X122.795 Y107.185 E303.32906
G1 X124.019 Y102.616 E303.38838
G1 X124.325 Y103.047 E303.395
G1 X124.913 Y104.358 E303.41302
G1 X125.159 Y105.179 E303.42377
G1 X122.584 Y105.869 E303.4572
G1 X122.43 Y105.302 E303.46457
G1 X122.108 Y104.624 E303.47398
G1 X125.455 Y107.971 E303.53334
G1 X125.332 Y109.237 E303.54929
G1 X124.915 Y110.632 E303.56755
G1 X124.497 Y111.568 E303.5804
G1 X119.92 Y112.794 E303.63983
G1 X119.583 Y113.026 E303.64496
G1 X118.543 Y113.484 E303.65921
G1 X117.498 Y113.744 E303.67271
G1 X116.36 Y113.824 E303.68702
G1 X115.246 Y113.695 E303.70108
G1 X114.869 Y113.584 E303.70601
G1 X114.178 Y116.162 E303.73948
G1 X115.201 Y116.382 E303.7526
G1 X116.358 Y116.477 E303.76716
G1 X116.96 Y116.447 E303.77472
G1 X113.61 Y113.097 E303.83413
G1 X113.19 Y112.889 E303.84001
G1 X112.286 Y112.211 E303.85418
G1 X111.52 Y111.396 E303.8682
G1 X110.935 Y110.491 E303.88172
G1 X110.881 Y110.368 E303.8834
G1 X107.555 Y107.041 E303.9424
G1 X107.527 Y107.506 E303.94824
G1 X107.601 Y108.666 E303.96281
G1 X107.832 Y109.822 E303.9776
G1 X110.414 Y109.13 E304.01112
G1 X110.236 Y108.335 E304.02134
G1 X110.193 Y107.852 E304.02742
G1 X108.978 Y112.388 E304.08631
G1 X109.158 Y112.704 E304.09087
G1 X110.1 Y113.792 E304.10891
G1 X110.972 Y114.572 E304.12359
G1 X111.623 Y115.017 E304.13347
G1 X116.166 Y113.8 E304.19245
G0 F15000 X114.241 Y113.233
G0 X113.266 Y112.745
G0 X112.395 Y112.093
G0 X111.65 Y111.298
G0 X111.056 Y110.384
G0 X110.632 Y109.376
G0 X110.398 Y108.334
G0 X110.393 Y106.706
G0 X110.815 Y105.131
G0 X112.043 Y103.045
G1 F4005.2 X110.15 Y101.151 E304.22603
G1 X109.156 Y102.301 E304.2451
G1 X108.512 Y103.428 E304.26137
G1 X113.055 Y102.21 E304.32036
G1 X112.283 Y102.791 E304.33247
G1 X111.522 Y103.601 E304.34641
G1 X111.199 Y104.096 E304.35382
G1 X112.426 Y99.52 E304.41324
G1 X112.962 Y99.249 E304.42077
G1 X114.055 Y98.863 E304.4353
G1 X115.201 Y98.618 E304.45
G1 X116.033 Y98.549 E304.46047
G1 X119.362 Y101.878 E304.51951
G1 X118.593 Y101.533 E304.53008
G1 X118.129 Y101.416 E304.53608
G1 X118.818 Y98.844 E304.56947
G1 X119.226 Y98.947 E304.57475
G1 X120.306 Y99.368 E304.58928
G1 X121.407 Y99.972 E304.60503
G1 X116.804 Y101.206 E304.66479
G1 X116.426 Y101.181 E304.66954
M204 S429
G1 F1500 E298.16954
G0 F15000 X114.479 Y101.647
G0 X113.263 Y102.257
G0 X112.391 Y102.91
G0 X111.647 Y103.705
G0 X111.066 Y104.603
G0 X110.496 Y106.131
G0 X110.347 Y107.753
G0 X110.632 Y109.376
G0 X111.056 Y110.384
G0 X111.65 Y111.298
G0 X112.395 Y112.093
G0 X113.266 Y112.745
G0 X114.241 Y113.233
G0 X116.303 Y113.715
G0 X116.381 Y113.019
;TYPE:WALL-OUTER
G1 F1500 E304.66954
G1 F3000 X115.412 Y112.911 E304.68177
G1 X114.475 Y112.636 E304.69402
G1 X113.615 Y112.206 E304.70607
G1 X112.82 Y111.614 E304.7185
G1 X112.161 Y110.91 E304.7306
G1 X111.633 Y110.1 E304.74272
G1 X111.243 Y109.177 E304.75529
G1 X111.029 Y108.224 E304.76754
G1 X110.988 Y107.749 E304.77351
G1 X111.03 Y106.772 E304.78578
G1 X111.116 Y106.293 E304.79188
G1 X111.413 Y105.359 E304.80417
G1 X111.629 Y104.905 E304.81048
G1 X112.165 Y104.085 E304.82276
G1 X112.817 Y103.388 E304.83473
G1 X113.6 Y102.803 E304.84699
G1 X114.696 Y102.253 E304.86236
G1 X115.871 Y102.015 E304.8774
G1 X116.399 Y101.981 E304.88403
G1 X117.354 Y102.044 E304.89604
G1 X118.286 Y102.276 E304.90808
G1 X119.19 Y102.677 E304.92048
G1 X120 Y103.227 E304.93276
G1 X120.691 Y103.903 E304.94488
G1 X121.248 Y104.68 E304.95687
G1 X121.688 Y105.605 E304.96972
G1 X121.936 Y106.525 E304.98167
G1 X122.023 Y107.518 E304.99417
G1 X121.938 Y108.466 E305.0061
G1 X121.68 Y109.417 E305.01846
G1 X121.259 Y110.304 E305.03077
G1 X120.699 Y111.088 E305.04285
G1 X120 Y111.773 E305.05513
G1 X119.185 Y112.326 E305.06748
G1 X118.317 Y112.713 E305.0794
G1 X117.36 Y112.955 E305.09177
G1 X116.381 Y113.019 E305.10408
G0 F15000 X116.183 Y112.997
G0 X116.105 Y113.692
G0 X116.354 Y116.579
G0 X116.349 Y117.278
G1 F3000 X117.613 Y117.216 E305.11995
G1 X118.847 Y116.993 E305.13567
G1 X120.064 Y116.608 E305.15168
G1 X121.211 Y116.07 E305.16757
G1 X122.272 Y115.395 E305.18334
G1 X123.488 Y114.377 E305.20323
G1 X124.491 Y113.142 E305.22318
G1 X125.155 Y112.059 E305.23911
G1 X125.668 Y110.911 E305.25488
G1 X126.122 Y109.395 E305.27472
G1 X126.276 Y107.808 E305.29472
G1 X126.277 Y107.182 E305.30257
G1 X126.121 Y105.603 E305.32246
G1 X125.667 Y104.083 E305.34236
G1 X125.022 Y102.646 E305.36211
G1 X124.106 Y101.352 E305.38199
G1 X123.25 Y100.424 E305.39782
G1 X122.031 Y99.403 E305.41776
G1 X120.644 Y98.641 E305.43761
G1 X119.468 Y98.183 E305.45344
G1 X118.236 Y97.877 E305.46936
G1 X117.606 Y97.784 E305.47734
G1 X116.349 Y97.722 E305.49312
G1 X115.079 Y97.826 E305.5091
G1 X113.836 Y98.091 E305.52504
G1 X112.65 Y98.511 E305.54082
G1 X111.521 Y99.084 E305.5567
G1 X110.479 Y99.796 E305.57252
G1 X109.527 Y100.647 E305.58854
G1 X108.501 Y101.834 E305.60821
G1 X107.554 Y103.492 E305.63216
G1 X107.049 Y104.999 E305.65209
G1 X106.806 Y106.232 E305.66785
G1 X106.724 Y107.506 E305.68386
G1 X106.806 Y108.766 E305.69969
G1 X107.049 Y110.001 E305.71547
G1 X107.554 Y111.507 E305.73539
G1 X108.338 Y112.881 E305.75523
G1 X108.704 Y113.401 E305.76321
G1 X109.527 Y114.353 E305.77899
G1 X110.479 Y115.204 E305.795
G1 X111.521 Y115.916 E305.81083
G1 X112.65 Y116.489 E305.8267
G1 X113.836 Y116.908 E305.84248
G1 X115.079 Y117.174 E305.85842
G1 X116.349 Y117.278 E305.8744
M204 S1500
G0 F15000 X116.548 Y117.269
G0 X116.355 Y116.877
;TYPE:WALL-INNER
G1 F3251.3 X117.567 Y116.818 E305.88961
G1 X118.751 Y116.604 E305.9047
G1 X119.918 Y116.234 E305.92006
G1 X121.018 Y115.718 E305.93529
G1 X122.035 Y115.071 E305.95041
G1 X123.202 Y114.095 E305.96949
G1 X124.164 Y112.91 E305.98863
G1 X124.8 Y111.872 E306.00389
G1 X125.292 Y110.771 E306.01902
G1 X125.728 Y109.315 E306.03808
G1 X125.905 Y107.488 E306.06109
G1 X125.727 Y105.683 E306.08384
G1 X125.291 Y104.223 E306.10295
G1 X124.673 Y102.845 E306.12189
G1 X123.794 Y101.604 E306.14096
G1 X122.973 Y100.714 E306.15614
G1 X121.804 Y99.735 E306.17526
G1 X120.474 Y99.004 E306.19429
G1 X119.347 Y98.565 E306.20946
G1 X117.861 Y98.196 E306.22866
G1 X116.355 Y98.123 E306.24757
G1 X115.137 Y98.222 E306.2629
G1 X113.945 Y98.477 E306.27818
G1 X112.808 Y98.879 E306.29331
G1 X111.725 Y99.429 E306.30854
G1 X110.726 Y100.112 E306.32371
G1 X109.813 Y100.928 E306.33907
G1 X108.827 Y102.07 E306.35799
G1 X107.919 Y103.66 E306.38095
G1 X107.437 Y105.101 E306.40001
G1 X107.204 Y106.284 E306.41513
G1 X107.125 Y107.506 E306.43048
G1 X107.204 Y108.714 E306.44566
G1 X107.437 Y109.899 E306.46081
G1 X107.921 Y111.345 E306.47993
G1 X108.83 Y112.935 E306.5029
G1 X109.813 Y114.072 E306.52175
G1 X110.726 Y114.888 E306.5371
G1 X111.725 Y115.571 E306.55228
G1 X112.808 Y116.121 E306.56751
G1 X113.945 Y116.522 E306.58263
G1 X115.137 Y116.777 E306.59792
G1 X116.355 Y116.877 E306.61324
G0 F15000 X116.354 Y116.579
G0 X116.296 Y113.714
G0 X116.33 Y113.418
G1 F3251.3 X115.336 Y113.306 E306.62579
G1 X114.341 Y113.013 E306.63879
G1 X113.371 Y112.525 E306.65241
G1 X112.554 Y111.912 E306.66522
G1 X111.859 Y111.172 E306.67795
G1 X111.285 Y110.298 E306.69106
G1 X110.864 Y109.304 E306.7046
G1 X110.633 Y108.28 E306.71776
G1 X110.588 Y107.704 E306.72501
G1 X110.633 Y106.722 E306.73734
G1 X110.724 Y106.215 E306.7438
G1 X111.042 Y105.209 E306.75703
G1 X111.281 Y104.707 E306.764
G1 X111.857 Y103.829 E306.77717
G1 X112.55 Y103.09 E306.78987
G1 X113.374 Y102.473 E306.80278
G1 X114.585 Y101.868 E306.81976
G1 X115.861 Y101.613 E306.83607
G1 X116.415 Y101.581 E306.84303
G1 X117.412 Y101.648 E306.85556
G1 X118.454 Y101.909 E306.86904
G1 X119.383 Y102.326 E306.88181
G1 X120.257 Y102.92 E306.89506
G1 X120.985 Y103.631 E306.90782
G1 X121.602 Y104.486 E306.92104
G1 X122.055 Y105.443 E306.93432
G1 X122.329 Y106.447 E306.94737
G1 X122.423 Y107.5 E306.96063
G1 X122.334 Y108.524 E306.97352
G1 X122.058 Y109.555 E306.9869
G1 X121.601 Y110.514 E307.00022
G1 X121.01 Y111.34 E307.01296
G1 X120.257 Y112.081 E307.02621
G1 X119.391 Y112.672 E307.03936
G1 X118.417 Y113.103 E307.05271
G1 X117.432 Y113.349 E307.06544
G1 X116.33 Y113.418 E307.07929
M204 S3500
G0 F15000 X116.263 Y114.012
;MESH:NONMESH
G0 F600 X116.263 Y114.012 Z12
G0 F15000 X118.512 Y113.325
G0 X119.506 Y112.881
G0 X120.236 Y112.383
G0 X121.79 Y110.934
;TIME_ELAPSED:796.005179
;LAYER:59
;TYPE:FILL
;MESH:The cap.stl
G1 F4005.2 X120.571 Y115.485 E307.13837
G1 X120.824 Y115.367 E307.14187
G1 X121.802 Y114.745 E307.15641
G1 X122.858 Y113.859 E307.1737
G1 X120.954 Y111.955 E307.20746
G1 X121.319 Y111.596 E307.21388
G1 X121.945 Y110.72 E307.22738
G1 X122.435 Y109.695 E307.24163
G1 X122.724 Y108.626 E307.25552
G1 X122.824 Y107.5 E307.2697
G1 X122.795 Y107.185 E307.27366
G1 X124.019 Y102.616 E307.33298
G1 X124.325 Y103.047 E307.33961
G1 X124.913 Y104.358 E307.35763
G1 X125.159 Y105.179 E307.36837
G1 X122.584 Y105.869 E307.4018
G1 X122.43 Y105.302 E307.40917
G1 X122.108 Y104.624 E307.41859
G1 X125.455 Y107.971 E307.47794
G1 X125.332 Y109.237 E307.49389
G1 X124.915 Y110.632 E307.51215
G1 X124.497 Y111.568 E307.52501
G1 X119.92 Y112.794 E307.58443
G1 X119.583 Y113.026 E307.58956
G1 X118.543 Y113.484 E307.60381
G1 X117.498 Y113.744 E307.61731
G1 X116.36 Y113.824 E307.63162
G1 X115.246 Y113.695 E307.64568
G1 X114.869 Y113.584 E307.65061
G1 X114.178 Y116.162 E307.68408
G1 X115.201 Y116.382 E307.6972
G1 X116.358 Y116.477 E307.71176
G1 X116.96 Y116.447 E307.71932
G1 X113.61 Y113.097 E307.77873
G1 X113.19 Y112.889 E307.78461
G1 X112.286 Y112.211 E307.79878
G1 X111.52 Y111.396 E307.81281
G1 X110.935 Y110.491 E307.82632
G1 X110.881 Y110.368 E307.82801
G1 X107.555 Y107.041 E307.887
G1 X107.527 Y107.506 E307.89284
G1 X107.601 Y108.666 E307.90742
G1 X107.832 Y109.822 E307.9222
G1 X110.414 Y109.13 E307.95572
G1 X110.236 Y108.335 E307.96594
G1 X110.193 Y107.852 E307.97202
G1 X108.978 Y112.388 E308.03091
G1 X109.158 Y112.704 E308.03547
G1 X110.1 Y113.792 E308.05352
G1 X110.972 Y114.572 E308.06819
G1 X111.623 Y115.017 E308.07808
G1 X116.166 Y113.8 E308.13706
G0 F15000 X114.241 Y113.233
G0 X113.266 Y112.745
G0 X112.395 Y112.093
G0 X111.65 Y111.298
G0 X111.056 Y110.384
G0 X110.632 Y109.376
G0 X110.398 Y108.334
G0 X110.393 Y106.706
G0 X110.815 Y105.131
G0 X112.043 Y103.045
G1 F4005.2 X110.15 Y101.151 E308.17064
G1 X109.156 Y102.301 E308.1897
G1 X108.512 Y103.428 E308.20598
G1 X113.055 Y102.21 E308.26496
G1 X112.283 Y102.791 E308.27708
G1 X111.522 Y103.601 E308.29101
G1 X111.199 Y104.096 E308.29843
G1 X112.426 Y99.52 E308.35784
G1 X112.962 Y99.249 E308.36537
G1 X114.055 Y98.863 E308.37991
G1 X115.201 Y98.618 E308.3946
G1 X116.033 Y98.549 E308.40507
G1 X119.362 Y101.878 E308.46411
G1 X118.593 Y101.533 E308.47468
G1 X118.129 Y101.416 E308.48068
G1 X118.818 Y98.844 E308.51407
G1 X119.226 Y98.947 E308.51935
G1 X120.306 Y99.368 E308.53389
G1 X121.407 Y99.972 E308.54963
G1 X116.804 Y101.206 E308.6094
G1 X116.426 Y101.181 E308.61415
M204 S429
G1 F1500 E302.11415
G0 F15000 X114.479 Y101.647
G0 X113.263 Y102.257
G0 X112.391 Y102.91
G0 X111.647 Y103.705
G0 X111.066 Y104.603
G0 X110.496 Y106.131
G0 X110.347 Y107.753
G0 X110.632 Y109.376
G0 X111.056 Y110.384
G0 X111.65 Y111.298
G0 X112.395 Y112.093
G0 X113.266 Y112.745
G0 X114.241 Y113.233
G0 X116.303 Y113.715
G0 X116.381 Y113.019
;TYPE:WALL-OUTER
G1 F1500 E308.61415
G1 F3000 X115.412 Y112.911 E308.62637
G1 X114.475 Y112.636 E308.63862
G1 X113.615 Y112.206 E308.65068
G1 X112.82 Y111.614 E308.66311
G1 X112.161 Y110.91 E308.6752
G1 X111.633 Y110.1 E308.68732
G1 X111.243 Y109.177 E308.69989
G1 X111.029 Y108.224 E308.71214
G1 X110.988 Y107.749 E308.71812
G1 X111.03 Y106.772 E308.73038
G1 X111.116 Y106.293 E308.73648
G1 X111.413 Y105.359 E308.74877
G1 X111.629 Y104.905 E308.75508
G1 X112.165 Y104.085 E308.76736
G1 X112.817 Y103.388 E308.77933
G1 X113.6 Y102.803 E308.79159
G1 X114.696 Y102.253 E308.80697
G1 X115.871 Y102.015 E308.822
G1 X116.399 Y101.981 E308.82864
G1 X117.354 Y102.044 E308.84064
G1 X118.286 Y102.276 E308.85268
G1 X119.19 Y102.677 E308.86509
G1 X120 Y103.227 E308.87736
G1 X120.691 Y103.903 E308.88949
G1 X121.248 Y104.68 E308.90147
G1 X121.688 Y105.605 E308.91432
G1 X121.936 Y106.525 E308.92627
G1 X122.023 Y107.518 E308.93877
G1 X121.938 Y108.466 E308.95071
G1 X121.68 Y109.417 E308.96306
G1 X121.259 Y110.304 E308.97537
G1 X120.699 Y111.088 E308.98746
G1 X120 Y111.773 E308.99973
G1 X119.185 Y112.326 E309.01208
G1 X118.317 Y112.713 E309.024
G1 X117.36 Y112.955 E309.03638
G1 X116.381 Y113.019 E309.04868
G0 F15000 X116.183 Y112.997
G0 X116.105 Y113.692
G0 X116.354 Y116.579
G0 X116.349 Y117.278
G1 F3000 X117.613 Y117.216 E309.06455
G1 X118.847 Y116.993 E309.08028
G1 X120.064 Y116.608 E309.09628
G1 X121.211 Y116.07 E309.11217
G1 X122.272 Y115.395 E309.12794
G1 X123.488 Y114.377 E309.14783
G1 X124.491 Y113.142 E309.16778
G1 X125.155 Y112.059 E309.18371
G1 X125.668 Y110.911 E309.19948
G1 X126.122 Y109.395 E309.21932
G1 X126.276 Y107.808 E309.23932
G1 X126.277 Y107.182 E309.24717
G1 X126.121 Y105.603 E309.26707
G1 X125.667 Y104.083 E309.28696
G1 X125.022 Y102.646 E309.30671
G1 X124.106 Y101.352 E309.32659
G1 X123.25 Y100.424 E309.34243
G1 X122.031 Y99.403 E309.36237
G1 X120.644 Y98.641 E309.38221
G1 X119.468 Y98.183 E309.39804
G1 X118.236 Y97.877 E309.41396
G1 X117.606 Y97.784 E309.42194
G1 X116.349 Y97.722 E309.43773
G1 X115.079 Y97.826 E309.45371
G1 X113.836 Y98.091 E309.46964
G1 X112.65 Y98.511 E309.48542
G1 X111.521 Y99.084 E309.5013
G1 X110.479 Y99.796 E309.51713
G1 X109.527 Y100.647 E309.53314
G1 X108.501 Y101.834 E309.55281
G1 X107.554 Y103.492 E309.57676
G1 X107.049 Y104.999 E309.59669
G1 X106.806 Y106.232 E309.61245
G1 X106.724 Y107.506 E309.62846
G1 X106.806 Y108.766 E309.64429
G1 X107.049 Y110.001 E309.66008
G1 X107.554 Y111.507 E309.68
G1 X108.338 Y112.881 E309.69984
G1 X108.704 Y113.401 E309.70781
G1 X109.527 Y114.353 E309.72359
G1 X110.479 Y115.204 E309.7396
G1 X111.521 Y115.916 E309.75543
G1 X112.65 Y116.489 E309.77131
G1 X113.836 Y116.908 E309.78708
G1 X115.079 Y117.174 E309.80302
G1 X116.349 Y117.278 E309.819
M204 S1500
G0 F15000 X116.548 Y117.269
G0 X116.355 Y116.877
;TYPE:WALL-INNER
G1 F3251.3 X117.567 Y116.818 E309.83422
G1 X118.751 Y116.604 E309.84931
G1 X119.918 Y116.234 E309.86466
G1 X121.018 Y115.718 E309.8799
G1 X122.035 Y115.071 E309.89501
G1 X123.202 Y114.095 E309.91409
G1 X124.164 Y112.91 E309.93323
G1 X124.8 Y111.872 E309.9485
G1 X125.292 Y110.771 E309.96362
G1 X125.728 Y109.315 E309.98268
G1 X125.905 Y107.488 E310.0057
G1 X125.727 Y105.683 E310.02844
G1 X125.291 Y104.223 E310.04755
G1 X124.673 Y102.845 E310.06649
G1 X123.794 Y101.604 E310.08556
G1 X122.973 Y100.714 E310.10074
G1 X121.804 Y99.735 E310.11987
G1 X120.474 Y99.004 E310.1389
G1 X119.347 Y98.565 E310.15407
G1 X117.861 Y98.196 E310.17327
G1 X116.355 Y98.123 E310.19217
G1 X115.137 Y98.222 E310.2075
G1 X113.945 Y98.477 E310.22279
G1 X112.808 Y98.879 E310.23791
G1 X111.725 Y99.429 E310.25314
G1 X110.726 Y100.112 E310.26832
G1 X109.813 Y100.928 E310.28367
G1 X108.827 Y102.07 E310.30259
G1 X107.919 Y103.66 E310.32555
G1 X107.437 Y105.101 E310.34461
G1 X107.204 Y106.284 E310.35973
G1 X107.125 Y107.506 E310.37509
G1 X107.204 Y108.714 E310.39027
G1 X107.437 Y109.899 E310.40541
G1 X107.921 Y111.345 E310.42453
G1 X108.83 Y112.935 E310.4475
G1 X109.813 Y114.072 E310.46635
G1 X110.726 Y114.888 E310.48171
G1 X111.725 Y115.571 E310.49688
G1 X112.808 Y116.121 E310.51211
G1 X113.945 Y116.522 E310.52723
G1 X115.137 Y116.777 E310.54252
G1 X116.355 Y116.877 E310.55784
G0 F15000 X116.354 Y116.579
G0 X116.296 Y113.714
G0 X116.33 Y113.418
G1 F3251.3 X115.336 Y113.306 E310.57039
G1 X114.341 Y113.013 E310.5834
G1 X113.371 Y112.525 E310.59701
G1 X112.554 Y111.912 E310.60982
G1 X111.859 Y111.172 E310.62255
G1 X111.285 Y110.298 E310.63567
G1 X110.864 Y109.304 E310.6492
G1 X110.633 Y108.28 E310.66237
G1 X110.588 Y107.704 E310.66961
G1 X110.633 Y106.722 E310.68194
G1 X110.724 Y106.215 E310.6884
G1 X111.042 Y105.209 E310.70163
G1 X111.281 Y104.707 E310.7086
G1 X111.857 Y103.829 E310.72177
G1 X112.55 Y103.09 E310.73448
G1 X113.374 Y102.473 E310.74738
G1 X114.585 Y101.868 E310.76436
G1 X115.861 Y101.613 E310.78068
G1 X116.415 Y101.581 E310.78764
G1 X117.412 Y101.648 E310.80017
G1 X118.454 Y101.909 E310.81364
G1 X119.383 Y102.326 E310.82641
G1 X120.257 Y102.92 E310.83966
G1 X120.985 Y103.631 E310.85242
G1 X121.602 Y104.486 E310.86564
G1 X122.055 Y105.443 E310.87892
G1 X122.329 Y106.447 E310.89197
G1 X122.423 Y107.5 E310.90523
G1 X122.334 Y108.524 E310.91812
G1 X122.058 Y109.555 E310.9315
G1 X121.601 Y110.514 E310.94483
G1 X121.01 Y111.34 E310.95756
G1 X120.257 Y112.081 E310.97081
G1 X119.391 Y112.672 E310.98396
G1 X118.417 Y113.103 E310.99732
G1 X117.432 Y113.349 E311.01005
G1 X116.33 Y113.418 E311.02389
M204 S3500
G0 F15000 X116.263 Y114.012
;MESH:NONMESH
G0 F600 X116.263 Y114.012 Z12.2
G0 F15000 X118.512 Y113.325
G0 X119.506 Y112.881
G0 X120.236 Y112.383
G0 X121.79 Y110.934
;TIME_ELAPSED:803.663445
;LAYER:60
;TYPE:FILL
;MESH:The cap.stl
G1 F4005.2 X120.571 Y115.485 E311.08298
G1 X120.824 Y115.367 E311.08648
G1 X121.802 Y114.745 E311.10101
G1 X122.858 Y113.859 E311.1183
G1 X120.954 Y111.955 E311.15207
G1 X121.319 Y111.596 E311.15849
G1 X121.945 Y110.72 E311.17199
G1 X122.435 Y109.695 E311.18624
G1 X122.724 Y108.626 E311.20012
G1 X122.824 Y107.5 E311.2143
G1 X122.795 Y107.185 E311.21827
G1 X124.019 Y102.616 E311.27758
G1 X124.325 Y103.047 E311.28421
G1 X124.913 Y104.358 E311.30223
G1 X125.159 Y105.179 E311.31298
G1 X122.584 Y105.869 E311.34641
G1 X122.43 Y105.302 E311.35378
G1 X122.108 Y104.624 E311.36319
G1 X125.455 Y107.971 E311.42255
G1 X125.332 Y109.237 E311.4385
G1 X124.915 Y110.632 E311.45676
G1 X124.497 Y111.568 E311.46961
G1 X119.92 Y112.794 E311.52903
G1 X119.583 Y113.026 E311.53416
G1 X118.543 Y113.484 E311.54841
G1 X117.498 Y113.744 E311.56192
G1 X116.36 Y113.824 E311.57622
G1 X115.246 Y113.695 E311.59029
G1 X114.869 Y113.584 E311.59522
G1 X114.178 Y116.162 E311.62869
G1 X115.201 Y116.382 E311.64181
G1 X116.358 Y116.477 E311.65637
G1 X116.96 Y116.447 E311.66392
G1 X113.61 Y113.097 E311.72334
G1 X113.19 Y112.889 E311.72921
G1 X112.286 Y112.211 E311.74338
G1 X111.52 Y111.396 E311.75741
G1 X110.935 Y110.491 E311.77092
G1 X110.881 Y110.368 E311.77261
G1 X107.555 Y107.041 E311.8316
G1 X107.527 Y107.506 E311.83745
G1 X107.601 Y108.666 E311.85202
G1 X107.832 Y109.822 E311.8668
G1 X110.414 Y109.13 E311.90033
G1 X110.236 Y108.335 E311.91054
G1 X110.193 Y107.852 E311.91662
G1 X108.978 Y112.388 E311.97551
G1 X109.158 Y112.704 E311.98007
G1 X110.1 Y113.792 E311.99812
G1 X110.972 Y114.572 E312.01279
G1 X111.623 Y115.017 E312.02268
G1 X116.166 Y113.8 E312.08166
G0 F15000 X114.241 Y113.233
G0 X113.266 Y112.745
G0 X112.395 Y112.093
G0 X111.65 Y111.298
G0 X111.056 Y110.384
G0 X110.632 Y109.376
G0 X110.398 Y108.334
G0 X110.393 Y106.706
G0 X110.815 Y105.131
G0 X112.043 Y103.045
G1 F4005.2 X110.15 Y101.151 E312.11524
G1 X109.156 Y102.301 E312.1343
G1 X108.512 Y103.428 E312.15058
G1 X113.055 Y102.21 E312.20956
G1 X112.283 Y102.791 E312.22168
G1 X111.522 Y103.601 E312.23562
G1 X111.199 Y104.096 E312.24303
G1 X112.426 Y99.52 E312.30244
G1 X112.962 Y99.249 E312.30997
G1 X114.055 Y98.863 E312.32451
G1 X115.201 Y98.618 E312.33921
G1 X116.033 Y98.549 E312.34968
G1 X119.362 Y101.878 E312.40871
G1 X118.593 Y101.533 E312.41928
G1 X118.129 Y101.416 E312.42528
G1 X118.818 Y98.844 E312.45868
G1 X119.226 Y98.947 E312.46395
G1 X120.306 Y99.368 E312.47849
G1 X121.407 Y99.972 E312.49424
G1 X116.804 Y101.206 E312.554
G1 X116.426 Y101.181 E312.55875
M204 S429
G1 F1500 E306.05875
G0 F15000 X114.479 Y101.647
G0 X113.263 Y102.257
G0 X112.391 Y102.91
G0 X111.647 Y103.705
G0 X111.066 Y104.603
G0 X110.496 Y106.131
G0 X110.347 Y107.753
G0 X110.632 Y109.376
G0 X111.056 Y110.384
G0 X111.65 Y111.298
G0 X112.395 Y112.093
G0 X113.266 Y112.745
G0 X114.241 Y113.233
G0 X116.303 Y113.715
G0 X116.381 Y113.019
;TYPE:WALL-OUTER
G1 F1500 E312.55875
G1 F3000 X115.412 Y112.911 E312.57098
G1 X114.475 Y112.636 E312.58322
G1 X113.615 Y112.206 E312.59528
G1 X112.82 Y111.614 E312.60771
G1 X112.161 Y110.91 E312.6198
G1 X111.633 Y110.1 E312.63193
G1 X111.243 Y109.177 E312.64449
G1 X111.029 Y108.224 E312.65674
G1 X110.988 Y107.749 E312.66272
G1 X111.03 Y106.772 E312.67498
G1 X111.116 Y106.293 E312.68109
G1 X111.413 Y105.359 E312.69338
G1 X111.629 Y104.905 E312.69968
G1 X112.165 Y104.085 E312.71197
G1 X112.817 Y103.388 E312.72394
G1 X113.6 Y102.803 E312.73619
G1 X114.696 Y102.253 E312.75157
G1 X115.871 Y102.015 E312.76661
G1 X116.399 Y101.981 E312.77324
G1 X117.354 Y102.044 E312.78524
G1 X118.286 Y102.276 E312.79729
G1 X119.19 Y102.677 E312.80969
G1 X120 Y103.227 E312.82197
G1 X120.691 Y103.903 E312.83409
G1 X121.248 Y104.68 E312.84608
G1 X121.688 Y105.605 E312.85892
G1 X121.936 Y106.525 E312.87087
G1 X122.023 Y107.518 E312.88337
G1 X121.938 Y108.466 E312.89531
G1 X121.68 Y109.417 E312.90767
G1 X121.259 Y110.304 E312.91998
G1 X120.699 Y111.088 E312.93206
G1 X120 Y111.773 E312.94433
G1 X119.185 Y112.326 E312.95668
G1 X118.317 Y112.713 E312.9686
G1 X117.36 Y112.955 E312.98098
G1 X116.381 Y113.019 E312.99328
G0 F15000 X116.183 Y112.997
G0 X116.105 Y113.692
G0 X116.354 Y116.579
G0 X116.349 Y117.278
G1 F3000 X117.613 Y117.216 E313.00915
G1 X118.847 Y116.993 E313.02488
G1 X120.064 Y116.608 E313.04089
G1 X121.211 Y116.07 E313.05677
G1 X122.272 Y115.395 E313.07254
G1 X123.488 Y114.377 E313.09243
G1 X124.491 Y113.142 E313.11238
G1 X125.155 Y112.059 E313.12831
G1 X125.668 Y110.911 E313.14408
G1 X126.122 Y109.395 E313.16393
G1 X126.276 Y107.808 E313.18392
G1 X126.277 Y107.182 E313.19177
G1 X126.121 Y105.603 E313.21167
G1 X125.667 Y104.083 E313.23156
G1 X125.022 Y102.646 E313.25132
G1 X124.106 Y101.352 E313.2712
G1 X123.25 Y100.424 E313.28703
G1 X122.031 Y99.403 E313.30697
G1 X120.644 Y98.641 E313.32682
G1 X119.468 Y98.183 E313.34264
G1 X118.236 Y97.877 E313.35856
G1 X117.606 Y97.784 E313.36655
G1 X116.349 Y97.722 E313.38233
G1 X115.079 Y97.826 E313.39831
G1 X113.836 Y98.091 E313.41425
G1 X112.65 Y98.511 E313.43003
G1 X111.521 Y99.084 E313.4459
G1 X110.479 Y99.796 E313.46173
G1 X109.527 Y100.647 E313.47774
G1 X108.501 Y101.834 E313.49742
G1 X107.554 Y103.492 E313.52136
G1 X107.049 Y104.999 E313.54129
G1 X106.806 Y106.232 E313.55705
G1 X106.724 Y107.506 E313.57306
G1 X106.806 Y108.766 E313.5889
G1 X107.049 Y110.001 E313.60468
G1 X107.554 Y111.507 E313.6246
G1 X108.338 Y112.881 E313.64444
G1 X108.704 Y113.401 E313.65241
G1 X109.527 Y114.353 E313.66819
G1 X110.479 Y115.204 E313.68421
G1 X111.521 Y115.916 E313.70003
G1 X112.65 Y116.489 E313.71591
G1 X113.836 Y116.908 E313.73168
G1 X115.079 Y117.174 E313.74762
G1 X116.349 Y117.278 E313.7636
M204 S1500
G0 F15000 X116.548 Y117.269
G0 X116.355 Y116.877
;TYPE:WALL-INNER
G1 F3251.3 X117.567 Y116.818 E313.77882
G1 X118.751 Y116.604 E313.79391
G1 X119.918 Y116.234 E313.80926
G1 X121.018 Y115.718 E313.8245
G1 X122.035 Y115.071 E313.83961
G1 X123.202 Y114.095 E313.85869
G1 X124.164 Y112.91 E313.87783
G1 X124.8 Y111.872 E313.8931
G1 X125.292 Y110.771 E313.90822
G1 X125.728 Y109.315 E313.92728
G1 X125.905 Y107.488 E313.9503
G1 X125.727 Y105.683 E313.97305
G1 X125.291 Y104.223 E313.99215
G1 X124.673 Y102.845 E314.01109
G1 X123.794 Y101.604 E314.03016
G1 X122.973 Y100.714 E314.04535
G1 X121.804 Y99.735 E314.06447
G1 X120.474 Y99.004 E314.0835
G1 X119.347 Y98.565 E314.09867
G1 X117.861 Y98.196 E314.11787
G1 X116.355 Y98.123 E314.13678
G1 X115.137 Y98.222 E314.1521
G1 X113.945 Y98.477 E314.16739
G1 X112.808 Y98.879 E314.18251
G1 X111.725 Y99.429 E314.19774
G1 X110.726 Y100.112 E314.21292
G1 X109.813 Y100.928 E314.22828
G1 X108.827 Y102.07 E314.2472
G1 X107.919 Y103.66 E314.27016
G1 X107.437 Y105.101 E314.28921
G1 X107.204 Y106.284 E314.30433
G1 X107.125 Y107.506 E314.31969
G1 X107.204 Y108.714 E314.33487
G1 X107.437 Y109.899 E314.35001
G1 X107.921 Y111.345 E314.36914
G1 X108.83 Y112.935 E314.3921
G1 X109.813 Y114.072 E314.41095
G1 X110.726 Y114.888 E314.42631
G1 X111.725 Y115.571 E314.44148
G1 X112.808 Y116.121 E314.45672
G1 X113.945 Y116.522 E314.47184
G1 X115.137 Y116.777 E314.48712
G1 X116.355 Y116.877 E314.50245
G0 F15000 X116.354 Y116.579
G0 X116.296 Y113.714
G0 X116.33 Y113.418
G1 F3251.3 X115.336 Y113.306 E314.51499
G1 X114.341 Y113.013 E314.528
G1 X113.371 Y112.525 E314.54162
G1 X112.554 Y111.912 E314.55443
G1 X111.859 Y111.172 E314.56716
G1 X111.285 Y110.298 E314.58027
G1 X110.864 Y109.304 E314.59381
G1 X110.633 Y108.28 E314.60697
G1 X110.588 Y107.704 E314.61422
G1 X110.633 Y106.722 E314.62654
G1 X110.724 Y106.215 E314.633
G1 X111.042 Y105.209 E314.64623
G1 X111.281 Y104.707 E314.65321
G1 X111.857 Y103.829 E314.66637
G1 X112.55 Y103.09 E314.67908
G1 X113.374 Y102.473 E314.69199
G1 X114.585 Y101.868 E314.70896
G1 X115.861 Y101.613 E314.72528
G1 X116.415 Y101.581 E314.73224
G1 X117.412 Y101.648 E314.74477
G1 X118.454 Y101.909 E314.75824
G1 X119.383 Y102.326 E314.77101
G1 X120.257 Y102.92 E314.78426
G1 X120.985 Y103.631 E314.79703
G1 X121.602 Y104.486 E314.81025
G1 X122.055 Y105.443 E314.82353
G1 X122.329 Y106.447 E314.83658
G1 X122.423 Y107.5 E314.84983
G1 X122.334 Y108.524 E314.86272
G1 X122.058 Y109.555 E314.87611
G1 X121.601 Y110.514 E314.88943
G1 X121.01 Y111.34 E314.90217
G1 X120.257 Y112.081 E314.91541
G1 X119.391 Y112.672 E314.92856
G1 X118.417 Y113.103 E314.94192
G1 X117.432 Y113.349 E314.95465
G1 X116.33 Y113.418 E314.9685
M204 S3500
G0 F15000 X116.263 Y114.012
;MESH:NONMESH
G0 F600 X116.263 Y114.012 Z12.4
G0 F15000 X118.512 Y113.325
G0 X119.506 Y112.881
G0 X120.236 Y112.383
G0 X121.79 Y110.934
;TIME_ELAPSED:811.321711
;LAYER:61
;TYPE:FILL
;MESH:The cap.stl
G1 F4005.2 X120.571 Y115.485 E315.02758
G1 X120.824 Y115.367 E315.03108
G1 X121.802 Y114.745 E315.04562
G1 X122.858 Y113.859 E315.0629
G1 X120.954 Y111.955 E315.09667
G1 X121.319 Y111.596 E315.10309
G1 X121.945 Y110.72 E315.11659
G1 X122.435 Y109.695 E315.13084
G1 X122.724 Y108.626 E315.14473
G1 X122.824 Y107.5 E315.1589
G1 X122.795 Y107.185 E315.16287
G1 X124.019 Y102.616 E315.22219
G1 X124.325 Y103.047 E315.22881
G1 X124.913 Y104.358 E315.24683
G1 X125.159 Y105.179 E315.25758
G1 X122.584 Y105.869 E315.29101
G1 X122.43 Y105.302 E315.29838
G1 X122.108 Y104.624 E315.30779
G1 X125.455 Y107.971 E315.36715
G1 X125.332 Y109.237 E315.3831
G1 X124.915 Y110.632 E315.40136
G1 X124.497 Y111.568 E315.41421
G1 X119.92 Y112.794 E315.47364
G1 X119.583 Y113.026 E315.47877
G1 X118.543 Y113.484 E315.49302
G1 X117.498 Y113.744 E315.50652
G1 X116.36 Y113.824 E315.52083
G1 X115.246 Y113.695 E315.53489
G1 X114.869 Y113.584 E315.53982
G1 X114.178 Y116.162 E315.57329
G1 X115.201 Y116.382 E315.58641
G1 X116.358 Y116.477 E315.60097
G1 X116.96 Y116.447 E315.60853
G1 X113.61 Y113.097 E315.66794
G1 X113.19 Y112.889 E315.67382
G1 X112.286 Y112.211 E315.68799
G1 X111.52 Y111.396 E315.70201
G1 X110.935 Y110.491 E315.71553
G1 X110.881 Y110.368 E315.71721
G1 X107.555 Y107.041 E315.77621
G1 X107.527 Y107.506 E315.78205
G1 X107.601 Y108.666 E315.79662
G1 X107.832 Y109.822 E315.81141
G1 X110.414 Y109.13 E315.84493
G1 X110.236 Y108.335 E315.85515
G1 X110.193 Y107.852 E315.86123
G1 X108.978 Y112.388 E315.92012
G1 X109.158 Y112.704 E315.92468
G1 X110.1 Y113.792 E315.94272
G1 X110.972 Y114.572 E315.9574
G1 X111.623 Y115.017 E315.96728
G1 X116.166 Y113.8 E316.02626
G0 F15000 X114.241 Y113.233
G0 X113.266 Y112.745
G0 X112.395 Y112.093
G0 X111.65 Y111.298
G0 X111.056 Y110.384
G0 X110.632 Y109.376
G0 X110.398 Y108.334
G0 X110.393 Y106.706
G0 X110.815 Y105.131
G0 X112.043 Y103.045
G1 F4005.2 X110.15 Y101.151 E316.05984
G1 X109.156 Y102.301 E316.07891
G1 X108.512 Y103.428 E316.09518
G1 X113.055 Y102.21 E316.15417
G1 X112.283 Y102.791 E316.16628
G1 X111.522 Y103.601 E316.18022
G1 X111.199 Y104.096 E316.18763
G1 X112.426 Y99.52 E316.24705
G1 X112.962 Y99.249 E316.25458
G1 X114.055 Y98.863 E316.26911
G1 X115.201 Y98.618 E316.28381
G1 X116.033 Y98.549 E316.29428
G1 X119.362 Y101.878 E316.35332
G1 X118.593 Y101.533 E316.36389
G1 X118.129 Y101.416 E316.36989
G1 X118.818 Y98.844 E316.40328
G1 X119.226 Y98.947 E316.40856
G1 X120.306 Y99.368 E316.42309
G1 X121.407 Y99.972 E316.43884
G1 X116.804 Y101.206 E316.4986
G1 X116.426 Y101.181 E316.50335
M204 S429
G1 F1500 E310.00335
G0 F15000 X114.479 Y101.647
G0 X113.263 Y102.257
G0 X112.391 Y102.91
G0 X111.647 Y103.705
G0 X111.066 Y104.603
G0 X110.496 Y106.131
G0 X110.347 Y107.753
G0 X110.632 Y109.376
G0 X111.056 Y110.384
G0 X111.65 Y111.298
G0 X112.395 Y112.093
G0 X113.266 Y112.745
G0 X114.241 Y113.233
G0 X116.303 Y113.715
G0 X116.381 Y113.019
;TYPE:WALL-OUTER
G1 F1500 E316.50335
G1 F3000 X115.412 Y112.911 E316.51558
G1 X114.475 Y112.636 E316.52783
G1 X113.615 Y112.206 E316.53988
G1 X112.82 Y111.614 E316.55231
G1 X112.161 Y110.91 E316.56441
G1 X111.633 Y110.1 E316.57653
G1 X111.243 Y109.177 E316.5891
G1 X111.029 Y108.224 E316.60135
G1 X110.988 Y107.749 E316.60732
G1 X111.03 Y106.772 E316.61959
G1 X111.116 Y106.293 E316.62569
G1 X111.413 Y105.359 E316.63798
G1 X111.629 Y104.905 E316.64429
G1 X112.165 Y104.085 E316.65657
G1 X112.817 Y103.388 E316.66854
G1 X113.6 Y102.803 E316.6808
G1 X114.696 Y102.253 E316.69617
G1 X115.871 Y102.015 E316.71121
G1 X116.399 Y101.981 E316.71784
G1 X117.354 Y102.044 E316.72985
G1 X118.286 Y102.276 E316.74189
G1 X119.19 Y102.677 E316.75429
G1 X120 Y103.227 E316.76657
G1 X120.691 Y103.903 E316.77869
G1 X121.248 Y104.68 E316.79068
G1 X121.688 Y105.605 E316.80353
G1 X121.936 Y106.525 E316.81548
G1 X122.023 Y107.518 E316.82798
G1 X121.938 Y108.466 E316.83991
G1 X121.68 Y109.417 E316.85227
G1 X121.259 Y110.304 E316.86458
G1 X120.699 Y111.088 E316.87666
G1 X120 Y111.773 E316.88894
G1 X119.185 Y112.326 E316.90129
G1 X118.317 Y112.713 E316.91321
G1 X117.36 Y112.955 E316.92558
G1 X116.381 Y113.019 E316.93789
G0 F15000 X116.183 Y112.997
G0 X116.105 Y113.692
G0 X116.354 Y116.579
G0 X116.349 Y117.278
G1 F3000 X117.613 Y117.216 E316.95376
G1 X118.847 Y116.993 E316.96948
G1 X120.064 Y116.608 E316.98549
G1 X121.211 Y116.07 E317.00138
G1 X122.272 Y115.395 E317.01715
G1 X123.488 Y114.377 E317.03704
G1 X124.491 Y113.142 E317.05699
G1 X125.155 Y112.059 E317.07292
G1 X125.668 Y110.911 E317.08869
G1 X126.122 Y109.395 E317.10853
G1 X126.276 Y107.808 E317.12853
G1 X126.277 Y107.182 E317.13638
G1 X126.121 Y105.603 E317.15627
G1 X125.667 Y104.083 E317.17617
G1 X125.022 Y102.646 E317.19592
G1 X124.106 Y101.352 E317.2158
G1 X123.25 Y100.424 E317.23163
G1 X122.031 Y99.403 E317.25157
G1 X120.644 Y98.641 E317.27142
G1 X119.468 Y98.183 E317.28725
G1 X118.236 Y97.877 E317.30317
G1 X117.606 Y97.784 E317.31115
G1 X116.349 Y97.722 E317.32693
G1 X115.079 Y97.826 E317.34291
G1 X113.836 Y98.091 E317.35885
G1 X112.65 Y98.511 E317.37463
G1 X111.521 Y99.084 E317.39051
G1 X110.479 Y99.796 E317.40633
G1 X109.527 Y100.647 E317.42235
G1 X108.501 Y101.834 E317.44202
G1 X107.554 Y103.492 E317.46597
G1 X107.049 Y104.999 E317.4859
G1 X106.806 Y106.232 E317.50166
G1 X106.724 Y107.506 E317.51767
G1 X106.806 Y108.766 E317.5335
G1 X107.049 Y110.001 E317.54928
G1 X107.554 Y111.507 E317.5692
G1 X108.338 Y112.881 E317.58904
G1 X108.704 Y113.401 E317.59702
G1 X109.527 Y114.353 E317.6128
G1 X110.479 Y115.204 E317.62881
G1 X111.521 Y115.916 E317.64464
G1 X112.65 Y116.489 E317.66051
G1 X113.836 Y116.908 E317.67629
G1 X115.079 Y117.174 E317.69223
G1 X116.349 Y117.278 E317.70821
M204 S1500
G0 F15000 X116.548 Y117.269
G0 X116.355 Y116.877
;TYPE:WALL-INNER
G1 F3251.3 X117.567 Y116.818 E317.72342
G1 X118.751 Y116.604 E317.73851
G1 X119.918 Y116.234 E317.75387
G1 X121.018 Y115.718 E317.7691
G1 X122.035 Y115.071 E317.78422
G1 X123.202 Y114.095 E317.8033
G1 X124.164 Y112.91 E317.82244
G1 X124.8 Y111.872 E317.8377
G1 X125.292 Y110.771 E317.85283
G1 X125.728 Y109.315 E317.87189
G1 X125.905 Y107.488 E317.8949
G1 X125.727 Y105.683 E317.91765
G1 X125.291 Y104.223 E317.93676
G1 X124.673 Y102.845 E317.9557
G1 X123.794 Y101.604 E317.97477
G1 X122.973 Y100.714 E317.98995
G1 X121.804 Y99.735 E318.00907
G1 X120.474 Y99.004 E318.0281
G1 X119.347 Y98.565 E318.04327
G1 X117.861 Y98.196 E318.06247
G1 X116.355 Y98.123 E318.08138
G1 X115.137 Y98.222 E318.09671
G1 X113.945 Y98.477 E318.11199
G1 X112.808 Y98.879 E318.12712
G1 X111.725 Y99.429 E318.14235
G1 X110.726 Y100.112 E318.15752
G1 X109.813 Y100.928 E318.17288
G1 X108.827 Y102.07 E318.1918
G1 X107.919 Y103.66 E318.21476
G1 X107.437 Y105.101 E318.23382
G1 X107.204 Y106.284 E318.24894
G1 X107.125 Y107.506 E318.26429
G1 X107.204 Y108.714 E318.27947
G1 X107.437 Y109.899 E318.29462
G1 X107.921 Y111.345 E318.31374
G1 X108.83 Y112.935 E318.33671
G1 X109.813 Y114.072 E318.35556
G1 X110.726 Y114.888 E318.37091
G1 X111.725 Y115.571 E318.38609
G1 X112.808 Y116.121 E318.40132
G1 X113.945 Y116.522 E318.41644
G1 X115.137 Y116.777 E318.43173
G1 X116.355 Y116.877 E318.44705
G0 F15000 X116.354 Y116.579
G0 X116.296 Y113.714
G0 X116.33 Y113.418
G1 F3251.3 X115.336 Y113.306 E318.4596
G1 X114.341 Y113.013 E318.4726
G1 X113.371 Y112.525 E318.48622
G1 X112.554 Y111.912 E318.49903
G1 X111.859 Y111.172 E318.51176
G1 X111.285 Y110.298 E318.52487
G1 X110.864 Y109.304 E318.53841
G1 X110.633 Y108.28 E318.55157
G1 X110.588 Y107.704 E318.55882
G1 X110.633 Y106.722 E318.57115
G1 X110.724 Y106.215 E318.57761
G1 X111.042 Y105.209 E318.59084
G1 X111.281 Y104.707 E318.59781
G1 X111.857 Y103.829 E318.61098
G1 X112.55 Y103.09 E318.62368
G1 X113.374 Y102.473 E318.63659
G1 X114.585 Y101.868 E318.65357
G1 X115.861 Y101.613 E318.66988
G1 X116.415 Y101.581 E318.67684
G1 X117.412 Y101.648 E318.68937
G1 X118.454 Y101.909 E318.70285
G1 X119.383 Y102.326 E318.71562
G1 X120.257 Y102.92 E318.72887
G1 X120.985 Y103.631 E318.74163
G1 X121.602 Y104.486 E318.75485
G1 X122.055 Y105.443 E318.76813
G1 X122.329 Y106.447 E318.78118
G1 X122.423 Y107.5 E318.79444
G1 X122.334 Y108.524 E318.80733
G1 X122.058 Y109.555 E318.82071
G1 X121.601 Y110.514 E318.83403
G1 X121.01 Y111.34 E318.84677
G1 X120.257 Y112.081 E318.86002
G1 X119.391 Y112.672 E318.87317
G1 X118.417 Y113.103 E318.88652
G1 X117.432 Y113.349 E318.89925
G1 X116.33 Y113.418 E318.9131
M204 S3500
G0 F15000 X116.263 Y114.012
;MESH:NONMESH
G0 F600 X116.263 Y114.012 Z12.6
G0 F15000 X118.512 Y113.325
G0 X119.506 Y112.881
G0 X120.236 Y112.383
G0 X121.79 Y110.934
;TIME_ELAPSED:818.979976
;LAYER:62
;TYPE:FILL
;MESH:The cap.stl
G1 F4005.2 X120.571 Y115.485 E318.97218
G1 X120.824 Y115.367 E318.97568
G1 X121.802 Y114.745 E318.99022
G1 X122.858 Y113.859 E319.00751
G1 X120.954 Y111.955 E319.04127
G1 X121.319 Y111.596 E319.04769
G1 X121.945 Y110.72 E319.0612
G1 X122.435 Y109.695 E319.07544
G1 X122.724 Y108.626 E319.08933
G1 X122.824 Y107.5 E319.10351
G1 X122.795 Y107.185 E319.10747
G1 X124.019 Y102.616 E319.16679
G1 X124.325 Y103.047 E319.17342
G1 X124.913 Y104.358 E319.19144
G1 X125.159 Y105.179 E319.20218
G1 X122.584 Y105.869 E319.23561
G1 X122.43 Y105.302 E319.24298
G1 X122.108 Y104.624 E319.2524
G1 X125.455 Y107.971 E319.31175
G1 X125.332 Y109.237 E319.3277
G1 X124.915 Y110.632 E319.34596
G1 X124.497 Y111.568 E319.35882
G1 X119.92 Y112.794 E319.41824
G1 X119.583 Y113.026 E319.42337
G1 X118.543 Y113.484 E319.43762
G1 X117.498 Y113.744 E319.45112
G1 X116.36 Y113.824 E319.46543
G1 X115.246 Y113.695 E319.47949
G1 X114.869 Y113.584 E319.48442
G1 X114.178 Y116.162 E319.51789
G1 X115.201 Y116.382 E319.53101
G1 X116.358 Y116.477 E319.54557
G1 X116.96 Y116.447 E319.55313
G1 X113.61 Y113.097 E319.61254
G1 X113.19 Y112.889 E319.61842
G1 X112.286 Y112.211 E319.63259
G1 X111.52 Y111.396 E319.64662
G1 X110.935 Y110.491 E319.66013
G1 X110.881 Y110.368 E319.66182
G1 X107.555 Y107.041 E319.72081
G1 X107.527 Y107.506 E319.72665
G1 X107.601 Y108.666 E319.74123
G1 X107.832 Y109.822 E319.75601
G1 X110.414 Y109.13 E319.78953
G1 X110.236 Y108.335 E319.79975
G1 X110.193 Y107.852 E319.80583
G1 X108.978 Y112.388 E319.86472
G1 X109.158 Y112.704 E319.86928
G1 X110.1 Y113.792 E319.88733
G1 X110.972 Y114.572 E319.902
G1 X111.623 Y115.017 E319.91189
G1 X116.166 Y113.8 E319.97087
G0 F15000 X114.241 Y113.233
G0 X113.266 Y112.745
G0 X112.395 Y112.093
G0 X111.65 Y111.298
G0 X111.056 Y110.384
G0 X110.632 Y109.376
G0 X110.398 Y108.334
G0 X110.393 Y106.706
G0 X110.815 Y105.131
G0 X112.043 Y103.045
G1 F4005.2 X110.15 Y101.151 E320.00445
G1 X109.156 Y102.301 E320.02351
G1 X108.512 Y103.428 E320.03979
G1 X113.055 Y102.21 E320.09877
G1 X112.283 Y102.791 E320.11089
G1 X111.522 Y103.601 E320.12482
G1 X111.199 Y104.096 E320.13224
G1 X112.426 Y99.52 E320.19165
G1 X112.962 Y99.249 E320.19918
G1 X114.055 Y98.863 E320.21372
G1 X115.201 Y98.618 E320.22841
G1 X116.033 Y98.549 E320.23888
G1 X119.362 Y101.878 E320.29792
G1 X118.593 Y101.533 E320.30849
G1 X118.129 Y101.416 E320.31449
G1 X118.818 Y98.844 E320.34788
G1 X119.226 Y98.947 E320.35316
G1 X120.306 Y99.368 E320.3677
G1 X121.407 Y99.972 E320.38344
G1 X116.804 Y101.206 E320.44321
G1 X116.426 Y101.181 E320.44796
M204 S429
G1 F1500 E313.94796
G0 F15000 X114.479 Y101.647
G0 X113.263 Y102.257
G0 X112.391 Y102.91
G0 X111.647 Y103.705
G0 X111.066 Y104.603
G0 X110.496 Y106.131
G0 X110.347 Y107.753
G0 X110.632 Y109.376
G0 X111.056 Y110.384
G0 X111.65 Y111.298
G0 X112.395 Y112.093
G0 X113.266 Y112.745
G0 X114.241 Y113.233
G0 X116.303 Y113.715
G0 X116.381 Y113.019
;TYPE:WALL-OUTER
G1 F1500 E320.44796
G1 F3000 X115.412 Y112.911 E320.46018
G1 X114.475 Y112.636 E320.47243
G1 X113.615 Y112.206 E320.48449
G1 X112.82 Y111.614 E320.49692
G1 X112.161 Y110.91 E320.50901
G1 X111.633 Y110.1 E320.52113
G1 X111.243 Y109.177 E320.5337
G1 X111.029 Y108.224 E320.54595
G1 X110.988 Y107.749 E320.55193
G1 X111.03 Y106.772 E320.56419
G1 X111.116 Y106.293 E320.57029
G1 X111.413 Y105.359 E320.58258
G1 X111.629 Y104.905 E320.58889
G1 X112.165 Y104.085 E320.60117
G1 X112.817 Y103.388 E320.61314
G1 X113.6 Y102.803 E320.6254
G1 X114.696 Y102.253 E320.64078
G1 X115.871 Y102.015 E320.65581
G1 X116.399 Y101.981 E320.66245
G1 X117.354 Y102.044 E320.67445
G1 X118.286 Y102.276 E320.68649
G1 X119.19 Y102.677 E320.6989
G1 X120 Y103.227 E320.71117
G1 X120.691 Y103.903 E320.7233
G1 X121.248 Y104.68 E320.73528
G1 X121.688 Y105.605 E320.74813
G1 X121.936 Y106.525 E320.76008
G1 X122.023 Y107.518 E320.77258
G1 X121.938 Y108.466 E320.78452
G1 X121.68 Y109.417 E320.79687
G1 X121.259 Y110.304 E320.80918
G1 X120.699 Y111.088 E320.82127
G1 X120 Y111.773 E320.83354
G1 X119.185 Y112.326 E320.84589
G1 X118.317 Y112.713 E320.85781
G1 X117.36 Y112.955 E320.87019
G1 X116.381 Y113.019 E320.88249
G0 F15000 X116.183 Y112.997
G0 X116.105 Y113.692
G0 X116.354 Y116.579
G0 X116.349 Y117.278
G1 F3000 X117.613 Y117.216 E320.89836
G1 X118.847 Y116.993 E320.91409
G1 X120.064 Y116.608 E320.93009
G1 X121.211 Y116.07 E320.94598
G1 X122.272 Y115.395 E320.96175
G1 X123.488 Y114.377 E320.98164
G1 X124.491 Y113.142 E321.00159
G1 X125.155 Y112.059 E321.01752
G1 X125.668 Y110.911 E321.03329
G1 X126.122 Y109.395 E321.05313
G1 X126.276 Y107.808 E321.07313
G1 X126.277 Y107.182 E321.08098
G1 X126.121 Y105.603 E321.10088
G1 X125.667 Y104.083 E321.12077
G1 X125.022 Y102.646 E321.14052
G1 X124.106 Y101.352 E321.1604
G1 X123.25 Y100.424 E321.17624
G1 X122.031 Y99.403 E321.19618
G1 X120.644 Y98.641 E321.21602
G1 X119.468 Y98.183 E321.23185
G1 X118.236 Y97.877 E321.24777
G1 X117.606 Y97.784 E321.25575
G1 X116.349 Y97.722 E321.27154
G1 X115.079 Y97.826 E321.28752
G1 X113.836 Y98.091 E321.30345
G1 X112.65 Y98.511 E321.31923
G1 X111.521 Y99.084 E321.33511
G1 X110.479 Y99.796 E321.35094
G1 X109.527 Y100.647 E321.36695
G1 X108.501 Y101.834 E321.38662
G1 X107.554 Y103.492 E321.41057
G1 X107.049 Y104.999 E321.4305
G1 X106.806 Y106.232 E321.44626
G1 X106.724 Y107.506 E321.46227
G1 X106.806 Y108.766 E321.4781
G1 X107.049 Y110.001 E321.49389
G1 X107.554 Y111.507 E321.51381
G1 X108.338 Y112.881 E321.53365
G1 X108.704 Y113.401 E321.54162
G1 X109.527 Y114.353 E321.5574
G1 X110.479 Y115.204 E321.57341
G1 X111.521 Y115.916 E321.58924
G1 X112.65 Y116.489 E321.60512
G1 X113.836 Y116.908 E321.62089
G1 X115.079 Y117.174 E321.63683
G1 X116.349 Y117.278 E321.65281
M204 S1500
G0 F15000 X116.548 Y117.269
G0 X116.355 Y116.877
;TYPE:WALL-INNER
G1 F3251.3 X117.567 Y116.818 E321.66803
G1 X118.751 Y116.604 E321.68312
G1 X119.918 Y116.234 E321.69847
G1 X121.018 Y115.718 E321.71371
G1 X122.035 Y115.071 E321.72882
G1 X123.202 Y114.095 E321.7479
G1 X124.164 Y112.91 E321.76704
G1 X124.8 Y111.872 E321.78231
G1 X125.292 Y110.771 E321.79743
G1 X125.728 Y109.315 E321.81649
G1 X125.905 Y107.488 E321.83951
G1 X125.727 Y105.683 E321.86225
G1 X125.291 Y104.223 E321.88136
G1 X124.673 Y102.845 E321.9003
G1 X123.794 Y101.604 E321.91937
G1 X122.973 Y100.714 E321.93455
G1 X121.804 Y99.735 E321.95368
G1 X120.474 Y99.004 E321.97271
G1 X119.347 Y98.565 E321.98788
G1 X117.861 Y98.196 E322.00708
G1 X116.355 Y98.123 E322.02598
G1 X115.137 Y98.222 E322.04131
G1 X113.945 Y98.477 E322.0566
G1 X112.808 Y98.879 E322.07172
G1 X111.725 Y99.429 E322.08695
G1 X110.726 Y100.112 E322.10213
G1 X109.813 Y100.928 E322.11748
G1 X108.827 Y102.07 E322.1364
G1 X107.919 Y103.66 E322.15936
G1 X107.437 Y105.101 E322.17842
G1 X107.204 Y106.284 E322.19354
G1 X107.125 Y107.506 E322.2089
G1 X107.204 Y108.714 E322.22408
G1 X107.437 Y109.899 E322.23922
G1 X107.921 Y111.345 E322.25834
G1 X108.83 Y112.935 E322.28131
G1 X109.813 Y114.072 E322.30016
G1 X110.726 Y114.888 E322.31552
G1 X111.725 Y115.571 E322.33069
G1 X112.808 Y116.121 E322.34592
G1 X113.945 Y116.522 E322.36104
G1 X115.137 Y116.777 E322.37633
G1 X116.355 Y116.877 E322.39165
G0 F15000 X116.354 Y116.579
G0 X116.296 Y113.714
G0 X116.33 Y113.418
G1 F3251.3 X115.336 Y113.306 E322.4042
G1 X114.341 Y113.013 E322.41721
G1 X113.371 Y112.525 E322.43082
G1 X112.554 Y111.912 E322.44363
G1 X111.859 Y111.172 E322.45636
G1 X111.285 Y110.298 E322.46948
G1 X110.864 Y109.304 E322.48301
G1 X110.633 Y108.28 E322.49618
G1 X110.588 Y107.704 E322.50342
G1 X110.633 Y106.722 E322.51575
G1 X110.724 Y106.215 E322.52221
G1 X111.042 Y105.209 E322.53544
G1 X111.281 Y104.707 E322.54241
G1 X111.857 Y103.829 E322.55558
G1 X112.55 Y103.09 E322.56829
G1 X113.374 Y102.473 E322.58119
G1 X114.585 Y101.868 E322.59817
G1 X115.861 Y101.613 E322.61449
G1 X116.415 Y101.581 E322.62145
G1 X117.412 Y101.648 E322.63398
G1 X118.454 Y101.909 E322.64745
G1 X119.383 Y102.326 E322.66022
G1 X120.257 Y102.92 E322.67347
G1 X120.985 Y103.631 E322.68623
G1 X121.602 Y104.486 E322.69945
G1 X122.055 Y105.443 E322.71273
G1 X122.329 Y106.447 E322.72578
G1 X122.423 Y107.5 E322.73904
G1 X122.334 Y108.524 E322.75193
G1 X122.058 Y109.555 E322.76531
G1 X121.601 Y110.514 E322.77864
G1 X121.01 Y111.34 E322.79137
G1 X120.257 Y112.081 E322.80462
G1 X119.391 Y112.672 E322.81777
G1 X118.417 Y113.103 E322.83113
G1 X117.432 Y113.349 E322.84386
G1 X116.33 Y113.418 E322.8577
M204 S3500
G0 F15000 X116.263 Y114.012
;MESH:NONMESH
G0 F600 X116.263 Y114.012 Z12.8
G0 F15000 X118.512 Y113.325
G0 X119.506 Y112.881
G0 X120.236 Y112.383
G0 X121.79 Y110.934
;TIME_ELAPSED:826.638242
;LAYER:63
;TYPE:FILL
;MESH:The cap.stl
G1 F4005.2 X120.571 Y115.485 E322.91679
G1 X120.824 Y115.367 E322.92029
G1 X121.802 Y114.745 E322.93482
G1 X122.858 Y113.859 E322.95211
G1 X120.954 Y111.955 E322.98588
G1 X121.319 Y111.596 E322.9923
G1 X121.945 Y110.72 E323.0058
G1 X122.435 Y109.695 E323.02005
G1 X122.724 Y108.626 E323.03393
G1 X122.824 Y107.5 E323.04811
G1 X122.795 Y107.185 E323.05208
G1 X124.019 Y102.616 E323.11139
G1 X124.325 Y103.047 E323.11802
G1 X124.913 Y104.358 E323.13604
G1 X125.159 Y105.179 E323.14679
G1 X122.584 Y105.869 E323.18022
G1 X122.43 Y105.302 E323.18759
G1 X122.108 Y104.624 E323.197
G1 X125.455 Y107.971 E323.25636
G1 X125.332 Y109.237 E323.27231
G1 X124.915 Y110.632 E323.29057
G1 X124.497 Y111.568 E323.30342
G1 X119.92 Y112.794 E323.36284
G1 X119.583 Y113.026 E323.36797
G1 X118.543 Y113.484 E323.38222
G1 X117.498 Y113.744 E323.39573
G1 X116.36 Y113.824 E323.41003
G1 X115.246 Y113.695 E323.4241
G1 X114.869 Y113.584 E323.42903
G1 X114.178 Y116.162 E323.4625
G1 X115.201 Y116.382 E323.47562
G1 X116.358 Y116.477 E323.49018
G1 X116.96 Y116.447 E323.49773
G1 X113.61 Y113.097 E323.55715
G1 X113.19 Y112.889 E323.56302
G1 X112.286 Y112.211 E323.57719
G1 X111.52 Y111.396 E323.59122
G1 X110.935 Y110.491 E323.60473
G1 X110.881 Y110.368 E323.60642
G1 X107.555 Y107.041 E323.66541
G1 X107.527 Y107.506 E323.67126
G1 X107.601 Y108.666 E323.68583
G1 X107.832 Y109.822 E323.70061
G1 X110.414 Y109.13 E323.73414
G1 X110.236 Y108.335 E323.74435
G1 X110.193 Y107.852 E323.75043
G1 X108.978 Y112.388 E323.80932
G1 X109.158 Y112.704 E323.81388
G1 X110.1 Y113.792 E323.83193
G1 X110.972 Y114.572 E323.8466
G1 X111.623 Y115.017 E323.85649
G1 X116.166 Y113.8 E323.91547
G0 F15000 X114.241 Y113.233
G0 X113.266 Y112.745
G0 X112.395 Y112.093
G0 X111.65 Y111.298
G0 X111.056 Y110.384
G0 X110.632 Y109.376
G0 X110.398 Y108.334
G0 X110.393 Y106.706
G0 X110.815 Y105.131
G0 X112.043 Y103.045
G1 F4005.2 X110.15 Y101.151 E323.94905
G1 X109.156 Y102.301 E323.96811
G1 X108.512 Y103.428 E323.98439
G1 X113.055 Y102.21 E324.04337
G1 X112.283 Y102.791 E324.05549
G1 X111.522 Y103.601 E324.06943
G1 X111.199 Y104.096 E324.07684
G1 X112.426 Y99.52 E324.13625
G1 X112.962 Y99.249 E324.14378
G1 X114.055 Y98.863 E324.15832
G1 X115.201 Y98.618 E324.17302
G1 X116.033 Y98.549 E324.18349
G1 X119.362 Y101.878 E324.24252
G1 X118.593 Y101.533 E324.25309
G1 X118.129 Y101.416 E324.25909
G1 X118.818 Y98.844 E324.29249
G1 X119.226 Y98.947 E324.29776
G1 X120.306 Y99.368 E324.3123
G1 X121.407 Y99.972 E324.32805
G1 X116.804 Y101.206 E324.38781
G1 X116.426 Y101.181 E324.39256
M204 S429
G1 F1500 E317.89256
G0 F15000 X114.479 Y101.647
G0 X113.263 Y102.257
G0 X112.391 Y102.91
G0 X111.647 Y103.705
G0 X111.066 Y104.603
G0 X110.496 Y106.131
G0 X110.347 Y107.753
G0 X110.632 Y109.376
G0 X111.056 Y110.384
G0 X111.65 Y111.298
G0 X112.395 Y112.093
G0 X113.266 Y112.745
G0 X114.241 Y113.233
G0 X116.303 Y113.715
G0 X116.381 Y113.019
;TYPE:WALL-OUTER
G1 F1500 E324.39256
G1 F3000 X115.412 Y112.911 E324.40479
G1 X114.475 Y112.636 E324.41703
G1 X113.615 Y112.206 E324.42909
G1 X112.82 Y111.614 E324.44152
G1 X112.161 Y110.91 E324.45361
G1 X111.633 Y110.1 E324.46574
G1 X111.243 Y109.177 E324.4783
G1 X111.029 Y108.224 E324.49055
G1 X110.988 Y107.749 E324.49653
G1 X111.03 Y106.772 E324.50879
G1 X111.116 Y106.293 E324.5149
G1 X111.413 Y105.359 E324.52719
G1 X111.629 Y104.905 E324.53349
G1 X112.165 Y104.085 E324.54578
G1 X112.817 Y103.388 E324.55775
G1 X113.6 Y102.803 E324.57
G1 X114.696 Y102.253 E324.58538
G1 X115.871 Y102.015 E324.60042
G1 X116.399 Y101.981 E324.60705
G1 X117.354 Y102.044 E324.61905
G1 X118.286 Y102.276 E324.6311
G1 X119.19 Y102.677 E324.6435
G1 X120 Y103.227 E324.65578
G1 X120.691 Y103.903 E324.6679
G1 X121.248 Y104.68 E324.67989
G1 X121.688 Y105.605 E324.69273
G1 X121.936 Y106.525 E324.70468
G1 X122.023 Y107.518 E324.71718
G1 X121.938 Y108.466 E324.72912
G1 X121.68 Y109.417 E324.74148
G1 X121.259 Y110.304 E324.75379
G1 X120.699 Y111.088 E324.76587
G1 X120 Y111.773 E324.77814
G1 X119.185 Y112.326 E324.79049
G1 X118.317 Y112.713 E324.80241
G1 X117.36 Y112.955 E324.81479
G1 X116.381 Y113.019 E324.82709
G0 F15000 X116.183 Y112.997
G0 X116.105 Y113.692
G0 X116.354 Y116.579
G0 X116.349 Y117.278
G1 F3000 X117.613 Y117.216 E324.84296
G1 X118.847 Y116.993 E324.85869
G1 X120.064 Y116.608 E324.8747
G1 X121.211 Y116.07 E324.89058
G1 X122.272 Y115.395 E324.90635
G1 X123.488 Y114.377 E324.92624
G1 X124.491 Y113.142 E324.94619
G1 X125.155 Y112.059 E324.96212
G1 X125.668 Y110.911 E324.97789
G1 X126.122 Y109.395 E324.99774
G1 X126.276 Y107.808 E325.01773
G1 X126.277 Y107.182 E325.02558
G1 X126.121 Y105.603 E325.04548
G1 X125.667 Y104.083 E325.06537
G1 X125.022 Y102.646 E325.08513
G1 X124.106 Y101.352 E325.10501
G1 X123.25 Y100.424 E325.12084
G1 X122.031 Y99.403 E325.14078
G1 X120.644 Y98.641 E325.16063
G1 X119.468 Y98.183 E325.17645
G1 X118.236 Y97.877 E325.19237
G1 X117.606 Y97.784 E325.20036
G1 X116.349 Y97.722 E325.21614
G1 X115.079 Y97.826 E325.23212
G1 X113.836 Y98.091 E325.24806
G1 X112.65 Y98.511 E325.26384
G1 X111.521 Y99.084 E325.27971
G1 X110.479 Y99.796 E325.29554
G1 X109.527 Y100.647 E325.31155
G1 X108.501 Y101.834 E325.33123
G1 X107.554 Y103.492 E325.35517
G1 X107.049 Y104.999 E325.3751
G1 X106.806 Y106.232 E325.39086
G1 X106.724 Y107.506 E325.40687
G1 X106.806 Y108.766 E325.42271
G1 X107.049 Y110.001 E325.43849
G1 X107.554 Y111.507 E325.45841
G1 X108.338 Y112.881 E325.47825
G1 X108.704 Y113.401 E325.48622
G1 X109.527 Y114.353 E325.502
G1 X110.479 Y115.204 E325.51802
G1 X111.521 Y115.916 E325.53384
G1 X112.65 Y116.489 E325.54972
G1 X113.836 Y116.908 E325.56549
G1 X115.079 Y117.174 E325.58143
G1 X116.349 Y117.278 E325.59741
M204 S1500
G0 F15000 X116.548 Y117.269
G0 X116.355 Y116.877
;TYPE:WALL-INNER
G1 F3251.3 X117.567 Y116.818 E325.61263
G1 X118.751 Y116.604 E325.62772
G1 X119.918 Y116.234 E325.64307
G1 X121.018 Y115.718 E325.65831
G1 X122.035 Y115.071 E325.67342
G1 X123.202 Y114.095 E325.6925
G1 X124.164 Y112.91 E325.71164
G1 X124.8 Y111.872 E325.72691
G1 X125.292 Y110.771 E325.74203
G1 X125.728 Y109.315 E325.76109
G1 X125.905 Y107.488 E325.78411
G1 X125.727 Y105.683 E325.80686
G1 X125.291 Y104.223 E325.82596
G1 X124.673 Y102.845 E325.8449
G1 X123.794 Y101.604 E325.86397
G1 X122.973 Y100.714 E325.87916
G1 X121.804 Y99.735 E325.89828
G1 X120.474 Y99.004 E325.91731
G1 X119.347 Y98.565 E325.93248
G1 X117.861 Y98.196 E325.95168
G1 X116.355 Y98.123 E325.97059
G1 X115.137 Y98.222 E325.98591
G1 X113.945 Y98.477 E326.0012
G1 X112.808 Y98.879 E326.01632
G1 X111.725 Y99.429 E326.03155
G1 X110.726 Y100.112 E326.04673
G1 X109.813 Y100.928 E326.06209
G1 X108.827 Y102.07 E326.08101
G1 X107.919 Y103.66 E326.10397
G1 X107.437 Y105.101 E326.12302
G1 X107.204 Y106.284 E326.13814
G1 X107.125 Y107.506 E326.1535
G1 X107.204 Y108.714 E326.16868
G1 X107.437 Y109.899 E326.18383
G1 X107.921 Y111.345 E326.20295
G1 X108.83 Y112.935 E326.22591
G1 X109.813 Y114.072 E326.24476
G1 X110.726 Y114.888 E326.26012
G1 X111.725 Y115.571 E326.27529
G1 X112.808 Y116.121 E326.29053
G1 X113.945 Y116.522 E326.30565
G1 X115.137 Y116.777 E326.32093
G1 X116.355 Y116.877 E326.33626
G0 F15000 X116.354 Y116.579
G0 X116.296 Y113.714
G0 X116.33 Y113.418
G1 F3251.3 X115.336 Y113.306 E326.3488
G1 X114.341 Y113.013 E326.36181
G1 X113.371 Y112.525 E326.37543
G1 X112.554 Y111.912 E326.38824
G1 X111.859 Y111.172 E326.40097
G1 X111.285 Y110.298 E326.41408
G1 X110.864 Y109.304 E326.42762
G1 X110.633 Y108.28 E326.44078
G1 X110.588 Y107.704 E326.44803
G1 X110.633 Y106.722 E326.46035
G1 X110.724 Y106.215 E326.46681
G1 X111.042 Y105.209 E326.48004
G1 X111.281 Y104.707 E326.48702
G1 X111.857 Y103.829 E326.50018
G1 X112.55 Y103.09 E326.51289
G1 X113.374 Y102.473 E326.5258
G1 X114.585 Y101.868 E326.54277
G1 X115.861 Y101.613 E326.55909
G1 X116.415 Y101.581 E326.56605
G1 X117.412 Y101.648 E326.57858
G1 X118.454 Y101.909 E326.59205
G1 X119.383 Y102.326 E326.60482
G1 X120.257 Y102.92 E326.61807
G1 X120.985 Y103.631 E326.63084
G1 X121.602 Y104.486 E326.64406
G1 X122.055 Y105.443 E326.65734
G1 X122.329 Y106.447 E326.67039
G1 X122.423 Y107.5 E326.68364
G1 X122.334 Y108.524 E326.69653
G1 X122.058 Y109.555 E326.70992
G1 X121.601 Y110.514 E326.72324
G1 X121.01 Y111.34 E326.73598
G1 X120.257 Y112.081 E326.74922
G1 X119.391 Y112.672 E326.76237
G1 X118.417 Y113.103 E326.77573
G1 X117.432 Y113.349 E326.78846
G1 X116.33 Y113.418 E326.80231
M204 S3500
G0 F15000 X116.263 Y114.012
;MESH:NONMESH
G0 F600 X116.263 Y114.012 Z13
G0 F15000 X118.512 Y113.325
G0 X119.506 Y112.881
G0 X120.236 Y112.383
G0 X121.79 Y110.934
;TIME_ELAPSED:834.296508
;LAYER:64
;TYPE:FILL
;MESH:The cap.stl
G1 F4005.2 X120.571 Y115.485 E326.86139
G1 X120.824 Y115.367 E326.86489
G1 X121.802 Y114.745 E326.87943
G1 X122.858 Y113.859 E326.89671
G1 X120.954 Y111.955 E326.93048
G1 X121.319 Y111.596 E326.9369
G1 X121.945 Y110.72 E326.9504
G1 X122.435 Y109.695 E326.96465
G1 X122.724 Y108.626 E326.97854
G1 X122.824 Y107.5 E326.99271
G1 X122.795 Y107.185 E326.99668
G1 X124.019 Y102.616 E327.056
G1 X124.325 Y103.047 E327.06262
G1 X124.913 Y104.358 E327.08064
G1 X125.159 Y105.179 E327.09139
G1 X122.584 Y105.869 E327.12482
G1 X122.43 Y105.302 E327.13219
G1 X122.108 Y104.624 E327.1416
G1 X125.455 Y107.971 E327.20096
G1 X125.332 Y109.237 E327.21691
G1 X124.915 Y110.632 E327.23517
G1 X124.497 Y111.568 E327.24802
G1 X119.92 Y112.794 E327.30745
G1 X119.583 Y113.026 E327.31258
G1 X118.543 Y113.484 E327.32683
G1 X117.498 Y113.744 E327.34033
G1 X116.36 Y113.824 E327.35464
G1 X115.246 Y113.695 E327.3687
G1 X114.869 Y113.584 E327.37363
G1 X114.178 Y116.162 E327.4071
G1 X115.201 Y116.382 E327.42022
G1 X116.358 Y116.477 E327.43478
G1 X116.96 Y116.447 E327.44234
G1 X113.61 Y113.097 E327.50175
G1 X113.19 Y112.889 E327.50763
G1 X112.286 Y112.211 E327.5218
G1 X111.52 Y111.396 E327.53582
G1 X110.935 Y110.491 E327.54934
G1 X110.881 Y110.368 E327.55102
G1 X107.555 Y107.041 E327.61002
G1 X107.527 Y107.506 E327.61586
G1 X107.601 Y108.666 E327.63043
G1 X107.832 Y109.822 E327.64522
G1 X110.414 Y109.13 E327.67874
G1 X110.236 Y108.335 E327.68896
G1 X110.193 Y107.852 E327.69504
G1 X108.978 Y112.388 E327.75393
G1 X109.158 Y112.704 E327.75849
G1 X110.1 Y113.792 E327.77653
G1 X110.972 Y114.572 E327.79121
G1 X111.623 Y115.017 E327.80109
G1 X116.166 Y113.8 E327.86007
G0 F15000 X114.241 Y113.233
G0 X113.266 Y112.745
G0 X112.395 Y112.093
G0 X111.65 Y111.298
G0 X111.056 Y110.384
G0 X110.632 Y109.376
G0 X110.398 Y108.334
G0 X110.393 Y106.706
G0 X110.815 Y105.131
G0 X112.043 Y103.045
G1 F4005.2 X110.15 Y101.151 E327.89365
G1 X109.156 Y102.301 E327.91272
G1 X108.512 Y103.428 E327.92899
G1 X113.055 Y102.21 E327.98798
G1 X112.283 Y102.791 E328.00009
G1 X111.522 Y103.601 E328.01403
G1 X111.199 Y104.096 E328.02144
G1 X112.426 Y99.52 E328.08086
G1 X112.962 Y99.249 E328.08839
G1 X114.055 Y98.863 E328.10292
G1 X115.201 Y98.618 E328.11762
G1 X116.033 Y98.549 E328.12809
G1 X119.362 Y101.878 E328.18713
G1 X118.593 Y101.533 E328.1977
G1 X118.129 Y101.416 E328.2037
G1 X118.818 Y98.844 E328.23709
G1 X119.226 Y98.947 E328.24237
G1 X120.306 Y99.368 E328.2569
G1 X121.407 Y99.972 E328.27265
G1 X116.804 Y101.206 E328.33241
G1 X116.426 Y101.181 E328.33716
M204 S429
G1 F1500 E321.83716
G0 F15000 X114.479 Y101.647
G0 X113.263 Y102.257
G0 X112.391 Y102.91
G0 X111.647 Y103.705
G0 X111.066 Y104.603
G0 X110.496 Y106.131
G0 X110.347 Y107.753
G0 X110.632 Y109.376
G0 X111.056 Y110.384
G0 X111.65 Y111.298
G0 X112.395 Y112.093
G0 X113.266 Y112.745
G0 X114.241 Y113.233
G0 X116.303 Y113.715
G0 X116.381 Y113.019
;TYPE:WALL-OUTER
G1 F1500 E328.33716
G1 F3000 X115.412 Y112.911 E328.34939
G1 X114.475 Y112.636 E328.36164
G1 X113.615 Y112.206 E328.37369
G1 X112.82 Y111.614 E328.38612
G1 X112.161 Y110.91 E328.39822
G1 X111.633 Y110.1 E328.41034
G1 X111.243 Y109.177 E328.42291
G1 X111.029 Y108.224 E328.43516
G1 X110.988 Y107.749 E328.44113
G1 X111.03 Y106.772 E328.4534
G1 X111.116 Y106.293 E328.4595
G1 X111.413 Y105.359 E328.47179
G1 X111.629 Y104.905 E328.4781
G1 X112.165 Y104.085 E328.49038
G1 X112.817 Y103.388 E328.50235
G1 X113.6 Y102.803 E328.51461
G1 X114.696 Y102.253 E328.52998
G1 X115.871 Y102.015 E328.54502
G1 X116.399 Y101.981 E328.55165
G1 X117.354 Y102.044 E328.56366
G1 X118.286 Y102.276 E328.5757
G1 X119.19 Y102.677 E328.5881
G1 X120 Y103.227 E328.60038
G1 X120.691 Y103.903 E328.6125
G1 X121.248 Y104.68 E328.62449
G1 X121.688 Y105.605 E328.63734
G1 X121.936 Y106.525 E328.64929
G1 X122.023 Y107.518 E328.66179
G1 X121.938 Y108.466 E328.67372
G1 X121.68 Y109.417 E328.68608
G1 X121.259 Y110.304 E328.69839
G1 X120.699 Y111.088 E328.71047
G1 X120 Y111.773 E328.72275
G1 X119.185 Y112.326 E328.7351
G1 X118.317 Y112.713 E328.74702
G1 X117.36 Y112.955 E328.75939
G1 X116.381 Y113.019 E328.7717
G0 F15000 X116.183 Y112.997
G0 X116.105 Y113.692
G0 X116.354 Y116.579
G0 X116.349 Y117.278
G1 F3000 X117.613 Y117.216 E328.78757
G1 X118.847 Y116.993 E328.80329
G1 X120.064 Y116.608 E328.8193
G1 X121.211 Y116.07 E328.83519
G1 X122.272 Y115.395 E328.85096
G1 X123.488 Y114.377 E328.87085
G1 X124.491 Y113.142 E328.8908
G1 X125.155 Y112.059 E328.90673
G1 X125.668 Y110.911 E328.9225
G1 X126.122 Y109.395 E328.94234
G1 X126.276 Y107.808 E328.96234
G1 X126.277 Y107.182 E328.97019
G1 X126.121 Y105.603 E328.99008
G1 X125.667 Y104.083 E329.00998
G1 X125.022 Y102.646 E329.02973
G1 X124.106 Y101.352 E329.04961
G1 X123.25 Y100.424 E329.06544
G1 X122.031 Y99.403 E329.08538
G1 X120.644 Y98.641 E329.10523
G1 X119.468 Y98.183 E329.12106
G1 X118.236 Y97.877 E329.13698
G1 X117.606 Y97.784 E329.14496
G1 X116.349 Y97.722 E329.16074
G1 X115.079 Y97.826 E329.17672
G1 X113.836 Y98.091 E329.19266
G1 X112.65 Y98.511 E329.20844
G1 X111.521 Y99.084 E329.22432
G1 X110.479 Y99.796 E329.24014
G1 X109.527 Y100.647 E329.25616
G1 X108.501 Y101.834 E329.27583
G1 X107.554 Y103.492 E329.29978
G1 X107.049 Y104.999 E329.31971
G1 X106.806 Y106.232 E329.33547
G1 X106.724 Y107.506 E329.35148
G1 X106.806 Y108.766 E329.36731
G1 X107.049 Y110.001 E329.38309
G1 X107.554 Y111.507 E329.40301
G1 X108.338 Y112.881 E329.42285
G1 X108.704 Y113.401 E329.43083
G1 X109.527 Y114.353 E329.44661
G1 X110.479 Y115.204 E329.46262
G1 X111.521 Y115.916 E329.47845
G1 X112.65 Y116.489 E329.49432
G1 X113.836 Y116.908 E329.5101
G1 X115.079 Y117.174 E329.52604
G1 X116.349 Y117.278 E329.54202
M204 S1500
G0 F15000 X116.548 Y117.269
G0 X116.355 Y116.877
;TYPE:WALL-INNER
G1 F3251.3 X117.567 Y116.818 E329.55723
G1 X118.751 Y116.604 E329.57232
G1 X119.918 Y116.234 E329.58768
G1 X121.018 Y115.718 E329.60291
G1 X122.035 Y115.071 E329.61803
G1 X123.202 Y114.095 E329.63711
G1 X124.164 Y112.91 E329.65625
G1 X124.8 Y111.872 E329.67151
G1 X125.292 Y110.771 E329.68664
G1 X125.728 Y109.315 E329.7057
G1 X125.905 Y107.488 E329.72871
G1 X125.727 Y105.683 E329.75146
G1 X125.291 Y104.223 E329.77057
G1 X124.673 Y102.845 E329.78951
G1 X123.794 Y101.604 E329.80858
G1 X122.973 Y100.714 E329.82376
G1 X121.804 Y99.735 E329.84288
G1 X120.474 Y99.004 E329.86191
G1 X119.347 Y98.565 E329.87708
G1 X117.861 Y98.196 E329.89628
G1 X116.355 Y98.123 E329.91519
G1 X115.137 Y98.222 E329.93052
G1 X113.945 Y98.477 E329.9458
G1 X112.808 Y98.879 E329.96093
G1 X111.725 Y99.429 E329.97616
G1 X110.726 Y100.112 E329.99133
G1 X109.813 Y100.928 E330.00669
G1 X108.827 Y102.07 E330.02561
G1 X107.919 Y103.66 E330.04857
G1 X107.437 Y105.101 E330.06763
G1 X107.204 Y106.284 E330.08275
G1 X107.125 Y107.506 E330.0981
G1 X107.204 Y108.714 E330.11328
G1 X107.437 Y109.899 E330.12843
G1 X107.921 Y111.345 E330.14755
G1 X108.83 Y112.935 E330.17052
G1 X109.813 Y114.072 E330.18937
G1 X110.726 Y114.888 E330.20472
G1 X111.725 Y115.571 E330.2199
G1 X112.808 Y116.121 E330.23513
G1 X113.945 Y116.522 E330.25025
G1 X115.137 Y116.777 E330.26554
G1 X116.355 Y116.877 E330.28086
G0 F15000 X116.354 Y116.579
G0 X116.296 Y113.714
G0 X116.33 Y113.418
G1 F3251.3 X115.336 Y113.306 E330.29341
G1 X114.341 Y113.013 E330.30641
G1 X113.371 Y112.525 E330.32003
G1 X112.554 Y111.912 E330.33284
G1 X111.859 Y111.172 E330.34557
G1 X111.285 Y110.298 E330.35868
G1 X110.864 Y109.304 E330.37222
G1 X110.633 Y108.28 E330.38538
G1 X110.588 Y107.704 E330.39263
G1 X110.633 Y106.722 E330.40496
G1 X110.724 Y106.215 E330.41142
G1 X111.042 Y105.209 E330.42465
G1 X111.281 Y104.707 E330.43162
G1 X111.857 Y103.829 E330.44479
G1 X112.55 Y103.09 E330.45749
G1 X113.374 Y102.473 E330.4704
G1 X114.585 Y101.868 E330.48738
G1 X115.861 Y101.613 E330.50369
G1 X116.415 Y101.581 E330.51065
G1 X117.412 Y101.648 E330.52318
G1 X118.454 Y101.909 E330.53666
G1 X119.383 Y102.326 E330.54943
G1 X120.257 Y102.92 E330.56268
G1 X120.985 Y103.631 E330.57544
G1 X121.602 Y104.486 E330.58866
G1 X122.055 Y105.443 E330.60194
G1 X122.329 Y106.447 E330.61499
G1 X122.423 Y107.5 E330.62825
G1 X122.334 Y108.524 E330.64114
G1 X122.058 Y109.555 E330.65452
G1 X121.601 Y110.514 E330.66784
G1 X121.01 Y111.34 E330.68058
G1 X120.257 Y112.081 E330.69383
G1 X119.391 Y112.672 E330.70698
G1 X118.417 Y113.103 E330.72033
G1 X117.432 Y113.349 E330.73306
G1 X116.33 Y113.418 E330.74691
M204 S3500
G0 F15000 X116.263 Y114.012
;MESH:NONMESH
G0 F600 X116.263 Y114.012 Z13.2
G0 F15000 X118.512 Y113.325
G0 X119.506 Y112.881
G0 X120.236 Y112.383
G0 X121.79 Y110.934
;TIME_ELAPSED:841.954773
;LAYER:65
;TYPE:FILL
;MESH:The cap.stl
G1 F4005.2 X120.571 Y115.485 E330.80599
G1 X120.824 Y115.367 E330.80949
G1 X121.802 Y114.745 E330.82403
G1 X122.858 Y113.859 E330.84132
G1 X120.954 Y111.955 E330.87508
G1 X121.319 Y111.596 E330.8815
G1 X121.945 Y110.72 E330.89501
G1 X122.435 Y109.695 E330.90925
G1 X122.724 Y108.626 E330.92314
G1 X122.824 Y107.5 E330.93732
G1 X122.795 Y107.185 E330.94128
G1 X124.019 Y102.616 E331.0006
G1 X124.325 Y103.047 E331.00723
G1 X124.913 Y104.358 E331.02525
G1 X125.159 Y105.179 E331.03599
G1 X122.584 Y105.869 E331.06942
G1 X122.43 Y105.302 E331.07679
G1 X122.108 Y104.624 E331.08621
G1 X125.455 Y107.971 E331.14556
G1 X125.332 Y109.237 E331.16151
G1 X124.915 Y110.632 E331.17977
G1 X124.497 Y111.568 E331.19263
G1 X119.92 Y112.794 E331.25205
G1 X119.583 Y113.026 E331.25718
G1 X118.543 Y113.484 E331.27143
G1 X117.498 Y113.744 E331.28493
G1 X116.36 Y113.824 E331.29924
G1 X115.246 Y113.695 E331.3133
G1 X114.869 Y113.584 E331.31823
G1 X114.178 Y116.162 E331.3517
G1 X115.201 Y116.382 E331.36482
G1 X116.358 Y116.477 E331.37938
G1 X116.96 Y116.447 E331.38694
G1 X113.61 Y113.097 E331.44635
G1 X113.19 Y112.889 E331.45223
G1 X112.286 Y112.211 E331.4664
G1 X111.52 Y111.396 E331.48043
G1 X110.935 Y110.491 E331.49394
G1 X110.881 Y110.368 E331.49563
G1 X107.555 Y107.041 E331.55462
G1 X107.527 Y107.506 E331.56046
G1 X107.601 Y108.666 E331.57504
G1 X107.832 Y109.822 E331.58982
G1 X110.414 Y109.13 E331.62334
G1 X110.236 Y108.335 E331.63356
G1 X110.193 Y107.852 E331.63964
G1 X108.978 Y112.388 E331.69853
G1 X109.158 Y112.704 E331.70309
G1 X110.1 Y113.792 E331.72114
G1 X110.972 Y114.572 E331.73581
G1 X111.623 Y115.017 E331.7457
G1 X116.166 Y113.8 E331.80468
G0 F15000 X114.241 Y113.233
G0 X113.266 Y112.745
G0 X112.395 Y112.093
G0 X111.65 Y111.298
G0 X111.056 Y110.384
G0 X110.632 Y109.376
G0 X110.398 Y108.334
G0 X110.393 Y106.706
G0 X110.815 Y105.131
G0 X112.043 Y103.045
G1 F4005.2 X110.15 Y101.151 E331.83826
G1 X109.156 Y102.301 E331.85732
G1 X108.512 Y103.428 E331.8736
G1 X113.055 Y102.21 E331.93258
G1 X112.283 Y102.791 E331.9447
G1 X111.522 Y103.601 E331.95863
G1 X111.199 Y104.096 E331.96605
G1 X112.426 Y99.52 E332.02546
G1 X112.962 Y99.249 E332.03299
G1 X114.055 Y98.863 E332.04753
G1 X115.201 Y98.618 E332.06222
G1 X116.033 Y98.549 E332.07269
G1 X119.362 Y101.878 E332.13173
G1 X118.593 Y101.533 E332.1423
G1 X118.129 Y101.416 E332.1483
G1 X118.818 Y98.844 E332.18169
G1 X119.226 Y98.947 E332.18697
G1 X120.306 Y99.368 E332.20151
G1 X121.407 Y99.972 E332.21725
G1 X116.804 Y101.206 E332.27702
G1 X116.426 Y101.181 E332.28177
M204 S429
G1 F1500 E325.78177
G0 F15000 X114.479 Y101.647
G0 X113.263 Y102.257
G0 X112.391 Y102.91
G0 X111.647 Y103.705
G0 X111.066 Y104.603
G0 X110.496 Y106.131
G0 X110.347 Y107.753
G0 X110.632 Y109.376
G0 X111.056 Y110.384
G0 X111.65 Y111.298
G0 X112.395 Y112.093
G0 X113.266 Y112.745
G0 X114.241 Y113.233
G0 X116.303 Y113.715
G0 X116.381 Y113.019
;TYPE:WALL-OUTER
G1 F1500 E332.28177
G1 F3000 X115.412 Y112.911 E332.29399
G1 X114.475 Y112.636 E332.30624
G1 X113.615 Y112.206 E332.3183
G1 X112.82 Y111.614 E332.33073
G1 X112.161 Y110.91 E332.34282
G1 X111.633 Y110.1 E332.35494
G1 X111.243 Y109.177 E332.36751
G1 X111.029 Y108.224 E332.37976
G1 X110.988 Y107.749 E332.38574
G1 X111.03 Y106.772 E332.398
G1 X111.116 Y106.293 E332.4041
G1 X111.413 Y105.359 E332.41639
G1 X111.629 Y104.905 E332.4227
G1 X112.165 Y104.085 E332.43498
G1 X112.817 Y103.388 E332.44695
G1 X113.6 Y102.803 E332.45921
G1 X114.696 Y102.253 E332.47459
G1 X115.871 Y102.015 E332.48962
G1 X116.399 Y101.981 E332.49626
G1 X117.354 Y102.044 E332.50826
G1 X118.286 Y102.276 E332.5203
G1 X119.19 Y102.677 E332.53271
G1 X120 Y103.227 E332.54498
G1 X120.691 Y103.903 E332.55711
G1 X121.248 Y104.68 E332.56909
G1 X121.688 Y105.605 E332.58194
G1 X121.936 Y106.525 E332.59389
G1 X122.023 Y107.518 E332.60639
G1 X121.938 Y108.466 E332.61833
G1 X121.68 Y109.417 E332.63068
G1 X121.259 Y110.304 E332.64299
G1 X120.699 Y111.088 E332.65508
G1 X120 Y111.773 E332.66735
G1 X119.185 Y112.326 E332.6797
G1 X118.317 Y112.713 E332.69162
G1 X117.36 Y112.955 E332.704
G1 X116.381 Y113.019 E332.7163
G0 F15000 X116.183 Y112.997
G0 X116.105 Y113.692
G0 X116.354 Y116.579
G0 X116.349 Y117.278
G1 F3000 X117.613 Y117.216 E332.73217
G1 X118.847 Y116.993 E332.7479
G1 X120.064 Y116.608 E332.7639
G1 X121.211 Y116.07 E332.77979
G1 X122.272 Y115.395 E332.79556
G1 X123.488 Y114.377 E332.81545
G1 X124.491 Y113.142 E332.8354
G1 X125.155 Y112.059 E332.85133
G1 X125.668 Y110.911 E332.8671
G1 X126.122 Y109.395 E332.88694
G1 X126.276 Y107.808 E332.90694
G1 X126.277 Y107.182 E332.91479
G1 X126.121 Y105.603 E332.93469
G1 X125.667 Y104.083 E332.95458
G1 X125.022 Y102.646 E332.97433
G1 X124.106 Y101.352 E332.99421
G1 X123.25 Y100.424 E333.01005
G1 X122.031 Y99.403 E333.02999
G1 X120.644 Y98.641 E333.04983
G1 X119.468 Y98.183 E333.06566
G1 X118.236 Y97.877 E333.08158
G1 X117.606 Y97.784 E333.08956
G1 X116.349 Y97.722 E333.10535
G1 X115.079 Y97.826 E333.12133
G1 X113.836 Y98.091 E333.13726
G1 X112.65 Y98.511 E333.15304
G1 X111.521 Y99.084 E333.16892
G1 X110.479 Y99.796 E333.18475
G1 X109.527 Y100.647 E333.20076
G1 X108.501 Y101.834 E333.22043
G1 X107.554 Y103.492 E333.24438
G1 X107.049 Y104.999 E333.26431
G1 X106.806 Y106.232 E333.28007
G1 X106.724 Y107.506 E333.29608
G1 X106.806 Y108.766 E333.31191
G1 X107.049 Y110.001 E333.3277
G1 X107.554 Y111.507 E333.34762
G1 X108.338 Y112.881 E333.36746
G1 X108.704 Y113.401 E333.37543
G1 X109.527 Y114.353 E333.39121
G1 X110.479 Y115.204 E333.40722
G1 X111.521 Y115.916 E333.42305
G1 X112.65 Y116.489 E333.43893
G1 X113.836 Y116.908 E333.4547
G1 X115.079 Y117.174 E333.47064
G1 X116.349 Y117.278 E333.48662
M204 S1500
G0 F15000 X116.548 Y117.269
G0 X116.355 Y116.877
;TYPE:WALL-INNER
G1 F3251.3 X117.567 Y116.818 E333.50184
G1 X118.751 Y116.604 E333.51693
G1 X119.918 Y116.234 E333.53228
G1 X121.018 Y115.718 E333.54752
G1 X122.035 Y115.071 E333.56263
G1 X123.202 Y114.095 E333.58171
G1 X124.164 Y112.91 E333.60085
G1 X124.8 Y111.872 E333.61612
G1 X125.292 Y110.771 E333.63124
G1 X125.728 Y109.315 E333.6503
G1 X125.905 Y107.488 E333.67332
G1 X125.727 Y105.683 E333.69606
G1 X125.291 Y104.223 E333.71517
G1 X124.673 Y102.845 E333.73411
G1 X123.794 Y101.604 E333.75318
G1 X122.973 Y100.714 E333.76836
G1 X121.804 Y99.735 E333.78749
G1 X120.474 Y99.004 E333.80652
G1 X119.347 Y98.565 E333.82169
G1 X117.861 Y98.196 E333.84089
G1 X116.355 Y98.123 E333.85979
G1 X115.137 Y98.222 E333.87512
G1 X113.945 Y98.477 E333.89041
G1 X112.808 Y98.879 E333.90553
G1 X111.725 Y99.429 E333.92076
G1 X110.726 Y100.112 E333.93594
G1 X109.813 Y100.928 E333.95129
G1 X108.827 Y102.07 E333.97021
G1 X107.919 Y103.66 E333.99317
G1 X107.437 Y105.101 E334.01223
G1 X107.204 Y106.284 E334.02735
G1 X107.125 Y107.506 E334.04271
G1 X107.204 Y108.714 E334.05789
G1 X107.437 Y109.899 E334.07303
G1 X107.921 Y111.345 E334.09215
G1 X108.83 Y112.935 E334.11512
G1 X109.813 Y114.072 E334.13397
G1 X110.726 Y114.888 E334.14933
G1 X111.725 Y115.571 E334.1645
G1 X112.808 Y116.121 E334.17973
G1 X113.945 Y116.522 E334.19485
G1 X115.137 Y116.777 E334.21014
G1 X116.355 Y116.877 E334.22546
G0 F15000 X116.354 Y116.579
G0 X116.296 Y113.714
G0 X116.33 Y113.418
G1 F3251.3 X115.336 Y113.306 E334.23801
G1 X114.341 Y113.013 E334.25102
G1 X113.371 Y112.525 E334.26463
G1 X112.554 Y111.912 E334.27744
G1 X111.859 Y111.172 E334.29017
G1 X111.285 Y110.298 E334.30329
G1 X110.864 Y109.304 E334.31682
G1 X110.633 Y108.28 E334.32999
G1 X110.588 Y107.704 E334.33723
G1 X110.633 Y106.722 E334.34956
G1 X110.724 Y106.215 E334.35602
G1 X111.042 Y105.209 E334.36925
G1 X111.281 Y104.707 E334.37622
G1 X111.857 Y103.829 E334.38939
G1 X112.55 Y103.09 E334.4021
G1 X113.374 Y102.473 E334.415
G1 X114.585 Y101.868 E334.43198
G1 X115.861 Y101.613 E334.4483
G1 X116.415 Y101.581 E334.45526
G1 X117.412 Y101.648 E334.46779
G1 X118.454 Y101.909 E334.48126
G1 X119.383 Y102.326 E334.49403
G1 X120.257 Y102.92 E334.50728
G1 X120.985 Y103.631 E334.52004
G1 X121.602 Y104.486 E334.53326
G1 X122.055 Y105.443 E334.54654
G1 X122.329 Y106.447 E334.55959
G1 X122.423 Y107.5 E334.57285
G1 X122.334 Y108.524 E334.58574
G1 X122.058 Y109.555 E334.59912
G1 X121.601 Y110.514 E334.61245
G1 X121.01 Y111.34 E334.62518
G1 X120.257 Y112.081 E334.63843
G1 X119.391 Y112.672 E334.65158
G1 X118.417 Y113.103 E334.66494
G1 X117.432 Y113.349 E334.67767
G1 X116.33 Y113.418 E334.69151
M204 S3500
G0 F15000 X116.263 Y114.012
;MESH:NONMESH
G0 F600 X116.263 Y114.012 Z13.4
G0 F15000 X118.512 Y113.325
G0 X119.506 Y112.881
G0 X120.236 Y112.383
G0 X121.79 Y110.934
;TIME_ELAPSED:849.613039
;LAYER:66
;TYPE:FILL
;MESH:The cap.stl
G1 F4005.2 X120.571 Y115.485 E334.7506
G1 X120.824 Y115.367 E334.7541
G1 X121.802 Y114.745 E334.76863
G1 X122.858 Y113.859 E334.78592
G1 X120.954 Y111.955 E334.81969
G1 X121.319 Y111.596 E334.82611
G1 X121.945 Y110.72 E334.83961
G1 X122.435 Y109.695 E334.85386
G1 X122.724 Y108.626 E334.86774
G1 X122.824 Y107.5 E334.88192
G1 X122.795 Y107.185 E334.88589
G1 X124.019 Y102.616 E334.9452
G1 X124.325 Y103.047 E334.95183
G1 X124.913 Y104.358 E334.96985
G1 X125.159 Y105.179 E334.9806
G1 X122.584 Y105.869 E335.01403
G1 X122.43 Y105.302 E335.0214
G1 X122.108 Y104.624 E335.03081
G1 X125.455 Y107.971 E335.09017
G1 X125.332 Y109.237 E335.10612
G1 X124.915 Y110.632 E335.12438
G1 X124.497 Y111.568 E335.13723
G1 X119.92 Y112.794 E335.19665
G1 X119.583 Y113.026 E335.20178
G1 X118.543 Y113.484 E335.21603
G1 X117.498 Y113.744 E335.22954
G1 X116.36 Y113.824 E335.24384
G1 X115.246 Y113.695 E335.25791
G1 X114.869 Y113.584 E335.26284
G1 X114.178 Y116.162 E335.29631
G1 X115.201 Y116.382 E335.30943
G1 X116.358 Y116.477 E335.32399
G1 X116.96 Y116.447 E335.33154
G1 X113.61 Y113.097 E335.39096
G1 X113.19 Y112.889 E335.39683
G1 X112.286 Y112.211 E335.411
G1 X111.52 Y111.396 E335.42503
G1 X110.935 Y110.491 E335.43854
G1 X110.881 Y110.368 E335.44023
G1 X107.555 Y107.041 E335.49922
G1 X107.527 Y107.506 E335.50507
G1 X107.601 Y108.666 E335.51964
G1 X107.832 Y109.822 E335.53442
G1 X110.414 Y109.13 E335.56795
G1 X110.236 Y108.335 E335.57816
G1 X110.193 Y107.852 E335.58424
G1 X108.978 Y112.388 E335.64313
G1 X109.158 Y112.704 E335.64769
G1 X110.1 Y113.792 E335.66574
G1 X110.972 Y114.572 E335.68041
G1 X111.623 Y115.017 E335.6903
G1 X116.166 Y113.8 E335.74928
G0 F15000 X114.241 Y113.233
G0 X113.266 Y112.745
G0 X112.395 Y112.093
G0 X111.65 Y111.298
G0 X111.056 Y110.384
G0 X110.632 Y109.376
G0 X110.398 Y108.334
G0 X110.393 Y106.706
G0 X110.815 Y105.131
G0 X112.043 Y103.045
G1 F4005.2 X110.15 Y101.151 E335.78286
G1 X109.156 Y102.301 E335.80192
G1 X108.512 Y103.428 E335.8182
G1 X113.055 Y102.21 E335.87718
G1 X112.283 Y102.791 E335.8893
G1 X111.522 Y103.601 E335.90324
G1 X111.199 Y104.096 E335.91065
G1 X112.426 Y99.52 E335.97006
G1 X112.962 Y99.249 E335.97759
G1 X114.055 Y98.863 E335.99213
G1 X115.201 Y98.618 E336.00683
G1 X116.033 Y98.549 E336.0173
G1 X119.362 Y101.878 E336.07633
G1 X118.593 Y101.533 E336.0869
G1 X118.129 Y101.416 E336.0929
G1 X118.818 Y98.844 E336.1263
G1 X119.226 Y98.947 E336.13157
G1 X120.306 Y99.368 E336.14611
G1 X121.407 Y99.972 E336.16186
G1 X116.804 Y101.206 E336.22162
G1 X116.426 Y101.181 E336.22637
M204 S429
G1 F1500 E329.72637
G0 F15000 X114.479 Y101.647
G0 X113.263 Y102.257
G0 X112.391 Y102.91
G0 X111.647 Y103.705
G0 X111.066 Y104.603
G0 X110.496 Y106.131
G0 X110.347 Y107.753
G0 X110.632 Y109.376
G0 X111.056 Y110.384
G0 X111.65 Y111.298
G0 X112.395 Y112.093
G0 X113.266 Y112.745
G0 X114.241 Y113.233
G0 X116.303 Y113.715
G0 X116.381 Y113.019
;TYPE:WALL-OUTER
G1 F1500 E336.22637
G1 F3000 X115.412 Y112.911 E336.2386
G1 X114.475 Y112.636 E336.25084
G1 X113.615 Y112.206 E336.2629
G1 X112.82 Y111.614 E336.27533
G1 X112.161 Y110.91 E336.28742
G1 X111.633 Y110.1 E336.29955
G1 X111.243 Y109.177 E336.31211
G1 X111.029 Y108.224 E336.32436
G1 X110.988 Y107.749 E336.33034
G1 X111.03 Y106.772 E336.3426
G1 X111.116 Y106.293 E336.34871
G1 X111.413 Y105.359 E336.361
G1 X111.629 Y104.905 E336.3673
G1 X112.165 Y104.085 E336.37959
G1 X112.817 Y103.388 E336.39156
G1 X113.6 Y102.803 E336.40381
G1 X114.696 Y102.253 E336.41919
G1 X115.871 Y102.015 E336.43423
G1 X116.399 Y101.981 E336.44086
G1 X117.354 Y102.044 E336.45286
G1 X118.286 Y102.276 E336.46491
G1 X119.19 Y102.677 E336.47731
G1 X120 Y103.227 E336.48959
G1 X120.691 Y103.903 E336.50171
G1 X121.248 Y104.68 E336.5137
G1 X121.688 Y105.605 E336.52654
G1 X121.936 Y106.525 E336.53849
G1 X122.023 Y107.518 E336.55099
G1 X121.938 Y108.466 E336.56293
G1 X121.68 Y109.417 E336.57529
G1 X121.259 Y110.304 E336.5876
G1 X120.699 Y111.088 E336.59968
G1 X120 Y111.773 E336.61195
G1 X119.185 Y112.326 E336.6243
G1 X118.317 Y112.713 E336.63622
G1 X117.36 Y112.955 E336.6486
G1 X116.381 Y113.019 E336.6609
G0 F15000 X116.183 Y112.997
G0 X116.105 Y113.692
G0 X116.354 Y116.579
G0 X116.349 Y117.278
G1 F3000 X117.613 Y117.216 E336.67677
G1 X118.847 Y116.993 E336.6925
G1 X120.064 Y116.608 E336.70851
G1 X121.211 Y116.07 E336.72439
G1 X122.272 Y115.395 E336.74016
G1 X123.488 Y114.377 E336.76005
G1 X124.491 Y113.142 E336.78
G1 X125.155 Y112.059 E336.79593
G1 X125.668 Y110.911 E336.8117
G1 X126.122 Y109.395 E336.83155
G1 X126.276 Y107.808 E336.85154
G1 X126.277 Y107.182 E336.85939
G1 X126.121 Y105.603 E336.87929
G1 X125.667 Y104.083 E336.89918
G1 X125.022 Y102.646 E336.91894
G1 X124.106 Y101.352 E336.93882
G1 X123.25 Y100.424 E336.95465
G1 X122.031 Y99.403 E336.97459
G1 X120.644 Y98.641 E336.99444
G1 X119.468 Y98.183 E337.01026
G1 X118.236 Y97.877 E337.02618
G1 X117.606 Y97.784 E337.03417
G1 X116.349 Y97.722 E337.04995
G1 X115.079 Y97.826 E337.06593
G1 X113.836 Y98.091 E337.08187
G1 X112.65 Y98.511 E337.09765
G1 X111.521 Y99.084 E337.11352
G1 X110.479 Y99.796 E337.12935
G1 X109.527 Y100.647 E337.14536
G1 X108.501 Y101.834 E337.16504
G1 X107.554 Y103.492 E337.18898
G1 X107.049 Y104.999 E337.20891
G1 X106.806 Y106.232 E337.22467
G1 X106.724 Y107.506 E337.24068
G1 X106.806 Y108.766 E337.25652
G1 X107.049 Y110.001 E337.2723
G1 X107.554 Y111.507 E337.29222
G1 X108.338 Y112.881 E337.31206
G1 X108.704 Y113.401 E337.32003
G1 X109.527 Y114.353 E337.33581
G1 X110.479 Y115.204 E337.35183
G1 X111.521 Y115.916 E337.36765
G1 X112.65 Y116.489 E337.38353
G1 X113.836 Y116.908 E337.3993
G1 X115.079 Y117.174 E337.41524
G1 X116.349 Y117.278 E337.43122
M204 S1500
G0 F15000 X116.548 Y117.269
G0 X116.355 Y116.877
;TYPE:WALL-INNER
G1 F3251.3 X117.567 Y116.818 E337.44644
G1 X118.751 Y116.604 E337.46153
G1 X119.918 Y116.234 E337.47688
G1 X121.018 Y115.718 E337.49212
G1 X122.035 Y115.071 E337.50723
G1 X123.202 Y114.095 E337.52631
G1 X124.164 Y112.91 E337.54545
G1 X124.8 Y111.872 E337.56072
G1 X125.292 Y110.771 E337.57584
G1 X125.728 Y109.315 E337.5949
G1 X125.905 Y107.488 E337.61792
G1 X125.727 Y105.683 E337.64067
G1 X125.291 Y104.223 E337.65977
G1 X124.673 Y102.845 E337.67871
G1 X123.794 Y101.604 E337.69778
G1 X122.973 Y100.714 E337.71297
G1 X121.804 Y99.735 E337.73209
G1 X120.474 Y99.004 E337.75112
G1 X119.347 Y98.565 E337.76629
G1 X117.861 Y98.196 E337.78549
G1 X116.355 Y98.123 E337.8044
G1 X115.137 Y98.222 E337.81972
G1 X113.945 Y98.477 E337.83501
G1 X112.808 Y98.879 E337.85013
G1 X111.725 Y99.429 E337.86536
G1 X110.726 Y100.112 E337.88054
G1 X109.813 Y100.928 E337.8959
G1 X108.827 Y102.07 E337.91482
G1 X107.919 Y103.66 E337.93778
G1 X107.437 Y105.101 E337.95683
G1 X107.204 Y106.284 E337.97195
G1 X107.125 Y107.506 E337.98731
G1 X107.204 Y108.714 E338.00249
G1 X107.437 Y109.899 E338.01764
G1 X107.921 Y111.345 E338.03676
G1 X108.83 Y112.935 E338.05972
G1 X109.813 Y114.072 E338.07857
G1 X110.726 Y114.888 E338.09393
G1 X111.725 Y115.571 E338.1091
G1 X112.808 Y116.121 E338.12434
G1 X113.945 Y116.522 E338.13946
G1 X115.137 Y116.777 E338.15474
G1 X116.355 Y116.877 E338.17007
G0 F15000 X116.354 Y116.579
G0 X116.296 Y113.714
G0 X116.33 Y113.418
G1 F3251.3 X115.336 Y113.306 E338.18261
G1 X114.341 Y113.013 E338.19562
G1 X113.371 Y112.525 E338.20924
G1 X112.554 Y111.912 E338.22205
G1 X111.859 Y111.172 E338.23478
G1 X111.285 Y110.298 E338.24789
G1 X110.864 Y109.304 E338.26143
G1 X110.633 Y108.28 E338.27459
G1 X110.588 Y107.704 E338.28184
G1 X110.633 Y106.722 E338.29416
G1 X110.724 Y106.215 E338.30062
G1 X111.042 Y105.209 E338.31385
G1 X111.281 Y104.707 E338.32083
G1 X111.857 Y103.829 E338.33399
G1 X112.55 Y103.09 E338.3467
G1 X113.374 Y102.473 E338.35961
G1 X114.585 Y101.868 E338.37658
G1 X115.861 Y101.613 E338.3929
G1 X116.415 Y101.581 E338.39986
G1 X117.412 Y101.648 E338.41239
G1 X118.454 Y101.909 E338.42586
G1 X119.383 Y102.326 E338.43863
G1 X120.257 Y102.92 E338.45188
G1 X120.985 Y103.631 E338.46465
G1 X121.602 Y104.486 E338.47787
G1 X122.055 Y105.443 E338.49115
G1 X122.329 Y106.447 E338.5042
G1 X122.423 Y107.5 E338.51745
G1 X122.334 Y108.524 E338.53034
G1 X122.058 Y109.555 E338.54373
G1 X121.601 Y110.514 E338.55705
G1 X121.01 Y111.34 E338.56979
G1 X120.257 Y112.081 E338.58303
G1 X119.391 Y112.672 E338.59618
G1 X118.417 Y113.103 E338.60954
G1 X117.432 Y113.349 E338.62227
G1 X116.33 Y113.418 E338.63612
M204 S3500
G0 F15000 X116.263 Y114.012
;MESH:NONMESH
G0 F600 X116.263 Y114.012 Z13.6
G0 F15000 X118.512 Y113.325
G0 X119.506 Y112.881
G0 X120.236 Y112.383
G0 X121.79 Y110.934
;TIME_ELAPSED:857.271305
;LAYER:67
;TYPE:FILL
;MESH:The cap.stl
G1 F4005.2 X120.571 Y115.485 E338.6952
G1 X120.824 Y115.367 E338.6987
G1 X121.802 Y114.745 E338.71324
G1 X122.858 Y113.859 E338.73052
G1 X120.954 Y111.955 E338.76429
G1 X121.319 Y111.596 E338.77071
G1 X121.945 Y110.72 E338.78421
G1 X122.435 Y109.695 E338.79846
G1 X122.724 Y108.626 E338.81235
G1 X122.824 Y107.5 E338.82652
G1 X122.795 Y107.185 E338.83049
G1 X124.019 Y102.616 E338.88981
G1 X124.325 Y103.047 E338.89643
G1 X124.913 Y104.358 E338.91445
G1 X125.159 Y105.179 E338.9252
G1 X122.584 Y105.869 E338.95863
G1 X122.43 Y105.302 E338.966
G1 X122.108 Y104.624 E338.97541
G1 X125.455 Y107.971 E339.03477
G1 X125.332 Y109.237 E339.05072
G1 X124.915 Y110.632 E339.06898
G1 X124.497 Y111.568 E339.08183
G1 X119.92 Y112.794 E339.14126
G1 X119.583 Y113.026 E339.14639
G1 X118.543 Y113.484 E339.16064
G1 X117.498 Y113.744 E339.17414
G1 X116.36 Y113.824 E339.18845
G1 X115.246 Y113.695 E339.20251
G1 X114.869 Y113.584 E339.20744
G1 X114.178 Y116.162 E339.24091
G1 X115.201 Y116.382 E339.25403
G1 X116.358 Y116.477 E339.26859
G1 X116.96 Y116.447 E339.27615
G1 X113.61 Y113.097 E339.33556
G1 X113.19 Y112.889 E339.34144
G1 X112.286 Y112.211 E339.35561
G1 X111.52 Y111.396 E339.36963
G1 X110.935 Y110.491 E339.38315
G1 X110.881 Y110.368 E339.38483
G1 X107.555 Y107.041 E339.44383
G1 X107.527 Y107.506 E339.44967
G1 X107.601 Y108.666 E339.46425
G1 X107.832 Y109.822 E339.47903
G1 X110.414 Y109.13 E339.51255
G1 X110.236 Y108.335 E339.52277
G1 X110.193 Y107.852 E339.52885
G1 X108.978 Y112.388 E339.58774
G1 X109.158 Y112.704 E339.5923
G1 X110.1 Y113.792 E339.61034
G1 X110.972 Y114.572 E339.62502
G1 X111.623 Y115.017 E339.6349
G1 X116.166 Y113.8 E339.69388
G0 F15000 X114.241 Y113.233
G0 X113.266 Y112.745
G0 X112.395 Y112.093
G0 X111.65 Y111.298
G0 X111.056 Y110.384
G0 X110.632 Y109.376
G0 X110.398 Y108.334
G0 X110.393 Y106.706
G0 X110.815 Y105.131
G0 X112.043 Y103.045
G1 F4005.2 X110.15 Y101.151 E339.72746
G1 X109.156 Y102.301 E339.74653
G1 X108.512 Y103.428 E339.7628
G1 X113.055 Y102.21 E339.82179
G1 X112.283 Y102.791 E339.8339
G1 X111.522 Y103.601 E339.84784
G1 X111.199 Y104.096 E339.85525
G1 X112.426 Y99.52 E339.91467
G1 X112.962 Y99.249 E339.9222
G1 X114.055 Y98.863 E339.93673
G1 X115.201 Y98.618 E339.95143
G1 X116.033 Y98.549 E339.9619
G1 X119.362 Y101.878 E340.02094
G1 X118.593 Y101.533 E340.03151
G1 X118.129 Y101.416 E340.03751
G1 X118.818 Y98.844 E340.0709
G1 X119.226 Y98.947 E340.07618
G1 X120.306 Y99.368 E340.09071
G1 X121.407 Y99.972 E340.10646
G1 X116.804 Y101.206 E340.16622
G1 X116.426 Y101.181 E340.17097
M204 S429
G1 F1500 E333.67097
G0 F15000 X114.479 Y101.647
G0 X113.263 Y102.257
G0 X112.391 Y102.91
G0 X111.647 Y103.705
G0 X111.066 Y104.603
G0 X110.496 Y106.131
G0 X110.347 Y107.753
G0 X110.632 Y109.376
G0 X111.056 Y110.384
G0 X111.65 Y111.298
G0 X112.395 Y112.093
G0 X113.266 Y112.745
G0 X114.241 Y113.233
G0 X116.303 Y113.715
G0 X116.381 Y113.019
;TYPE:WALL-OUTER
G1 F1500 E340.17097
G1 F3000 X115.412 Y112.911 E340.1832
G1 X114.475 Y112.636 E340.19545
G1 X113.615 Y112.206 E340.2075
G1 X112.82 Y111.614 E340.21993
G1 X112.161 Y110.91 E340.23203
G1 X111.633 Y110.1 E340.24415
G1 X111.243 Y109.177 E340.25672
G1 X111.029 Y108.224 E340.26897
G1 X110.988 Y107.749 E340.27494
G1 X111.03 Y106.772 E340.28721
G1 X111.116 Y106.293 E340.29331
G1 X111.413 Y105.359 E340.3056
G1 X111.629 Y104.905 E340.31191
G1 X112.165 Y104.085 E340.32419
G1 X112.817 Y103.388 E340.33616
G1 X113.6 Y102.803 E340.34842
G1 X114.696 Y102.253 E340.36379
G1 X115.871 Y102.015 E340.37883
G1 X116.399 Y101.981 E340.38546
G1 X117.354 Y102.044 E340.39747
G1 X118.286 Y102.276 E340.40951
G1 X119.19 Y102.677 E340.42191
G1 X120 Y103.227 E340.43419
G1 X120.691 Y103.903 E340.44631
G1 X121.248 Y104.68 E340.4583
G1 X121.688 Y105.605 E340.47115
G1 X121.936 Y106.525 E340.4831
G1 X122.023 Y107.518 E340.4956
G1 X121.938 Y108.466 E340.50753
G1 X121.68 Y109.417 E340.51989
G1 X121.259 Y110.304 E340.5322
G1 X120.699 Y111.088 E340.54428
G1 X120 Y111.773 E340.55656
G1 X119.185 Y112.326 E340.56891
G1 X118.317 Y112.713 E340.58083
G1 X117.36 Y112.955 E340.5932
G1 X116.381 Y113.019 E340.60551
G0 F15000 X116.183 Y112.997
G0 X116.105 Y113.692
G0 X116.354 Y116.579
G0 X116.349 Y117.278
G1 F3000 X117.613 Y117.216 E340.62138
G1 X118.847 Y116.993 E340.6371
G1 X120.064 Y116.608 E340.65311
G1 X121.211 Y116.07 E340.669
G1 X122.272 Y115.395 E340.68477
G1 X123.488 Y114.377 E340.70466
G1 X124.491 Y113.142 E340.72461
G1 X125.155 Y112.059 E340.74054
G1 X125.668 Y110.911 E340.75631
G1 X126.122 Y109.395 E340.77615
G1 X126.276 Y107.808 E340.79615
G1 X126.277 Y107.182 E340.804
G1 X126.121 Y105.603 E340.82389
G1 X125.667 Y104.083 E340.84379
G1 X125.022 Y102.646 E340.86354
G1 X124.106 Y101.352 E340.88342
G1 X123.25 Y100.424 E340.89925
G1 X122.031 Y99.403 E340.91919
G1 X120.644 Y98.641 E340.93904
G1 X119.468 Y98.183 E340.95487
G1 X118.236 Y97.877 E340.97079
G1 X117.606 Y97.784 E340.97877
G1 X116.349 Y97.722 E340.99455
G1 X115.079 Y97.826 E341.01053
G1 X113.836 Y98.091 E341.02647
G1 X112.65 Y98.511 E341.04225
G1 X111.521 Y99.084 E341.05813
G1 X110.479 Y99.796 E341.07395
G1 X109.527 Y100.647 E341.08997
G1 X108.501 Y101.834 E341.10964
G1 X107.554 Y103.492 E341.13359
G1 X107.049 Y104.999 E341.15352
G1 X106.806 Y106.232 E341.16928
G1 X106.724 Y107.506 E341.18529
G1 X106.806 Y108.766 E341.20112
G1 X107.049 Y110.001 E341.2169
G1 X107.554 Y111.507 E341.23682
G1 X108.338 Y112.881 E341.25666
G1 X108.704 Y113.401 E341.26464
G1 X109.527 Y114.353 E341.28042
G1 X110.479 Y115.204 E341.29643
G1 X111.521 Y115.916 E341.31226
G1 X112.65 Y116.489 E341.32813
G1 X113.836 Y116.908 E341.34391
G1 X115.079 Y117.174 E341.35985
G1 X116.349 Y117.278 E341.37583
M204 S1500
G0 F15000 X116.548 Y117.269
G0 X116.355 Y116.877
;TYPE:WALL-INNER
G1 F3251.3 X117.567 Y116.818 E341.39104
G1 X118.751 Y116.604 E341.40613
G1 X119.918 Y116.234 E341.42149
G1 X121.018 Y115.718 E341.43672
G1 X122.035 Y115.071 E341.45184
G1 X123.202 Y114.095 E341.47092
G1 X124.164 Y112.91 E341.49006
G1 X124.8 Y111.872 E341.50532
G1 X125.292 Y110.771 E341.52045
G1 X125.728 Y109.315 E341.53951
G1 X125.905 Y107.488 E341.56252
G1 X125.727 Y105.683 E341.58527
G1 X125.291 Y104.223 E341.60438
G1 X124.673 Y102.845 E341.62332
G1 X123.794 Y101.604 E341.64239
G1 X122.973 Y100.714 E341.65757
G1 X121.804 Y99.735 E341.67669
G1 X120.474 Y99.004 E341.69572
G1 X119.347 Y98.565 E341.71089
G1 X117.861 Y98.196 E341.73009
G1 X116.355 Y98.123 E341.749
G1 X115.137 Y98.222 E341.76433
G1 X113.945 Y98.477 E341.77961
G1 X112.808 Y98.879 E341.79474
G1 X111.725 Y99.429 E341.80997
G1 X110.726 Y100.112 E341.82514
G1 X109.813 Y100.928 E341.8405
G1 X108.827 Y102.07 E341.85942
G1 X107.919 Y103.66 E341.88238
G1 X107.437 Y105.101 E341.90144
G1 X107.204 Y106.284 E341.91656
G1 X107.125 Y107.506 E341.93191
G1 X107.204 Y108.714 E341.94709
G1 X107.437 Y109.899 E341.96224
G1 X107.921 Y111.345 E341.98136
G1 X108.83 Y112.935 E342.00433
G1 X109.813 Y114.072 E342.02318
G1 X110.726 Y114.888 E342.03853
G1 X111.725 Y115.571 E342.05371
G1 X112.808 Y116.121 E342.06894
G1 X113.945 Y116.522 E342.08406
G1 X115.137 Y116.777 E342.09935
G1 X116.355 Y116.877 E342.11467
G0 F15000 X116.354 Y116.579
G0 X116.296 Y113.714
G0 X116.33 Y113.418
G1 F3251.3 X115.336 Y113.306 E342.12722
G1 X114.341 Y113.013 E342.14022
G1 X113.371 Y112.525 E342.15384
G1 X112.554 Y111.912 E342.16665
G1 X111.859 Y111.172 E342.17938
G1 X111.285 Y110.298 E342.19249
G1 X110.864 Y109.304 E342.20603
G1 X110.633 Y108.28 E342.21919
G1 X110.588 Y107.704 E342.22644
G1 X110.633 Y106.722 E342.23877
G1 X110.724 Y106.215 E342.24523
G1 X111.042 Y105.209 E342.25846
G1 X111.281 Y104.707 E342.26543
G1 X111.857 Y103.829 E342.2786
G1 X112.55 Y103.09 E342.2913
G1 X113.374 Y102.473 E342.30421
G1 X114.585 Y101.868 E342.32119
G1 X115.861 Y101.613 E342.33751
G1 X116.415 Y101.581 E342.34446
G1 X117.412 Y101.648 E342.35699
G1 X118.454 Y101.909 E342.37047
G1 X119.383 Y102.326 E342.38324
G1 X120.257 Y102.92 E342.39649
G1 X120.985 Y103.631 E342.40925
G1 X121.602 Y104.486 E342.42247
G1 X122.055 Y105.443 E342.43575
G1 X122.329 Y106.447 E342.4488
G1 X122.423 Y107.5 E342.46206
G1 X122.334 Y108.524 E342.47495
G1 X122.058 Y109.555 E342.48833
G1 X121.601 Y110.514 E342.50165
G1 X121.01 Y111.34 E342.51439
G1 X120.257 Y112.081 E342.52764
G1 X119.391 Y112.672 E342.54079
G1 X118.417 Y113.103 E342.55414
G1 X117.432 Y113.349 E342.56687
G1 X116.33 Y113.418 E342.58072
M204 S3500
G0 F15000 X116.263 Y114.012
;MESH:NONMESH
G0 F600 X116.263 Y114.012 Z13.8
G0 F15000 X118.512 Y113.325
G0 X119.506 Y112.881
G0 X120.236 Y112.383
G0 X121.79 Y110.934
;TIME_ELAPSED:864.929570
;LAYER:68
;TYPE:FILL
;MESH:The cap.stl
G1 F4005.2 X120.571 Y115.485 E342.6398
G1 X120.824 Y115.367 E342.6433
G1 X121.802 Y114.745 E342.65784
G1 X122.858 Y113.859 E342.67513
G1 X120.954 Y111.955 E342.70889
G1 X121.319 Y111.596 E342.71531
G1 X121.945 Y110.72 E342.72882
G1 X122.435 Y109.695 E342.74306
G1 X122.724 Y108.626 E342.75695
G1 X122.824 Y107.5 E342.77113
G1 X122.795 Y107.185 E342.77509
G1 X124.019 Y102.616 E342.83441
G1 X124.325 Y103.047 E342.84104
G1 X124.913 Y104.358 E342.85906
G1 X125.159 Y105.179 E342.8698
G1 X122.584 Y105.869 E342.90323
G1 X122.43 Y105.302 E342.9106
G1 X122.108 Y104.624 E342.92002
G1 X125.455 Y107.971 E342.97937
G1 X125.332 Y109.237 E342.99532
G1 X124.915 Y110.632 E343.01358
G1 X124.497 Y111.568 E343.02644
G1 X119.92 Y112.794 E343.08586
G1 X119.583 Y113.026 E343.09099
G1 X118.543 Y113.484 E343.10524
G1 X117.498 Y113.744 E343.11874
G1 X116.36 Y113.824 E343.13305
G1 X115.246 Y113.695 E343.14711
G1 X114.869 Y113.584 E343.15204
G1 X114.178 Y116.162 E343.18551
G1 X115.201 Y116.382 E343.19863
G1 X116.358 Y116.477 E343.21319
G1 X116.96 Y116.447 E343.22075
G1 X113.61 Y113.097 E343.28016
G1 X113.19 Y112.889 E343.28604
G1 X112.286 Y112.211 E343.30021
G1 X111.52 Y111.396 E343.31424
G1 X110.935 Y110.491 E343.32775
G1 X110.881 Y110.368 E343.32944
G1 X107.555 Y107.041 E343.38843
G1 X107.527 Y107.506 E343.39427
G1 X107.601 Y108.666 E343.40885
G1 X107.832 Y109.822 E343.42363
G1 X110.414 Y109.13 E343.45715
G1 X110.236 Y108.335 E343.46737
G1 X110.193 Y107.852 E343.47345
G1 X108.978 Y112.388 E343.53234
G1 X109.158 Y112.704 E343.5369
G1 X110.1 Y113.792 E343.55495
G1 X110.972 Y114.572 E343.56962
G1 X111.623 Y115.017 E343.57951
G1 X116.166 Y113.8 E343.63849
G0 F15000 X114.241 Y113.233
G0 X113.266 Y112.745
G0 X112.395 Y112.093
G0 X111.65 Y111.298
G0 X111.056 Y110.384
G0 X110.632 Y109.376
G0 X110.398 Y108.334
G0 X110.393 Y106.706
G0 X110.815 Y105.131
G0 X112.043 Y103.045
G1 F4005.2 X110.15 Y101.151 E343.67207
G1 X109.156 Y102.301 E343.69113
G1 X108.512 Y103.428 E343.70741
G1 X113.055 Y102.21 E343.76639
G1 X112.283 Y102.791 E343.77851
G1 X111.522 Y103.601 E343.79244
G1 X111.199 Y104.096 E343.79986
G1 X112.426 Y99.52 E343.85927
G1 X112.962 Y99.249 E343.8668
G1 X114.055 Y98.863 E343.88134
G1 X115.201 Y98.618 E343.89603
G1 X116.033 Y98.549 E343.9065
G1 X119.362 Y101.878 E343.96554
G1 X118.593 Y101.533 E343.97611
G1 X118.129 Y101.416 E343.98211
G1 X118.818 Y98.844 E344.0155
G1 X119.226 Y98.947 E344.02078
G1 X120.306 Y99.368 E344.03532
G1 X121.407 Y99.972 E344.05106
G1 X116.804 Y101.206 E344.11083
G1 X116.426 Y101.181 E344.11558
M204 S429
G1 F1500 E337.61558
G0 F15000 X114.479 Y101.647
G0 X113.263 Y102.257
G0 X112.391 Y102.91
G0 X111.647 Y103.705
G0 X111.066 Y104.603
G0 X110.496 Y106.131
G0 X110.347 Y107.753
G0 X110.632 Y109.376
G0 X111.056 Y110.384
G0 X111.65 Y111.298
G0 X112.395 Y112.093
G0 X113.266 Y112.745
G0 X114.241 Y113.233
G0 X116.303 Y113.715
G0 X116.381 Y113.019
;TYPE:WALL-OUTER
G1 F1500 E344.11558
G1 F3000 X115.412 Y112.911 E344.1278
G1 X114.475 Y112.636 E344.14005
G1 X113.615 Y112.206 E344.15211
G1 X112.82 Y111.614 E344.16454
G1 X112.161 Y110.91 E344.17663
G1 X111.633 Y110.1 E344.18875
G1 X111.243 Y109.177 E344.20132
G1 X111.029 Y108.224 E344.21357
G1 X110.988 Y107.749 E344.21955
G1 X111.03 Y106.772 E344.23181
G1 X111.116 Y106.293 E344.23791
G1 X111.413 Y105.359 E344.2502
G1 X111.629 Y104.905 E344.25651
G1 X112.165 Y104.085 E344.26879
G1 X112.817 Y103.388 E344.28076
G1 X113.6 Y102.803 E344.29302
G1 X114.696 Y102.253 E344.3084
G1 X115.871 Y102.015 E344.32343
G1 X116.399 Y101.981 E344.33007
G1 X117.354 Y102.044 E344.34207
G1 X118.286 Y102.276 E344.35411
G1 X119.19 Y102.677 E344.36652
G1 X120 Y103.227 E344.37879
G1 X120.691 Y103.903 E344.39092
G1 X121.248 Y104.68 E344.4029
G1 X121.688 Y105.605 E344.41575
G1 X121.936 Y106.525 E344.4277
G1 X122.023 Y107.518 E344.4402
G1 X121.938 Y108.466 E344.45214
G1 X121.68 Y109.417 E344.46449
G1 X121.259 Y110.304 E344.4768
G1 X120.699 Y111.088 E344.48889
G1 X120 Y111.773 E344.50116
G1 X119.185 Y112.326 E344.51351
G1 X118.317 Y112.713 E344.52543
G1 X117.36 Y112.955 E344.53781
G1 X116.381 Y113.019 E344.55011
G0 F15000 X116.183 Y112.997
G0 X116.105 Y113.692
G0 X116.354 Y116.579
G0 X116.349 Y117.278
G1 F3000 X117.613 Y117.216 E344.56598
G1 X118.847 Y116.993 E344.58171
G1 X120.064 Y116.608 E344.59771
G1 X121.211 Y116.07 E344.6136
G1 X122.272 Y115.395 E344.62937
G1 X123.488 Y114.377 E344.64926
G1 X124.491 Y113.142 E344.66921
G1 X125.155 Y112.059 E344.68514
G1 X125.668 Y110.911 E344.70091
G1 X126.122 Y109.395 E344.72075
G1 X126.276 Y107.808 E344.74075
G1 X126.277 Y107.182 E344.7486
G1 X126.121 Y105.603 E344.7685
G1 X125.667 Y104.083 E344.78839
G1 X125.022 Y102.646 E344.80814
G1 X124.106 Y101.352 E344.82802
G1 X123.25 Y100.424 E344.84386
G1 X122.031 Y99.403 E344.8638
G1 X120.644 Y98.641 E344.88364
G1 X119.468 Y98.183 E344.89947
G1 X118.236 Y97.877 E344.91539
G1 X117.606 Y97.784 E344.92337
G1 X116.349 Y97.722 E344.93916
G1 X115.079 Y97.826 E344.95514
G1 X113.836 Y98.091 E344.97107
G1 X112.65 Y98.511 E344.98685
G1 X111.521 Y99.084 E345.00273
G1 X110.479 Y99.796 E345.01856
G1 X109.527 Y100.647 E345.03457
G1 X108.501 Y101.834 E345.05424
G1 X107.554 Y103.492 E345.07819
G1 X107.049 Y104.999 E345.09812
G1 X106.806 Y106.232 E345.11388
G1 X106.724 Y107.506 E345.12989
G1 X106.806 Y108.766 E345.14572
G1 X107.049 Y110.001 E345.16151
G1 X107.554 Y111.507 E345.18143
G1 X108.338 Y112.881 E345.20127
G1 X108.704 Y113.401 E345.20924
G1 X109.527 Y114.353 E345.22502
G1 X110.479 Y115.204 E345.24103
G1 X111.521 Y115.916 E345.25686
G1 X112.65 Y116.489 E345.27274
G1 X113.836 Y116.908 E345.28851
G1 X115.079 Y117.174 E345.30445
G1 X116.349 Y117.278 E345.32043
M204 S1500
G0 F15000 X116.548 Y117.269
G0 X116.355 Y116.877
;TYPE:WALL-INNER
G1 F3251.3 X117.567 Y116.818 E345.33565
G1 X118.751 Y116.604 E345.35074
G1 X119.918 Y116.234 E345.36609
G1 X121.018 Y115.718 E345.38133
G1 X122.035 Y115.071 E345.39644
G1 X123.202 Y114.095 E345.41552
G1 X124.164 Y112.91 E345.43466
G1 X124.8 Y111.872 E345.44993
G1 X125.292 Y110.771 E345.46505
G1 X125.728 Y109.315 E345.48411
G1 X125.905 Y107.488 E345.50713
G1 X125.727 Y105.683 E345.52987
G1 X125.291 Y104.223 E345.54898
G1 X124.673 Y102.845 E345.56792
G1 X123.794 Y101.604 E345.58699
G1 X122.973 Y100.714 E345.60217
G1 X121.804 Y99.735 E345.6213
G1 X120.474 Y99.004 E345.64033
G1 X119.347 Y98.565 E345.6555
G1 X117.861 Y98.196 E345.6747
G1 X116.355 Y98.123 E345.6936
G1 X115.137 Y98.222 E345.70893
G1 X113.945 Y98.477 E345.72422
G1 X112.808 Y98.879 E345.73934
G1 X111.725 Y99.429 E345.75457
G1 X110.726 Y100.112 E345.76975
G1 X109.813 Y100.928 E345.7851
G1 X108.827 Y102.07 E345.80402
G1 X107.919 Y103.66 E345.82698
G1 X107.437 Y105.101 E345.84604
G1 X107.204 Y106.284 E345.86116
G1 X107.125 Y107.506 E345.87652
G1 X107.204 Y108.714 E345.8917
G1 X107.437 Y109.899 E345.90684
G1 X107.921 Y111.345 E345.92596
G1 X108.83 Y112.935 E345.94893
G1 X109.813 Y114.072 E345.96778
G1 X110.726 Y114.888 E345.98314
G1 X111.725 Y115.571 E345.99831
G1 X112.808 Y116.121 E346.01354
G1 X113.945 Y116.522 E346.02866
G1 X115.137 Y116.777 E346.04395
G1 X116.355 Y116.877 E346.05928
G0 F15000 X116.354 Y116.579
G0 X116.296 Y113.714
G0 X116.33 Y113.418
G1 F3251.3 X115.336 Y113.306 E346.07182
G1 X114.341 Y113.013 E346.08483
G1 X113.371 Y112.525 E346.09844
G1 X112.554 Y111.912 E346.11125
G1 X111.859 Y111.172 E346.12398
G1 X111.285 Y110.298 E346.1371
G1 X110.864 Y109.304 E346.15063
G1 X110.633 Y108.28 E346.1638
G1 X110.588 Y107.704 E346.17104
G1 X110.633 Y106.722 E346.18337
G1 X110.724 Y106.215 E346.18983
G1 X111.042 Y105.209 E346.20306
G1 X111.281 Y104.707 E346.21003
G1 X111.857 Y103.829 E346.2232
G1 X112.55 Y103.09 E346.23591
G1 X113.374 Y102.473 E346.24881
G1 X114.585 Y101.868 E346.26579
G1 X115.861 Y101.613 E346.28211
G1 X116.415 Y101.581 E346.28907
G1 X117.412 Y101.648 E346.3016
G1 X118.454 Y101.909 E346.31507
G1 X119.383 Y102.326 E346.32784
G1 X120.257 Y102.92 E346.34109
G1 X120.985 Y103.631 E346.35385
G1 X121.602 Y104.486 E346.36707
G1 X122.055 Y105.443 E346.38035
G1 X122.329 Y106.447 E346.3934
G1 X122.423 Y107.5 E346.40666
G1 X122.334 Y108.524 E346.41955
G1 X122.058 Y109.555 E346.43293
G1 X121.601 Y110.514 E346.44626
G1 X121.01 Y111.34 E346.45899
G1 X120.257 Y112.081 E346.47224
G1 X119.391 Y112.672 E346.48539
G1 X118.417 Y113.103 E346.49875
G1 X117.432 Y113.349 E346.51148
G1 X116.33 Y113.418 E346.52532
M204 S3500
G0 F15000 X116.263 Y114.012
;MESH:NONMESH
G0 F600 X116.263 Y114.012 Z14
G0 F15000 X118.512 Y113.325
G0 X119.506 Y112.881
G0 X120.236 Y112.383
G0 X121.79 Y110.934
;TIME_ELAPSED:872.587836
;LAYER:69
;TYPE:FILL
;MESH:The cap.stl
G1 F4005.2 X120.571 Y115.485 E346.58441
G1 X120.824 Y115.367 E346.58791
G1 X121.802 Y114.745 E346.60244
G1 X122.858 Y113.859 E346.61973
G1 X120.954 Y111.955 E346.6535
G1 X121.319 Y111.596 E346.65992
G1 X121.945 Y110.72 E346.67342
G1 X122.435 Y109.695 E346.68767
G1 X122.724 Y108.626 E346.70155
G1 X122.824 Y107.5 E346.71573
G1 X122.795 Y107.185 E346.7197
G1 X124.019 Y102.616 E346.77901
G1 X124.325 Y103.047 E346.78564
G1 X124.913 Y104.358 E346.80366
G1 X125.159 Y105.179 E346.81441
G1 X122.584 Y105.869 E346.84784
G1 X122.43 Y105.302 E346.85521
G1 X122.108 Y104.624 E346.86462
G1 X125.455 Y107.971 E346.92398
G1 X125.332 Y109.237 E346.93993
G1 X124.915 Y110.632 E346.95819
G1 X124.497 Y111.568 E346.97104
G1 X119.92 Y112.794 E347.03046
G1 X119.583 Y113.026 E347.03559
G1 X118.543 Y113.484 E347.04984
G1 X117.498 Y113.744 E347.06335
G1 X116.36 Y113.824 E347.07765
G1 X115.246 Y113.695 E347.09172
G1 X114.869 Y113.584 E347.09665
G1 X114.178 Y116.162 E347.13012
G1 X115.201 Y116.382 E347.14324
G1 X116.358 Y116.477 E347.1578
G1 X116.96 Y116.447 E347.16535
G1 X113.61 Y113.097 E347.22477
G1 X113.19 Y112.889 E347.23064
G1 X112.286 Y112.211 E347.24481
G1 X111.52 Y111.396 E347.25884
G1 X110.935 Y110.491 E347.27235
G1 X110.881 Y110.368 E347.27404
G1 X107.555 Y107.041 E347.33303
G1 X107.527 Y107.506 E347.33888
G1 X107.601 Y108.666 E347.35345
G1 X107.832 Y109.822 E347.36823
G1 X110.414 Y109.13 E347.40176
G1 X110.236 Y108.335 E347.41197
G1 X110.193 Y107.852 E347.41805
G1 X108.978 Y112.388 E347.47694
G1 X109.158 Y112.704 E347.4815
G1 X110.1 Y113.792 E347.49955
G1 X110.972 Y114.572 E347.51422
G1 X111.623 Y115.017 E347.52411
G1 X116.166 Y113.8 E347.58309
G0 F15000 X114.241 Y113.233
G0 X113.266 Y112.745
G0 X112.395 Y112.093
G0 X111.65 Y111.298
G0 X111.056 Y110.384
G0 X110.632 Y109.376
G0 X110.398 Y108.334
G0 X110.393 Y106.706
G0 X110.815 Y105.131
G0 X112.043 Y103.045
G1 F4005.2 X110.15 Y101.151 E347.61667
G1 X109.156 Y102.301 E347.63573
G1 X108.512 Y103.428 E347.65201
G1 X113.055 Y102.21 E347.71099
G1 X112.283 Y102.791 E347.72311
G1 X111.522 Y103.601 E347.73705
G1 X111.199 Y104.096 E347.74446
G1 X112.426 Y99.52 E347.80387
G1 X112.962 Y99.249 E347.8114
G1 X114.055 Y98.863 E347.82594
G1 X115.201 Y98.618 E347.84064
G1 X116.033 Y98.549 E347.85111
G1 X119.362 Y101.878 E347.91014
G1 X118.593 Y101.533 E347.92071
G1 X118.129 Y101.416 E347.92671
G1 X118.818 Y98.844 E347.96011
G1 X119.226 Y98.947 E347.96538
G1 X120.306 Y99.368 E347.97992
G1 X121.407 Y99.972 E347.99567
G1 X116.804 Y101.206 E348.05543
G1 X116.426 Y101.181 E348.06018
M204 S429
G1 F1500 E341.56018
G0 F15000 X114.479 Y101.647
G0 X113.263 Y102.257
G0 X112.391 Y102.91
G0 X111.647 Y103.705
G0 X111.066 Y104.603
G0 X110.496 Y106.131
G0 X110.347 Y107.753
G0 X110.632 Y109.376
G0 X111.056 Y110.384
G0 X111.65 Y111.298
G0 X112.395 Y112.093
G0 X113.266 Y112.745
G0 X114.241 Y113.233
G0 X116.303 Y113.715
G0 X116.381 Y113.019
;TYPE:WALL-OUTER
G1 F1500 E348.06018
G1 F3000 X115.412 Y112.911 E348.07241
G1 X114.475 Y112.636 E348.08465
G1 X113.615 Y112.206 E348.09671
G1 X112.82 Y111.614 E348.10914
G1 X112.161 Y110.91 E348.12123
G1 X111.633 Y110.1 E348.13336
G1 X111.243 Y109.177 E348.14592
G1 X111.029 Y108.224 E348.15817
G1 X110.988 Y107.749 E348.16415
G1 X111.03 Y106.772 E348.17641
G1 X111.116 Y106.293 E348.18252
G1 X111.413 Y105.359 E348.19481
G1 X111.629 Y104.905 E348.20111
G1 X112.165 Y104.085 E348.2134
G1 X112.817 Y103.388 E348.22537
G1 X113.6 Y102.803 E348.23762
G1 X114.696 Y102.253 E348.253
G1 X115.871 Y102.015 E348.26804
G1 X116.399 Y101.981 E348.27467
G1 X117.354 Y102.044 E348.28667
G1 X118.286 Y102.276 E348.29872
G1 X119.19 Y102.677 E348.31112
G1 X120 Y103.227 E348.3234
G1 X120.691 Y103.903 E348.33552
G1 X121.248 Y104.68 E348.34751
G1 X121.688 Y105.605 E348.36035
G1 X121.936 Y106.525 E348.3723
G1 X122.023 Y107.518 E348.3848
G1 X121.938 Y108.466 E348.39674
G1 X121.68 Y109.417 E348.4091
G1 X121.259 Y110.304 E348.42141
G1 X120.699 Y111.088 E348.43349
G1 X120 Y111.773 E348.44576
G1 X119.185 Y112.326 E348.45811
G1 X118.317 Y112.713 E348.47003
G1 X117.36 Y112.955 E348.48241
G1 X116.381 Y113.019 E348.49471
G0 F15000 X116.183 Y112.997
G0 X116.105 Y113.692
G0 X116.354 Y116.579
G0 X116.349 Y117.278
G1 F3000 X117.613 Y117.216 E348.51058
G1 X118.847 Y116.993 E348.52631
G1 X120.064 Y116.608 E348.54232
G1 X121.211 Y116.07 E348.5582
G1 X122.272 Y115.395 E348.57397
G1 X123.488 Y114.377 E348.59386
G1 X124.491 Y113.142 E348.61381
G1 X125.155 Y112.059 E348.62974
G1 X125.668 Y110.911 E348.64551
G1 X126.122 Y109.395 E348.66536
G1 X126.276 Y107.808 E348.68535
G1 X126.277 Y107.182 E348.6932
G1 X126.121 Y105.603 E348.7131
G1 X125.667 Y104.083 E348.73299
G1 X125.022 Y102.646 E348.75275
G1 X124.106 Y101.352 E348.77263
G1 X123.25 Y100.424 E348.78846
G1 X122.031 Y99.403 E348.8084
G1 X120.644 Y98.641 E348.82825
G1 X119.468 Y98.183 E348.84407
G1 X118.236 Y97.877 E348.85999
G1 X117.606 Y97.784 E348.86798
G1 X116.349 Y97.722 E348.88376
G1 X115.079 Y97.826 E348.89974
G1 X113.836 Y98.091 E348.91568
G1 X112.65 Y98.511 E348.93146
G1 X111.521 Y99.084 E348.94733
G1 X110.479 Y99.796 E348.96316
G1 X109.527 Y100.647 E348.97917
G1 X108.501 Y101.834 E348.99885
G1 X107.554 Y103.492 E349.02279
G1 X107.049 Y104.999 E349.04272
G1 X106.806 Y106.232 E349.05848
G1 X106.724 Y107.506 E349.07449
G1 X106.806 Y108.766 E349.09033
G1 X107.049 Y110.001 E349.10611
G1 X107.554 Y111.507 E349.12603
G1 X108.338 Y112.881 E349.14587
G1 X108.704 Y113.401 E349.15384
G1 X109.527 Y114.353 E349.16962
G1 X110.479 Y115.204 E349.18564
G1 X111.521 Y115.916 E349.20146
G1 X112.65 Y116.489 E349.21734
G1 X113.836 Y116.908 E349.23311
G1 X115.079 Y117.174 E349.24905
G1 X116.349 Y117.278 E349.26503
M204 S1500
G0 F15000 X116.548 Y117.269
G0 X116.355 Y116.877
;TYPE:WALL-INNER
G1 F3251.3 X117.567 Y116.818 E349.28025
G1 X118.751 Y116.604 E349.29534
G1 X119.918 Y116.234 E349.31069
G1 X121.018 Y115.718 E349.32593
G1 X122.035 Y115.071 E349.34104
G1 X123.202 Y114.095 E349.36012
G1 X124.164 Y112.91 E349.37926
G1 X124.8 Y111.872 E349.39453
G1 X125.292 Y110.771 E349.40965
G1 X125.728 Y109.315 E349.42871
G1 X125.905 Y107.488 E349.45173
G1 X125.727 Y105.683 E349.47448
G1 X125.291 Y104.223 E349.49358
G1 X124.673 Y102.845 E349.51252
G1 X123.794 Y101.604 E349.53159
G1 X122.973 Y100.714 E349.54678
G1 X121.804 Y99.735 E349.5659
G1 X120.474 Y99.004 E349.58493
G1 X119.347 Y98.565 E349.6001
G1 X117.861 Y98.196 E349.6193
G1 X116.355 Y98.123 E349.63821
G1 X115.137 Y98.222 E349.65353
G1 X113.945 Y98.477 E349.66882
G1 X112.808 Y98.879 E349.68394
G1 X111.725 Y99.429 E349.69917
G1 X110.726 Y100.112 E349.71435
G1 X109.813 Y100.928 E349.72971
G1 X108.827 Y102.07 E349.74863
G1 X107.919 Y103.66 E349.77159
G1 X107.437 Y105.101 E349.79064
G1 X107.204 Y106.284 E349.80576
G1 X107.125 Y107.506 E349.82112
G1 X107.204 Y108.714 E349.8363
G1 X107.437 Y109.899 E349.85145
G1 X107.921 Y111.345 E349.87057
G1 X108.83 Y112.935 E349.89353
G1 X109.813 Y114.072 E349.91238
G1 X110.726 Y114.888 E349.92774
G1 X111.725 Y115.571 E349.94292
G1 X112.808 Y116.121 E349.95815
G1 X113.945 Y116.522 E349.97327
G1 X115.137 Y116.777 E349.98855
G1 X116.355 Y116.877 E350.00388
G0 F15000 X116.354 Y116.579
G0 X116.296 Y113.714
G0 X116.33 Y113.418
G1 F3251.3 X115.336 Y113.306 E350.01642
G1 X114.341 Y113.013 E350.02943
G1 X113.371 Y112.525 E350.04305
G1 X112.554 Y111.912 E350.05586
G1 X111.859 Y111.172 E350.06859
G1 X111.285 Y110.298 E350.0817
G1 X110.864 Y109.304 E350.09524
G1 X110.633 Y108.28 E350.1084
G1 X110.588 Y107.704 E350.11565
G1 X110.633 Y106.722 E350.12797
G1 X110.724 Y106.215 E350.13443
G1 X111.042 Y105.209 E350.14766
G1 X111.281 Y104.707 E350.15464
G1 X111.857 Y103.829 E350.1678
G1 X112.55 Y103.09 E350.18051
G1 X113.374 Y102.473 E350.19342
G1 X114.585 Y101.868 E350.21039
G1 X115.861 Y101.613 E350.22671
G1 X116.415 Y101.581 E350.23367
G1 X117.412 Y101.648 E350.2462
G1 X118.454 Y101.909 E350.25967
G1 X119.383 Y102.326 E350.27244
G1 X120.257 Y102.92 E350.28569
G1 X120.985 Y103.631 E350.29846
G1 X121.602 Y104.486 E350.31168
G1 X122.055 Y105.443 E350.32496
G1 X122.329 Y106.447 E350.33801
G1 X122.423 Y107.5 E350.35126
G1 X122.334 Y108.524 E350.36415
G1 X122.058 Y109.555 E350.37754
G1 X121.601 Y110.514 E350.39086
G1 X121.01 Y111.34 E350.4036
G1 X120.257 Y112.081 E350.41684
G1 X119.391 Y112.672 E350.42999
G1 X118.417 Y113.103 E350.44335
G1 X117.432 Y113.349 E350.45608
G1 X116.33 Y113.418 E350.46993
M204 S3500
G0 F15000 X116.263 Y114.012
;MESH:NONMESH
G0 F600 X116.263 Y114.012 Z14.2
G0 F15000 X118.512 Y113.325
G0 X119.506 Y112.881
G0 X120.236 Y112.383
G0 X121.79 Y110.934
;TIME_ELAPSED:880.246102
;LAYER:70
;TYPE:FILL
;MESH:The cap.stl
G1 F4005.2 X120.571 Y115.485 E350.52901
G1 X120.824 Y115.367 E350.53251
G1 X121.802 Y114.745 E350.54705
G1 X122.858 Y113.859 E350.56433
G1 X120.954 Y111.955 E350.5981
G1 X121.319 Y111.596 E350.60452
G1 X121.945 Y110.72 E350.61802
G1 X122.435 Y109.695 E350.63227
G1 X122.724 Y108.626 E350.64616
G1 X122.824 Y107.5 E350.66033
G1 X122.795 Y107.185 E350.6643
G1 X124.019 Y102.616 E350.72362
G1 X124.325 Y103.047 E350.73024
G1 X124.913 Y104.358 E350.74826
G1 X125.159 Y105.179 E350.75901
G1 X122.584 Y105.869 E350.79244
G1 X122.43 Y105.302 E350.79981
G1 X122.108 Y104.624 E350.80922
G1 X125.455 Y107.971 E350.86858
G1 X125.332 Y109.237 E350.88453
G1 X124.915 Y110.632 E350.90279
G1 X124.497 Y111.568 E350.91565
G1 X119.92 Y112.794 E350.97507
G1 X119.583 Y113.026 E350.9802
G1 X118.543 Y113.484 E350.99445
G1 X117.498 Y113.744 E351.00795
G1 X116.36 Y113.824 E351.02226
G1 X115.246 Y113.695 E351.03632
G1 X114.869 Y113.584 E351.04125
G1 X114.178 Y116.162 E351.07472
G1 X115.201 Y116.382 E351.08784
G1 X116.358 Y116.477 E351.1024
G1 X116.96 Y116.447 E351.10996
G1 X113.61 Y113.097 E351.16937
G1 X113.19 Y112.889 E351.17525
G1 X112.286 Y112.211 E351.18942
G1 X111.52 Y111.396 E351.20344
G1 X110.935 Y110.491 E351.21696
G1 X110.881 Y110.368 E351.21864
G1 X107.555 Y107.041 E351.27764
G1 X107.527 Y107.506 E351.28348
G1 X107.601 Y108.666 E351.29806
G1 X107.832 Y109.822 E351.31284
G1 X110.414 Y109.13 E351.34636
G1 X110.236 Y108.335 E351.35658
G1 X110.193 Y107.852 E351.36266
G1 X108.978 Y112.388 E351.42155
G1 X109.158 Y112.704 E351.42611
G1 X110.1 Y113.792 E351.44415
G1 X110.972 Y114.572 E351.45883
G1 X111.623 Y115.017 E351.46871
G1 X116.166 Y113.8 E351.52769
G0 F15000 X114.241 Y113.233
G0 X113.266 Y112.745
G0 X112.395 Y112.093
G0 X111.65 Y111.298
G0 X111.056 Y110.384
G0 X110.632 Y109.376
G0 X110.398 Y108.334
G0 X110.393 Y106.706
G0 X110.815 Y105.131
G0 X112.043 Y103.045
G1 F4005.2 X110.15 Y101.151 E351.56127
G1 X109.156 Y102.301 E351.58034
G1 X108.512 Y103.428 E351.59661
G1 X113.055 Y102.21 E351.6556
G1 X112.283 Y102.791 E351.66771
G1 X111.522 Y103.601 E351.68165
G1 X111.199 Y104.096 E351.68906
G1 X112.426 Y99.52 E351.74848
G1 X112.962 Y99.249 E351.75601
G1 X114.055 Y98.863 E351.77054
G1 X115.201 Y98.618 E351.78524
G1 X116.033 Y98.549 E351.79571
G1 X119.362 Y101.878 E351.85475
G1 X118.593 Y101.533 E351.86532
G1 X118.129 Y101.416 E351.87132
G1 X118.818 Y98.844 E351.90471
G1 X119.226 Y98.947 E351.90999
G1 X120.306 Y99.368 E351.92452
G1 X121.407 Y99.972 E351.94027
G1 X116.804 Y101.206 E352.00003
G1 X116.426 Y101.181 E352.00478
M204 S429
G1 F1500 E345.50478
G0 F15000 X114.479 Y101.647
G0 X113.263 Y102.257
G0 X112.391 Y102.91
G0 X111.647 Y103.705
G0 X111.066 Y104.603
G0 X110.496 Y106.131
G0 X110.347 Y107.753
G0 X110.632 Y109.376
G0 X111.056 Y110.384
G0 X111.65 Y111.298
G0 X112.395 Y112.093
G0 X113.266 Y112.745
G0 X114.241 Y113.233
G0 X116.303 Y113.715
G0 X116.381 Y113.019
;TYPE:WALL-OUTER
G1 F1500 E352.00478
G1 F3000 X115.412 Y112.911 E352.01701
G1 X114.475 Y112.636 E352.02926
G1 X113.615 Y112.206 E352.04131
G1 X112.82 Y111.614 E352.05374
G1 X112.161 Y110.91 E352.06584
G1 X111.633 Y110.1 E352.07796
G1 X111.243 Y109.177 E352.09053
G1 X111.029 Y108.224 E352.10278
G1 X110.988 Y107.749 E352.10875
G1 X111.03 Y106.772 E352.12102
G1 X111.116 Y106.293 E352.12712
G1 X111.413 Y105.359 E352.13941
G1 X111.629 Y104.905 E352.14572
G1 X112.165 Y104.085 E352.158
G1 X112.817 Y103.388 E352.16997
G1 X113.6 Y102.803 E352.18223
G1 X114.696 Y102.253 E352.1976
G1 X115.871 Y102.015 E352.21264
G1 X116.399 Y101.981 E352.21927
G1 X117.354 Y102.044 E352.23128
G1 X118.286 Y102.276 E352.24332
G1 X119.19 Y102.677 E352.25572
G1 X120 Y103.227 E352.268
G1 X120.691 Y103.903 E352.28012
G1 X121.248 Y104.68 E352.29211
G1 X121.688 Y105.605 E352.30496
G1 X121.936 Y106.525 E352.31691
G1 X122.023 Y107.518 E352.32941
G1 X121.938 Y108.466 E352.34134
G1 X121.68 Y109.417 E352.3537
G1 X121.259 Y110.304 E352.36601
G1 X120.699 Y111.088 E352.37809
G1 X120 Y111.773 E352.39037
G1 X119.185 Y112.326 E352.40272
G1 X118.317 Y112.713 E352.41464
G1 X117.36 Y112.955 E352.42701
G1 X116.381 Y113.019 E352.43932
G0 F15000 X116.183 Y112.997
G0 X116.105 Y113.692
G0 X116.354 Y116.579
G0 X116.349 Y117.278
G1 F3000 X117.613 Y117.216 E352.45519
G1 X118.847 Y116.993 E352.47091
G1 X120.064 Y116.608 E352.48692
G1 X121.211 Y116.07 E352.50281
G1 X122.272 Y115.395 E352.51858
G1 X123.488 Y114.377 E352.53847
G1 X124.491 Y113.142 E352.55842
G1 X125.155 Y112.059 E352.57435
G1 X125.668 Y110.911 E352.59012
G1 X126.122 Y109.395 E352.60996
G1 X126.276 Y107.808 E352.62996
G1 X126.277 Y107.182 E352.63781
G1 X126.121 Y105.603 E352.6577
G1 X125.667 Y104.083 E352.6776
G1 X125.022 Y102.646 E352.69735
G1 X124.106 Y101.352 E352.71723
G1 X123.25 Y100.424 E352.73306
G1 X122.031 Y99.403 E352.753
G1 X120.644 Y98.641 E352.77285
G1 X119.468 Y98.183 E352.78868
G1 X118.236 Y97.877 E352.8046
G1 X117.606 Y97.784 E352.81258
G1 X116.349 Y97.722 E352.82836
G1 X115.079 Y97.826 E352.84434
G1 X113.836 Y98.091 E352.86028
G1 X112.65 Y98.511 E352.87606
G1 X111.521 Y99.084 E352.89194
G1 X110.479 Y99.796 E352.90776
G1 X109.527 Y100.647 E352.92378
G1 X108.501 Y101.834 E352.94345
G1 X107.554 Y103.492 E352.9674
G1 X107.049 Y104.999 E352.98733
G1 X106.806 Y106.232 E353.00309
G1 X106.724 Y107.506 E353.0191
G1 X106.806 Y108.766 E353.03493
G1 X107.049 Y110.001 E353.05071
G1 X107.554 Y111.507 E353.07063
G1 X108.338 Y112.881 E353.09047
G1 X108.704 Y113.401 E353.09845
G1 X109.527 Y114.353 E353.11423
G1 X110.479 Y115.204 E353.13024
G1 X111.521 Y115.916 E353.14607
G1 X112.65 Y116.489 E353.16194
G1 X113.836 Y116.908 E353.17772
G1 X115.079 Y117.174 E353.19366
G1 X116.349 Y117.278 E353.20964
M204 S1500
G0 F15000 X116.548 Y117.269
G0 X116.355 Y116.877
;TYPE:WALL-INNER
G1 F3251.3 X117.567 Y116.818 E353.22485
G1 X118.751 Y116.604 E353.23994
G1 X119.918 Y116.234 E353.2553
G1 X121.018 Y115.718 E353.27053
G1 X122.035 Y115.071 E353.28565
G1 X123.202 Y114.095 E353.30473
G1 X124.164 Y112.91 E353.32387
G1 X124.8 Y111.872 E353.33913
G1 X125.292 Y110.771 E353.35426
G1 X125.728 Y109.315 E353.37332
G1 X125.905 Y107.488 E353.39633
G1 X125.727 Y105.683 E353.41908
G1 X125.291 Y104.223 E353.43819
G1 X124.673 Y102.845 E353.45713
G1 X123.794 Y101.604 E353.4762
G1 X122.973 Y100.714 E353.49138
G1 X121.804 Y99.735 E353.5105
G1 X120.474 Y99.004 E353.52953
G1 X119.347 Y98.565 E353.5447
G1 X117.861 Y98.196 E353.5639
G1 X116.355 Y98.123 E353.58281
G1 X115.137 Y98.222 E353.59814
G1 X113.945 Y98.477 E353.61342
G1 X112.808 Y98.879 E353.62855
G1 X111.725 Y99.429 E353.64378
G1 X110.726 Y100.112 E353.65895
G1 X109.813 Y100.928 E353.67431
G1 X108.827 Y102.07 E353.69323
G1 X107.919 Y103.66 E353.71619
G1 X107.437 Y105.101 E353.73525
G1 X107.204 Y106.284 E353.75037
G1 X107.125 Y107.506 E353.76572
G1 X107.204 Y108.714 E353.7809
G1 X107.437 Y109.899 E353.79605
G1 X107.921 Y111.345 E353.81517
G1 X108.83 Y112.935 E353.83814
G1 X109.813 Y114.072 E353.85699
G1 X110.726 Y114.888 E353.87234
G1 X111.725 Y115.571 E353.88752
G1 X112.808 Y116.121 E353.90275
G1 X113.945 Y116.522 E353.91787
G1 X115.137 Y116.777 E353.93316
G1 X116.355 Y116.877 E353.94848
G0 F15000 X116.354 Y116.579
G0 X116.296 Y113.714
G0 X116.33 Y113.418
G1 F3251.3 X115.336 Y113.306 E353.96103
G1 X114.341 Y113.013 E353.97403
G1 X113.371 Y112.525 E353.98765
G1 X112.554 Y111.912 E354.00046
G1 X111.859 Y111.172 E354.01319
G1 X111.285 Y110.298 E354.0263
G1 X110.864 Y109.304 E354.03984
G1 X110.633 Y108.28 E354.053
G1 X110.588 Y107.704 E354.06025
G1 X110.633 Y106.722 E354.07258
G1 X110.724 Y106.215 E354.07904
G1 X111.042 Y105.209 E354.09227
G1 X111.281 Y104.707 E354.09924
G1 X111.857 Y103.829 E354.11241
G1 X112.55 Y103.09 E354.12511
G1 X113.374 Y102.473 E354.13802
G1 X114.585 Y101.868 E354.155
G1 X115.861 Y101.613 E354.17132
G1 X116.415 Y101.581 E354.17827
G1 X117.412 Y101.648 E354.1908
G1 X118.454 Y101.909 E354.20428
G1 X119.383 Y102.326 E354.21705
G1 X120.257 Y102.92 E354.2303
G1 X120.985 Y103.631 E354.24306
G1 X121.602 Y104.486 E354.25628
G1 X122.055 Y105.443 E354.26956
G1 X122.329 Y106.447 E354.28261
G1 X122.423 Y107.5 E354.29587
G1 X122.334 Y108.524 E354.30876
G1 X122.058 Y109.555 E354.32214
G1 X121.601 Y110.514 E354.33546
G1 X121.01 Y111.34 E354.3482
G1 X120.257 Y112.081 E354.36145
G1 X119.391 Y112.672 E354.3746
G1 X118.417 Y113.103 E354.38795
G1 X117.432 Y113.349 E354.40068
G1 X116.33 Y113.418 E354.41453
M204 S3500
G0 F15000 X116.263 Y114.012
;MESH:NONMESH
G0 F600 X116.263 Y114.012 Z14.4
G0 F15000 X118.512 Y113.325
G0 X119.506 Y112.881
G0 X120.236 Y112.383
G0 X121.79 Y110.934
;TIME_ELAPSED:887.904367
;LAYER:71
;TYPE:FILL
;MESH:The cap.stl
G1 F4005.2 X120.571 Y115.485 E354.47361
G1 X120.824 Y115.367 E354.47711
G1 X121.802 Y114.745 E354.49165
G1 X122.858 Y113.859 E354.50894
G1 X120.954 Y111.955 E354.5427
G1 X121.319 Y111.596 E354.54912
G1 X121.945 Y110.72 E354.56263
G1 X122.435 Y109.695 E354.57687
G1 X122.724 Y108.626 E354.59076
G1 X122.824 Y107.5 E354.60494
G1 X122.795 Y107.185 E354.6089
G1 X124.019 Y102.616 E354.66822
G1 X124.325 Y103.047 E354.67485
G1 X124.913 Y104.358 E354.69287
G1 X125.159 Y105.179 E354.70361
G1 X122.584 Y105.869 E354.73705
G1 X122.43 Y105.302 E354.74441
G1 X122.108 Y104.624 E354.75383
G1 X125.455 Y107.971 E354.81318
G1 X125.332 Y109.237 E354.82913
G1 X124.915 Y110.632 E354.84739
G1 X124.497 Y111.568 E354.86025
G1 X119.92 Y112.794 E354.91967
G1 X119.583 Y113.026 E354.9248
G1 X118.543 Y113.484 E354.93905
G1 X117.498 Y113.744 E354.95255
G1 X116.36 Y113.824 E354.96686
G1 X115.246 Y113.695 E354.98092
G1 X114.869 Y113.584 E354.98585
G1 X114.178 Y116.162 E355.01932
G1 X115.201 Y116.382 E355.03244
G1 X116.358 Y116.477 E355.047
G1 X116.96 Y116.447 E355.05456
G1 X113.61 Y113.097 E355.11397
G1 X113.19 Y112.889 E355.11985
G1 X112.286 Y112.211 E355.13402
G1 X111.52 Y111.396 E355.14805
G1 X110.935 Y110.491 E355.16156
G1 X110.881 Y110.368 E355.16325
G1 X107.555 Y107.041 E355.22224
G1 X107.527 Y107.506 E355.22808
G1 X107.601 Y108.666 E355.24266
G1 X107.832 Y109.822 E355.25744
G1 X110.414 Y109.13 E355.29096
G1 X110.236 Y108.335 E355.30118
G1 X110.193 Y107.852 E355.30726
G1 X108.978 Y112.388 E355.36615
G1 X109.158 Y112.704 E355.37071
G1 X110.1 Y113.792 E355.38876
G1 X110.972 Y114.572 E355.40343
G1 X111.623 Y115.017 E355.41332
G1 X116.166 Y113.8 E355.4723
G0 F15000 X114.241 Y113.233
G0 X113.266 Y112.745
G0 X112.395 Y112.093
G0 X111.65 Y111.298
G0 X111.056 Y110.384
G0 X110.632 Y109.376
G0 X110.398 Y108.334
G0 X110.393 Y106.706
G0 X110.815 Y105.131
G0 X112.043 Y103.045
G1 F4005.2 X110.15 Y101.151 E355.50588
G1 X109.156 Y102.301 E355.52494
G1 X108.512 Y103.428 E355.54122
G1 X113.055 Y102.21 E355.6002
G1 X112.283 Y102.791 E355.61232
G1 X111.522 Y103.601 E355.62625
G1 X111.199 Y104.096 E355.63367
G1 X112.426 Y99.52 E355.69308
G1 X112.962 Y99.249 E355.70061
G1 X114.055 Y98.863 E355.71515
G1 X115.201 Y98.618 E355.72984
G1 X116.033 Y98.549 E355.74031
G1 X119.362 Y101.878 E355.79935
G1 X118.593 Y101.533 E355.80992
G1 X118.129 Y101.416 E355.81592
G1 X118.818 Y98.844 E355.84931
G1 X119.226 Y98.947 E355.85459
G1 X120.306 Y99.368 E355.86913
G1 X121.407 Y99.972 E355.88487
G1 X116.804 Y101.206 E355.94464
G1 X116.426 Y101.181 E355.94939
M204 S429
G1 F1500 E349.44939
G0 F15000 X114.479 Y101.647
G0 X113.263 Y102.257
G0 X112.391 Y102.91
G0 X111.647 Y103.705
G0 X111.066 Y104.603
G0 X110.496 Y106.131
G0 X110.347 Y107.753
G0 X110.632 Y109.376
G0 X111.056 Y110.384
G0 X111.65 Y111.298
G0 X112.395 Y112.093
G0 X113.266 Y112.745
G0 X114.241 Y113.233
G0 X116.303 Y113.715
G0 X116.381 Y113.019
;TYPE:WALL-OUTER
G1 F1500 E355.94939
G1 F3000 X115.412 Y112.911 E355.96161
G1 X114.475 Y112.636 E355.97386
G1 X113.615 Y112.206 E355.98592
G1 X112.82 Y111.614 E355.99835
G1 X112.161 Y110.91 E356.01044
G1 X111.633 Y110.1 E356.02256
G1 X111.243 Y109.177 E356.03513
G1 X111.029 Y108.224 E356.04738
G1 X110.988 Y107.749 E356.05336
G1 X111.03 Y106.772 E356.06562
G1 X111.116 Y106.293 E356.07172
G1 X111.413 Y105.359 E356.08401
G1 X111.629 Y104.905 E356.09032
G1 X112.165 Y104.085 E356.1026
G1 X112.817 Y103.388 E356.11457
G1 X113.6 Y102.803 E356.12683
G1 X114.696 Y102.253 E356.14221
G1 X115.871 Y102.015 E356.15724
G1 X116.399 Y101.981 E356.16388
G1 X117.354 Y102.044 E356.17588
G1 X118.286 Y102.276 E356.18792
G1 X119.19 Y102.677 E356.20033
G1 X120 Y103.227 E356.2126
G1 X120.691 Y103.903 E356.22473
G1 X121.248 Y104.68 E356.23671
G1 X121.688 Y105.605 E356.24956
G1 X121.936 Y106.525 E356.26151
G1 X122.023 Y107.518 E356.27401
G1 X121.938 Y108.466 E356.28595
G1 X121.68 Y109.417 E356.2983
G1 X121.259 Y110.304 E356.31062
G1 X120.699 Y111.088 E356.3227
G1 X120 Y111.773 E356.33497
G1 X119.185 Y112.326 E356.34732
G1 X118.317 Y112.713 E356.35924
G1 X117.36 Y112.955 E356.37162
G1 X116.381 Y113.019 E356.38392
G0 F15000 X116.183 Y112.997
G0 X116.105 Y113.692
G0 X116.354 Y116.579
G0 X116.349 Y117.278
G1 F3000 X117.613 Y117.216 E356.39979
G1 X118.847 Y116.993 E356.41552
G1 X120.064 Y116.608 E356.43152
G1 X121.211 Y116.07 E356.44741
G1 X122.272 Y115.395 E356.46318
G1 X123.488 Y114.377 E356.48307
G1 X124.491 Y113.142 E356.50302
G1 X125.155 Y112.059 E356.51895
G1 X125.668 Y110.911 E356.53472
G1 X126.122 Y109.395 E356.55456
G1 X126.276 Y107.808 E356.57456
G1 X126.277 Y107.182 E356.58241
G1 X126.121 Y105.603 E356.60231
G1 X125.667 Y104.083 E356.6222
G1 X125.022 Y102.646 E356.64195
G1 X124.106 Y101.352 E356.66184
G1 X123.25 Y100.424 E356.67767
G1 X122.031 Y99.403 E356.69761
G1 X120.644 Y98.641 E356.71745
G1 X119.468 Y98.183 E356.73328
G1 X118.236 Y97.877 E356.7492
G1 X117.606 Y97.784 E356.75718
G1 X116.349 Y97.722 E356.77297
G1 X115.079 Y97.826 E356.78895
G1 X113.836 Y98.091 E356.80488
G1 X112.65 Y98.511 E356.82066
G1 X111.521 Y99.084 E356.83654
G1 X110.479 Y99.796 E356.85237
G1 X109.527 Y100.647 E356.86838
G1 X108.501 Y101.834 E356.88805
G1 X107.554 Y103.492 E356.912
G1 X107.049 Y104.999 E356.93193
G1 X106.806 Y106.232 E356.94769
G1 X106.724 Y107.506 E356.9637
G1 X106.806 Y108.766 E356.97953
G1 X107.049 Y110.001 E356.99532
G1 X107.554 Y111.507 E357.01524
G1 X108.338 Y112.881 E357.03508
G1 X108.704 Y113.401 E357.04305
G1 X109.527 Y114.353 E357.05883
G1 X110.479 Y115.204 E357.07484
G1 X111.521 Y115.916 E357.09067
G1 X112.65 Y116.489 E357.10655
G1 X113.836 Y116.908 E357.12232
G1 X115.079 Y117.174 E357.13826
G1 X116.349 Y117.278 E357.15424
M204 S1500
G0 F15000 X116.548 Y117.269
G0 X116.355 Y116.877
;TYPE:WALL-INNER
G1 F3251.3 X117.567 Y116.818 E357.16946
G1 X118.751 Y116.604 E357.18455
G1 X119.918 Y116.234 E357.1999
G1 X121.018 Y115.718 E357.21514
G1 X122.035 Y115.071 E357.23025
G1 X123.202 Y114.095 E357.24933
G1 X124.164 Y112.91 E357.26847
G1 X124.8 Y111.872 E357.28374
G1 X125.292 Y110.771 E357.29886
G1 X125.728 Y109.315 E357.31792
G1 X125.905 Y107.488 E357.34094
G1 X125.727 Y105.683 E357.36368
G1 X125.291 Y104.223 E357.38279
G1 X124.673 Y102.845 E357.40173
G1 X123.794 Y101.604 E357.4208
G1 X122.973 Y100.714 E357.43598
G1 X121.804 Y99.735 E357.45511
G1 X120.474 Y99.004 E357.47414
G1 X119.347 Y98.565 E357.48931
G1 X117.861 Y98.196 E357.50851
G1 X116.355 Y98.123 E357.52741
G1 X115.137 Y98.222 E357.54274
G1 X113.945 Y98.477 E357.55803
G1 X112.808 Y98.879 E357.57315
G1 X111.725 Y99.429 E357.58838
G1 X110.726 Y100.112 E357.60356
G1 X109.813 Y100.928 E357.61891
G1 X108.827 Y102.07 E357.63783
G1 X107.919 Y103.66 E357.66079
G1 X107.437 Y105.101 E357.67985
G1 X107.204 Y106.284 E357.69497
G1 X107.125 Y107.506 E357.71033
G1 X107.204 Y108.714 E357.72551
G1 X107.437 Y109.899 E357.74065
G1 X107.921 Y111.345 E357.75977
G1 X108.83 Y112.935 E357.78274
G1 X109.813 Y114.072 E357.80159
G1 X110.726 Y114.888 E357.81695
G1 X111.725 Y115.571 E357.83212
G1 X112.808 Y116.121 E357.84735
G1 X113.945 Y116.522 E357.86247
G1 X115.137 Y116.777 E357.87776
G1 X116.355 Y116.877 E357.89309
G0 F15000 X116.354 Y116.579
G0 X116.296 Y113.714
G0 X116.33 Y113.418
G1 F3251.3 X115.336 Y113.306 E357.90563
G1 X114.341 Y113.013 E357.91864
G1 X113.371 Y112.525 E357.93225
G1 X112.554 Y111.912 E357.94506
G1 X111.859 Y111.172 E357.95779
G1 X111.285 Y110.298 E357.97091
G1 X110.864 Y109.304 E357.98444
G1 X110.633 Y108.28 E357.99761
G1 X110.588 Y107.704 E358.00485
G1 X110.633 Y106.722 E358.01718
G1 X110.724 Y106.215 E358.02364
G1 X111.042 Y105.209 E358.03687
G1 X111.281 Y104.707 E358.04384
G1 X111.857 Y103.829 E358.05701
G1 X112.55 Y103.09 E358.06972
G1 X113.374 Y102.473 E358.08262
G1 X114.585 Y101.868 E358.0996
G1 X115.861 Y101.613 E358.11592
G1 X116.415 Y101.581 E358.12288
G1 X117.412 Y101.648 E358.13541
G1 X118.454 Y101.909 E358.14888
G1 X119.383 Y102.326 E358.16165
G1 X120.257 Y102.92 E358.1749
G1 X120.985 Y103.631 E358.18766
G1 X121.602 Y104.486 E358.20088
G1 X122.055 Y105.443 E358.21416
G1 X122.329 Y106.447 E358.22721
G1 X122.423 Y107.5 E358.24047
G1 X122.334 Y108.524 E358.25336
G1 X122.058 Y109.555 E358.26674
G1 X121.601 Y110.514 E358.28007
G1 X121.01 Y111.34 E358.2928
G1 X120.257 Y112.081 E358.30605
G1 X119.391 Y112.672 E358.3192
G1 X118.417 Y113.103 E358.33256
G1 X117.432 Y113.349 E358.34529
G1 X116.33 Y113.418 E358.35913
M204 S3500
G0 F15000 X116.263 Y114.012
;MESH:NONMESH
G0 F600 X116.263 Y114.012 Z14.6
G0 F15000 X118.512 Y113.325
G0 X119.506 Y112.881
G0 X120.236 Y112.383
G0 X121.79 Y110.934
;TIME_ELAPSED:895.562633
;LAYER:72
;TYPE:FILL
;MESH:The cap.stl
G1 F4005.2 X120.571 Y115.485 E358.41822
G1 X120.824 Y115.367 E358.42172
G1 X121.802 Y114.745 E358.43625
G1 X122.858 Y113.859 E358.45354
G1 X120.954 Y111.955 E358.48731
G1 X121.319 Y111.596 E358.49373
G1 X121.945 Y110.72 E358.50723
G1 X122.435 Y109.695 E358.52148
G1 X122.724 Y108.626 E358.53536
G1 X122.824 Y107.5 E358.54954
G1 X122.795 Y107.185 E358.55351
G1 X124.019 Y102.616 E358.61282
G1 X124.325 Y103.047 E358.61945
G1 X124.913 Y104.358 E358.63747
G1 X125.159 Y105.179 E358.64822
G1 X122.584 Y105.869 E358.68165
G1 X122.43 Y105.302 E358.68902
G1 X122.108 Y104.624 E358.69843
G1 X125.455 Y107.971 E358.75779
G1 X125.332 Y109.237 E358.77374
G1 X124.915 Y110.632 E358.792
G1 X124.497 Y111.568 E358.80485
G1 X119.92 Y112.794 E358.86427
G1 X119.583 Y113.026 E358.8694
G1 X118.543 Y113.484 E358.88365
G1 X117.498 Y113.744 E358.89716
G1 X116.36 Y113.824 E358.91146
G1 X115.246 Y113.695 E358.92553
G1 X114.869 Y113.584 E358.93046
G1 X114.178 Y116.162 E358.96393
G1 X115.201 Y116.382 E358.97705
G1 X116.358 Y116.477 E358.99161
G1 X116.96 Y116.447 E358.99917
G1 X113.61 Y113.097 E359.05858
G1 X113.19 Y112.889 E359.06445
G1 X112.286 Y112.211 E359.07862
G1 X111.52 Y111.396 E359.09265
G1 X110.935 Y110.491 E359.10616
G1 X110.881 Y110.368 E359.10785
G1 X107.555 Y107.041 E359.16684
G1 X107.527 Y107.506 E359.17269
G1 X107.601 Y108.666 E359.18726
G1 X107.832 Y109.822 E359.20205
G1 X110.414 Y109.13 E359.23557
G1 X110.236 Y108.335 E359.24578
G1 X110.193 Y107.852 E359.25186
G1 X108.978 Y112.388 E359.31075
G1 X109.158 Y112.704 E359.31531
G1 X110.1 Y113.792 E359.33336
G1 X110.972 Y114.572 E359.34803
G1 X111.623 Y115.017 E359.35792
G1 X116.166 Y113.8 E359.4169
G0 F15000 X114.241 Y113.233
G0 X113.266 Y112.745
G0 X112.395 Y112.093
G0 X111.65 Y111.298
G0 X111.056 Y110.384
G0 X110.632 Y109.376
G0 X110.398 Y108.334
G0 X110.393 Y106.706
G0 X110.815 Y105.131
G0 X112.043 Y103.045
G1 F4005.2 X110.15 Y101.151 E359.45048
G1 X109.156 Y102.301 E359.46954
G1 X108.512 Y103.428 E359.48582
G1 X113.055 Y102.21 E359.5448
G1 X112.283 Y102.791 E359.55692
G1 X111.522 Y103.601 E359.57086
G1 X111.199 Y104.096 E359.57827
G1 X112.426 Y99.52 E359.63768
G1 X112.962 Y99.249 E359.64521
G1 X114.055 Y98.863 E359.65975
G1 X115.201 Y98.618 E359.67445
G1 X116.033 Y98.549 E359.68492
G1 X119.362 Y101.878 E359.74395
G1 X118.593 Y101.533 E359.75452
G1 X118.129 Y101.416 E359.76053
G1 X118.818 Y98.844 E359.79392
G1 X119.226 Y98.947 E359.79919
G1 X120.306 Y99.368 E359.81373
G1 X121.407 Y99.972 E359.82948
G1 X116.804 Y101.206 E359.88924
G1 X116.426 Y101.181 E359.89399
M204 S429
G1 F1500 E353.39399
G0 F15000 X114.479 Y101.647
G0 X113.263 Y102.257
G0 X112.391 Y102.91
G0 X111.647 Y103.705
G0 X111.066 Y104.603
G0 X110.496 Y106.131
G0 X110.347 Y107.753
G0 X110.632 Y109.376
G0 X111.056 Y110.384
G0 X111.65 Y111.298
G0 X112.395 Y112.093
G0 X113.266 Y112.745
G0 X114.241 Y113.233
G0 X116.303 Y113.715
G0 X116.381 Y113.019
;TYPE:WALL-OUTER
G1 F1500 E359.89399
G1 F3000 X115.412 Y112.911 E359.90622
G1 X114.475 Y112.636 E359.91846
G1 X113.615 Y112.206 E359.93052
G1 X112.82 Y111.614 E359.94295
G1 X112.161 Y110.91 E359.95504
G1 X111.633 Y110.1 E359.96717
G1 X111.243 Y109.177 E359.97973
G1 X111.029 Y108.224 E359.99198
G1 X110.988 Y107.749 E359.99796
G1 X111.03 Y106.772 E360.01022
G1 X111.116 Y106.293 E360.01633
G1 X111.413 Y105.359 E360.02862
G1 X111.629 Y104.905 E360.03492
G1 X112.165 Y104.085 E360.04721
G1 X112.817 Y103.388 E360.05918
G1 X113.6 Y102.803 E360.07143
G1 X114.696 Y102.253 E360.08681
G1 X115.871 Y102.015 E360.10185
G1 X116.399 Y101.981 E360.10848
G1 X117.354 Y102.044 E360.12048
G1 X118.286 Y102.276 E360.13253
G1 X119.19 Y102.677 E360.14493
G1 X120 Y103.227 E360.15721
G1 X120.691 Y103.903 E360.16933
G1 X121.248 Y104.68 E360.18132
G1 X121.688 Y105.605 E360.19416
G1 X121.936 Y106.525 E360.20611
G1 X122.023 Y107.518 E360.21861
G1 X121.938 Y108.466 E360.23055
G1 X121.68 Y109.417 E360.24291
G1 X121.259 Y110.304 E360.25522
G1 X120.699 Y111.088 E360.2673
G1 X120 Y111.773 E360.27957
G1 X119.185 Y112.326 E360.29192
G1 X118.317 Y112.713 E360.30384
G1 X117.36 Y112.955 E360.31622
G1 X116.381 Y113.019 E360.32852
G0 F15000 X116.183 Y112.997
G0 X116.105 Y113.692
G0 X116.354 Y116.579
G0 X116.349 Y117.278
G1 F3000 X117.613 Y117.216 E360.34439
G1 X118.847 Y116.993 E360.36012
G1 X120.064 Y116.608 E360.37613
G1 X121.211 Y116.07 E360.39201
G1 X122.272 Y115.395 E360.40778
G1 X123.488 Y114.377 E360.42767
G1 X124.491 Y113.142 E360.44762
G1 X125.155 Y112.059 E360.46355
G1 X125.668 Y110.911 E360.47932
G1 X126.122 Y109.395 E360.49917
G1 X126.276 Y107.808 E360.51916
G1 X126.277 Y107.182 E360.52701
G1 X126.121 Y105.603 E360.54691
G1 X125.667 Y104.083 E360.5668
G1 X125.022 Y102.646 E360.58656
G1 X124.106 Y101.352 E360.60644
G1 X123.25 Y100.424 E360.62227
G1 X122.031 Y99.403 E360.64221
G1 X120.644 Y98.641 E360.66206
G1 X119.468 Y98.183 E360.67788
G1 X118.236 Y97.877 E360.6938
G1 X117.606 Y97.784 E360.70179
G1 X116.349 Y97.722 E360.71757
G1 X115.079 Y97.826 E360.73355
G1 X113.836 Y98.091 E360.74949
G1 X112.65 Y98.511 E360.76527
G1 X111.521 Y99.084 E360.78114
G1 X110.479 Y99.796 E360.79697
G1 X109.527 Y100.647 E360.81298
G1 X108.501 Y101.834 E360.83266
G1 X107.554 Y103.492 E360.8566
G1 X107.049 Y104.999 E360.87653
G1 X106.806 Y106.232 E360.89229
G1 X106.724 Y107.506 E360.9083
G1 X106.806 Y108.766 E360.92414
G1 X107.049 Y110.001 E360.93992
G1 X107.554 Y111.507 E360.95984
G1 X108.338 Y112.881 E360.97968
G1 X108.704 Y113.401 E360.98765
G1 X109.527 Y114.353 E361.00343
G1 X110.479 Y115.204 E361.01945
G1 X111.521 Y115.916 E361.03527
G1 X112.65 Y116.489 E361.05115
G1 X113.836 Y116.908 E361.06692
G1 X115.079 Y117.174 E361.08286
G1 X116.349 Y117.278 E361.09884
M204 S1500
G0 F15000 X116.548 Y117.269
G0 X116.355 Y116.877
;TYPE:WALL-INNER
G1 F3251.3 X117.567 Y116.818 E361.11406
G1 X118.751 Y116.604 E361.12915
G1 X119.918 Y116.234 E361.1445
G1 X121.018 Y115.718 E361.15974
G1 X122.035 Y115.071 E361.17485
G1 X123.202 Y114.095 E361.19393
G1 X124.164 Y112.91 E361.21307
G1 X124.8 Y111.872 E361.22834
G1 X125.292 Y110.771 E361.24346
G1 X125.728 Y109.315 E361.26252
G1 X125.905 Y107.488 E361.28554
G1 X125.727 Y105.683 E361.30829
G1 X125.291 Y104.223 E361.32739
G1 X124.673 Y102.845 E361.34633
G1 X123.794 Y101.604 E361.3654
G1 X122.973 Y100.714 E361.38059
G1 X121.804 Y99.735 E361.39971
G1 X120.474 Y99.004 E361.41874
G1 X119.347 Y98.565 E361.43391
G1 X117.861 Y98.196 E361.45311
G1 X116.355 Y98.123 E361.47202
G1 X115.137 Y98.222 E361.48734
G1 X113.945 Y98.477 E361.50263
G1 X112.808 Y98.879 E361.51775
G1 X111.725 Y99.429 E361.53298
G1 X110.726 Y100.112 E361.54816
G1 X109.813 Y100.928 E361.56352
G1 X108.827 Y102.07 E361.58244
G1 X107.919 Y103.66 E361.6054
G1 X107.437 Y105.101 E361.62445
G1 X107.204 Y106.284 E361.63957
G1 X107.125 Y107.506 E361.65493
G1 X107.204 Y108.714 E361.67011
G1 X107.437 Y109.899 E361.68526
G1 X107.921 Y111.345 E361.70438
G1 X108.83 Y112.935 E361.72735
G1 X109.813 Y114.072 E361.74619
G1 X110.726 Y114.888 E361.76155
G1 X111.725 Y115.571 E361.77673
G1 X112.808 Y116.121 E361.79196
G1 X113.945 Y116.522 E361.80708
G1 X115.137 Y116.777 E361.82236
G1 X116.355 Y116.877 E361.83769
G0 F15000 X116.354 Y116.579
G0 X116.296 Y113.714
G0 X116.33 Y113.418
G1 F3251.3 X115.336 Y113.306 E361.85023
G1 X114.341 Y113.013 E361.86324
G1 X113.371 Y112.525 E361.87686
G1 X112.554 Y111.912 E361.88967
G1 X111.859 Y111.172 E361.9024
G1 X111.285 Y110.298 E361.91551
G1 X110.864 Y109.304 E361.92905
G1 X110.633 Y108.28 E361.94221
G1 X110.588 Y107.704 E361.94946
G1 X110.633 Y106.722 E361.96178
G1 X110.724 Y106.215 E361.96824
G1 X111.042 Y105.209 E361.98147
G1 X111.281 Y104.707 E361.98845
G1 X111.857 Y103.829 E362.00161
G1 X112.55 Y103.09 E362.01432
G1 X113.374 Y102.473 E362.02723
G1 X114.585 Y101.868 E362.0442
G1 X115.861 Y101.613 E362.06052
G1 X116.415 Y101.581 E362.06748
G1 X117.412 Y101.648 E362.08001
G1 X118.454 Y101.909 E362.09348
G1 X119.383 Y102.326 E362.10625
G1 X120.257 Y102.92 E362.1195
G1 X120.985 Y103.631 E362.13227
G1 X121.602 Y104.486 E362.14549
G1 X122.055 Y105.443 E362.15877
G1 X122.329 Y106.447 E362.17182
G1 X122.423 Y107.5 E362.18507
G1 X122.334 Y108.524 E362.19796
G1 X122.058 Y109.555 E362.21135
G1 X121.601 Y110.514 E362.22467
G1 X121.01 Y111.34 E362.23741
G1 X120.257 Y112.081 E362.25065
G1 X119.391 Y112.672 E362.2638
G1 X118.417 Y113.103 E362.27716
G1 X117.432 Y113.349 E362.28989
G1 X116.33 Y113.418 E362.30374
M204 S3500
G0 F15000 X116.263 Y114.012
;MESH:NONMESH
G0 F600 X116.263 Y114.012 Z14.8
G0 F15000 X118.512 Y113.325
G0 X119.506 Y112.881
G0 X120.236 Y112.383
G0 X121.79 Y110.934
;TIME_ELAPSED:903.220899
;LAYER:73
;TYPE:FILL
;MESH:The cap.stl
G1 F4005.2 X120.571 Y115.485 E362.36282
G1 X120.824 Y115.367 E362.36632
G1 X121.802 Y114.745 E362.38086
G1 X122.858 Y113.859 E362.39814
G1 X120.954 Y111.955 E362.43191
G1 X121.319 Y111.596 E362.43833
G1 X121.945 Y110.72 E362.45183
G1 X122.435 Y109.695 E362.46608
G1 X122.724 Y108.626 E362.47997
G1 X122.824 Y107.5 E362.49414
G1 X122.795 Y107.185 E362.49811
G1 X124.019 Y102.616 E362.55743
G1 X124.325 Y103.047 E362.56405
G1 X124.913 Y104.358 E362.58207
G1 X125.159 Y105.179 E362.59282
G1 X122.584 Y105.869 E362.62625
G1 X122.43 Y105.302 E362.63362
G1 X122.108 Y104.624 E362.64303
G1 X125.455 Y107.971 E362.70239
G1 X125.332 Y109.237 E362.71834
G1 X124.915 Y110.632 E362.7366
G1 X124.497 Y111.568 E362.74946
G1 X119.92 Y112.794 E362.80888
G1 X119.583 Y113.026 E362.81401
G1 X118.543 Y113.484 E362.82826
G1 X117.498 Y113.744 E362.84176
G1 X116.36 Y113.824 E362.85607
G1 X115.246 Y113.695 E362.87013
G1 X114.869 Y113.584 E362.87506
G1 X114.178 Y116.162 E362.90853
G1 X115.201 Y116.382 E362.92165
G1 X116.358 Y116.477 E362.93621
G1 X116.96 Y116.447 E362.94377
G1 X113.61 Y113.097 E363.00318
G1 X113.19 Y112.889 E363.00906
G1 X112.286 Y112.211 E363.02323
G1 X111.52 Y111.396 E363.03725
G1 X110.935 Y110.491 E363.05077
G1 X110.881 Y110.368 E363.05245
G1 X107.555 Y107.041 E363.11145
G1 X107.527 Y107.506 E363.11729
G1 X107.601 Y108.666 E363.13187
G1 X107.832 Y109.822 E363.14665
G1 X110.414 Y109.13 E363.18017
G1 X110.236 Y108.335 E363.19039
G1 X110.193 Y107.852 E363.19647
G1 X108.978 Y112.388 E363.25536
G1 X109.158 Y112.704 E363.25992
G1 X110.1 Y113.792 E363.27796
G1 X110.972 Y114.572 E363.29264
G1 X111.623 Y115.017 E363.30252
G1 X116.166 Y113.8 E363.3615
G0 F15000 X114.241 Y113.233
G0 X113.266 Y112.745
G0 X112.395 Y112.093
G0 X111.65 Y111.298
G0 X111.056 Y110.384
G0 X110.632 Y109.376
G0 X110.398 Y108.334
G0 X110.393 Y106.706
G0 X110.815 Y105.131
G0 X112.043 Y103.045
G1 F4005.2 X110.15 Y101.151 E363.39508
G1 X109.156 Y102.301 E363.41415
G1 X108.512 Y103.428 E363.43042
G1 X113.055 Y102.21 E363.48941
G1 X112.283 Y102.791 E363.50152
G1 X111.522 Y103.601 E363.51546
G1 X111.199 Y104.096 E363.52287
G1 X112.426 Y99.52 E363.58229
G1 X112.962 Y99.249 E363.58982
G1 X114.055 Y98.863 E363.60435
G1 X115.201 Y98.618 E363.61905
G1 X116.033 Y98.549 E363.62952
G1 X119.362 Y101.878 E363.68856
G1 X118.593 Y101.533 E363.69913
G1 X118.129 Y101.416 E363.70513
G1 X118.818 Y98.844 E363.73852
G1 X119.226 Y98.947 E363.7438
G1 X120.306 Y99.368 E363.75833
G1 X121.407 Y99.972 E363.77408
G1 X116.804 Y101.206 E363.83384
G1 X116.426 Y101.181 E363.83859
M204 S429
G1 F1500 E357.33859
G0 F15000 X114.479 Y101.647
G0 X113.263 Y102.257
G0 X112.391 Y102.91
G0 X111.647 Y103.705
G0 X111.066 Y104.603
G0 X110.496 Y106.131
G0 X110.347 Y107.753
G0 X110.632 Y109.376
G0 X111.056 Y110.384
G0 X111.65 Y111.298
G0 X112.395 Y112.093
G0 X113.266 Y112.745
G0 X114.241 Y113.233
G0 X116.303 Y113.715
G0 X116.381 Y113.019
;TYPE:WALL-OUTER
G1 F1500 E363.83859
G1 F3000 X115.412 Y112.911 E363.85082
G1 X114.475 Y112.636 E363.86307
G1 X113.615 Y112.206 E363.87512
G1 X112.82 Y111.614 E363.88755
G1 X112.161 Y110.91 E363.89965
G1 X111.633 Y110.1 E363.91177
G1 X111.243 Y109.177 E363.92434
G1 X111.029 Y108.224 E363.93659
G1 X110.988 Y107.749 E363.94256
G1 X111.03 Y106.772 E363.95483
G1 X111.116 Y106.293 E363.96093
G1 X111.413 Y105.359 E363.97322
G1 X111.629 Y104.905 E363.97953
G1 X112.165 Y104.085 E363.99181
G1 X112.817 Y103.388 E364.00378
G1 X113.6 Y102.803 E364.01604
G1 X114.696 Y102.253 E364.03141
G1 X115.871 Y102.015 E364.04645
G1 X116.399 Y101.981 E364.05308
G1 X117.354 Y102.044 E364.06509
G1 X118.286 Y102.276 E364.07713
G1 X119.19 Y102.677 E364.08953
G1 X120 Y103.227 E364.10181
G1 X120.691 Y103.903 E364.11393
G1 X121.248 Y104.68 E364.12592
G1 X121.688 Y105.605 E364.13877
G1 X121.936 Y106.525 E364.15072
G1 X122.023 Y107.518 E364.16322
G1 X121.938 Y108.466 E364.17515
G1 X121.68 Y109.417 E364.18751
G1 X121.259 Y110.304 E364.19982
G1 X120.699 Y111.088 E364.2119
G1 X120 Y111.773 E364.22418
G1 X119.185 Y112.326 E364.23653
G1 X118.317 Y112.713 E364.24845
G1 X117.36 Y112.955 E364.26082
G1 X116.381 Y113.019 E364.27313
G0 F15000 X116.183 Y112.997
G0 X116.105 Y113.692
G0 X116.354 Y116.579
G0 X116.349 Y117.278
G1 F3000 X117.613 Y117.216 E364.289
G1 X118.847 Y116.993 E364.30472
G1 X120.064 Y116.608 E364.32073
G1 X121.211 Y116.07 E364.33662
G1 X122.272 Y115.395 E364.35239
G1 X123.488 Y114.377 E364.37228
G1 X124.491 Y113.142 E364.39223
G1 X125.155 Y112.059 E364.40816
G1 X125.668 Y110.911 E364.42393
G1 X126.122 Y109.395 E364.44377
G1 X126.276 Y107.808 E364.46377
G1 X126.277 Y107.182 E364.47162
G1 X126.121 Y105.603 E364.49151
G1 X125.667 Y104.083 E364.51141
G1 X125.022 Y102.646 E364.53116
G1 X124.106 Y101.352 E364.55104
G1 X123.25 Y100.424 E364.56687
G1 X122.031 Y99.403 E364.58681
G1 X120.644 Y98.641 E364.60666
G1 X119.468 Y98.183 E364.62249
G1 X118.236 Y97.877 E364.63841
G1 X117.606 Y97.784 E364.64639
G1 X116.349 Y97.722 E364.66217
G1 X115.079 Y97.826 E364.67815
G1 X113.836 Y98.091 E364.69409
G1 X112.65 Y98.511 E364.70987
G1 X111.521 Y99.084 E364.72575
G1 X110.479 Y99.796 E364.74157
G1 X109.527 Y100.647 E364.75759
G1 X108.501 Y101.834 E364.77726
G1 X107.554 Y103.492 E364.80121
G1 X107.049 Y104.999 E364.82114
G1 X106.806 Y106.232 E364.8369
G1 X106.724 Y107.506 E364.85291
G1 X106.806 Y108.766 E364.86874
G1 X107.049 Y110.001 E364.88452
G1 X107.554 Y111.507 E364.90444
G1 X108.338 Y112.881 E364.92428
G1 X108.704 Y113.401 E364.93226
G1 X109.527 Y114.353 E364.94804
G1 X110.479 Y115.204 E364.96405
G1 X111.521 Y115.916 E364.97988
G1 X112.65 Y116.489 E364.99575
G1 X113.836 Y116.908 E365.01153
G1 X115.079 Y117.174 E365.02747
G1 X116.349 Y117.278 E365.04345
M204 S1500
G0 F15000 X116.548 Y117.269
G0 X116.355 Y116.877
;TYPE:WALL-INNER
G1 F3251.3 X117.567 Y116.818 E365.05866
G1 X118.751 Y116.604 E365.07375
G1 X119.918 Y116.234 E365.08911
G1 X121.018 Y115.718 E365.10434
G1 X122.035 Y115.071 E365.11946
G1 X123.202 Y114.095 E365.13854
G1 X124.164 Y112.91 E365.15768
G1 X124.8 Y111.872 E365.17294
G1 X125.292 Y110.771 E365.18807
G1 X125.728 Y109.315 E365.20713
G1 X125.905 Y107.488 E365.23014
G1 X125.727 Y105.683 E365.25289
G1 X125.291 Y104.223 E365.272
G1 X124.673 Y102.845 E365.29094
G1 X123.794 Y101.604 E365.31001
G1 X122.973 Y100.714 E365.32519
G1 X121.804 Y99.735 E365.34431
G1 X120.474 Y99.004 E365.36334
G1 X119.347 Y98.565 E365.37851
G1 X117.861 Y98.196 E365.39771
G1 X116.355 Y98.123 E365.41662
G1 X115.137 Y98.222 E365.43195
G1 X113.945 Y98.477 E365.44723
G1 X112.808 Y98.879 E365.46236
G1 X111.725 Y99.429 E365.47759
G1 X110.726 Y100.112 E365.49276
G1 X109.813 Y100.928 E365.50812
G1 X108.827 Y102.07 E365.52704
G1 X107.919 Y103.66 E365.55
G1 X107.437 Y105.101 E365.56906
G1 X107.204 Y106.284 E365.58418
G1 X107.125 Y107.506 E365.59953
G1 X107.204 Y108.714 E365.61471
G1 X107.437 Y109.899 E365.62986
G1 X107.921 Y111.345 E365.64898
G1 X108.83 Y112.935 E365.67195
G1 X109.813 Y114.072 E365.6908
G1 X110.726 Y114.888 E365.70615
G1 X111.725 Y115.571 E365.72133
G1 X112.808 Y116.121 E365.73656
G1 X113.945 Y116.522 E365.75168
G1 X115.137 Y116.777 E365.76697
G1 X116.355 Y116.877 E365.78229
G0 F15000 X116.354 Y116.579
G0 X116.296 Y113.714
G0 X116.33 Y113.418
G1 F3251.3 X115.336 Y113.306 E365.79484
G1 X114.341 Y113.013 E365.80784
G1 X113.371 Y112.525 E365.82146
G1 X112.554 Y111.912 E365.83427
G1 X111.859 Y111.172 E365.847
G1 X111.285 Y110.298 E365.86011
G1 X110.864 Y109.304 E365.87365
G1 X110.633 Y108.28 E365.88681
G1 X110.588 Y107.704 E365.89406
G1 X110.633 Y106.722 E365.90639
G1 X110.724 Y106.215 E365.91285
G1 X111.042 Y105.209 E365.92608
G1 X111.281 Y104.707 E365.93305
G1 X111.857 Y103.829 E365.94622
G1 X112.55 Y103.09 E365.95892
G1 X113.374 Y102.473 E365.97183
G1 X114.585 Y101.868 E365.98881
G1 X115.861 Y101.613 E366.00513
G1 X116.415 Y101.581 E366.01208
G1 X117.412 Y101.648 E366.02462
G1 X118.454 Y101.909 E366.03809
G1 X119.383 Y102.326 E366.05086
G1 X120.257 Y102.92 E366.06411
G1 X120.985 Y103.631 E366.07687
G1 X121.602 Y104.486 E366.09009
G1 X122.055 Y105.443 E366.10337
G1 X122.329 Y106.447 E366.11642
G1 X122.423 Y107.5 E366.12968
G1 X122.334 Y108.524 E366.14257
G1 X122.058 Y109.555 E366.15595
G1 X121.601 Y110.514 E366.16927
G1 X121.01 Y111.34 E366.18201
G1 X120.257 Y112.081 E366.19526
G1 X119.391 Y112.672 E366.20841
G1 X118.417 Y113.103 E366.22176
G1 X117.432 Y113.349 E366.23449
G1 X116.33 Y113.418 E366.24834
M204 S3500
G0 F15000 X116.263 Y114.012
;MESH:NONMESH
G0 F600 X116.263 Y114.012 Z15
G0 F15000 X118.512 Y113.325
G0 X119.506 Y112.881
G0 X120.236 Y112.383
G0 X121.79 Y110.934
;TIME_ELAPSED:910.879164
;LAYER:74
;TYPE:FILL
;MESH:The cap.stl
G1 F4005.2 X120.571 Y115.485 E366.30742
G1 X120.824 Y115.367 E366.31092
G1 X121.802 Y114.745 E366.32546
G1 X122.858 Y113.859 E366.34275
G1 X120.954 Y111.955 E366.37651
G1 X121.319 Y111.596 E366.38293
G1 X121.945 Y110.72 E366.39644
G1 X122.435 Y109.695 E366.41068
G1 X122.724 Y108.626 E366.42457
G1 X122.824 Y107.5 E366.43875
G1 X122.795 Y107.185 E366.44271
G1 X124.019 Y102.616 E366.50203
G1 X124.325 Y103.047 E366.50866
G1 X124.913 Y104.358 E366.52668
G1 X125.159 Y105.179 E366.53742
G1 X122.584 Y105.869 E366.57086
G1 X122.43 Y105.302 E366.57822
G1 X122.108 Y104.624 E366.58764
G1 X125.455 Y107.971 E366.64699
G1 X125.332 Y109.237 E366.66294
G1 X124.915 Y110.632 E366.6812
G1 X124.497 Y111.568 E366.69406
G1 X119.92 Y112.794 E366.75348
G1 X119.583 Y113.026 E366.75861
G1 X118.543 Y113.484 E366.77286
G1 X117.498 Y113.744 E366.78636
G1 X116.36 Y113.824 E366.80067
G1 X115.246 Y113.695 E366.81473
G1 X114.869 Y113.584 E366.81966
G1 X114.178 Y116.162 E366.85313
G1 X115.201 Y116.382 E366.86625
G1 X116.358 Y116.477 E366.88081
G1 X116.96 Y116.447 E366.88837
G1 X113.61 Y113.097 E366.94778
G1 X113.19 Y112.889 E366.95366
G1 X112.286 Y112.211 E366.96783
G1 X111.52 Y111.396 E366.98186
G1 X110.935 Y110.491 E366.99537
G1 X110.881 Y110.368 E366.99706
G1 X107.555 Y107.041 E367.05605
G1 X107.527 Y107.506 E367.06189
G1 X107.601 Y108.666 E367.07647
G1 X107.832 Y109.822 E367.09125
G1 X110.414 Y109.13 E367.12477
G1 X110.236 Y108.335 E367.13499
G1 X110.193 Y107.851 E367.14108
G1 X108.978 Y112.388 E367.19998
G1 X109.158 Y112.704 E367.20454
G1 X110.1 Y113.792 E367.22259
G1 X110.972 Y114.572 E367.23726
G1 X111.623 Y115.017 E367.24715
G1 X116.166 Y113.8 E367.30613
G0 F15000 X114.241 Y113.233
G0 X113.266 Y112.745
G0 X112.395 Y112.093
G0 X111.65 Y111.298
G0 X111.056 Y110.384
G0 X110.632 Y109.376
G0 X110.398 Y108.334
G0 X110.393 Y106.706
G0 X110.815 Y105.131
G0 X112.043 Y103.045
G1 F4005.2 X110.15 Y101.151 E367.33971
G1 X109.156 Y102.301 E367.35877
G1 X108.512 Y103.428 E367.37505
G1 X113.055 Y102.21 E367.43404
G1 X112.283 Y102.791 E367.44615
G1 X111.522 Y103.601 E367.46009
G1 X111.199 Y104.096 E367.4675
G1 X112.426 Y99.52 E367.52691
G1 X112.962 Y99.249 E367.53445
G1 X114.055 Y98.863 E367.54898
G1 X115.201 Y98.618 E367.56368
G1 X116.033 Y98.549 E367.57415
G1 X119.362 Y101.878 E367.63319
G1 X118.593 Y101.533 E367.64376
G1 X118.129 Y101.416 E367.64976
G1 X118.818 Y98.844 E367.68315
G1 X119.226 Y98.947 E367.68842
G1 X120.306 Y99.368 E367.70296
G1 X121.407 Y99.972 E367.71871
G1 X116.804 Y101.206 E367.77847
G1 X116.426 Y101.181 E367.78322
M204 S429
G1 F1500 E361.28322
G0 F15000 X114.479 Y101.647
G0 X113.263 Y102.257
G0 X112.391 Y102.91
G0 X111.647 Y103.705
G0 X111.066 Y104.603
G0 X110.496 Y106.131
G0 X110.347 Y107.753
G0 X110.632 Y109.376
G0 X111.056 Y110.384
G0 X111.65 Y111.298
G0 X112.395 Y112.093
G0 X113.266 Y112.745
G0 X114.241 Y113.233
G0 X116.303 Y113.715
G0 X116.381 Y113.019
;TYPE:WALL-OUTER
G1 F1500 E367.78322
G1 F3000 X115.412 Y112.911 E367.79545
G1 X114.475 Y112.636 E367.80769
G1 X113.615 Y112.206 E367.81975
G1 X112.82 Y111.614 E367.83218
G1 X112.161 Y110.91 E367.84427
G1 X111.633 Y110.1 E367.8564
G1 X111.243 Y109.177 E367.86897
G1 X111.029 Y108.224 E367.88121
G1 X110.988 Y107.745 E367.88724
G1 X111.03 Y106.772 E367.89946
G1 X111.116 Y106.293 E367.90556
G1 X111.413 Y105.359 E367.91785
G1 X111.629 Y104.905 E367.92415
G1 X112.165 Y104.085 E367.93644
G1 X112.817 Y103.388 E367.94841
G1 X113.6 Y102.803 E367.96066
G1 X114.696 Y102.253 E367.97604
G1 X115.871 Y102.015 E367.99108
G1 X116.399 Y101.981 E367.99771
G1 X117.354 Y102.044 E368.00971
G1 X118.286 Y102.276 E368.02176
G1 X119.19 Y102.677 E368.03416
G1 X120 Y103.227 E368.04644
G1 X120.691 Y103.903 E368.05856
G1 X121.248 Y104.68 E368.07055
G1 X121.688 Y105.605 E368.08339
G1 X121.936 Y106.525 E368.09534
G1 X122.023 Y107.518 E368.10784
G1 X121.938 Y108.466 E368.11978
G1 X121.68 Y109.417 E368.13214
G1 X121.259 Y110.304 E368.14445
G1 X120.699 Y111.088 E368.15653
G1 X120 Y111.773 E368.1688
G1 X119.185 Y112.326 E368.18116
G1 X118.317 Y112.713 E368.19307
G1 X117.36 Y112.955 E368.20545
G1 X116.381 Y113.019 E368.21776
G0 F15000 X116.183 Y112.997
G0 X116.105 Y113.692
G0 X116.354 Y116.579
G0 X116.349 Y117.278
G1 F3000 X117.613 Y117.216 E368.23363
G1 X118.847 Y116.993 E368.24935
G1 X120.064 Y116.608 E368.26536
G1 X121.211 Y116.07 E368.28125
G1 X122.272 Y115.395 E368.29702
G1 X123.488 Y114.377 E368.3169
G1 X124.491 Y113.142 E368.33685
G1 X125.155 Y112.059 E368.35279
G1 X125.668 Y110.911 E368.36855
G1 X126.122 Y109.395 E368.3884
G1 X126.276 Y107.808 E368.40839
G1 X126.277 Y107.182 E368.41624
G1 X126.121 Y105.603 E368.43614
G1 X125.667 Y104.083 E368.45604
G1 X125.022 Y102.646 E368.47579
G1 X124.106 Y101.352 E368.49567
G1 X123.25 Y100.424 E368.5115
G1 X122.031 Y99.403 E368.53144
G1 X120.644 Y98.641 E368.55129
G1 X119.468 Y98.183 E368.56711
G1 X118.236 Y97.877 E368.58303
G1 X117.606 Y97.784 E368.59102
G1 X116.349 Y97.722 E368.6068
G1 X115.079 Y97.826 E368.62278
G1 X113.836 Y98.091 E368.63872
G1 X112.65 Y98.511 E368.6545
G1 X111.521 Y99.084 E368.67037
G1 X110.479 Y99.796 E368.6862
G1 X109.527 Y100.647 E368.70221
G1 X108.501 Y101.834 E368.72189
G1 X107.554 Y103.492 E368.74583
G1 X107.049 Y104.999 E368.76576
G1 X106.806 Y106.232 E368.78152
G1 X106.724 Y107.506 E368.79753
G1 X106.806 Y108.766 E368.81337
G1 X107.049 Y110.001 E368.82915
G1 X107.554 Y111.507 E368.84907
G1 X108.338 Y112.881 E368.86891
G1 X108.704 Y113.401 E368.87688
G1 X109.527 Y114.353 E368.89267
G1 X110.479 Y115.204 E368.90868
G1 X111.521 Y115.916 E368.9245
G1 X112.65 Y116.489 E368.94038
G1 X113.836 Y116.908 E368.95616
G1 X115.079 Y117.174 E368.9721
G1 X116.349 Y117.278 E368.98808
M204 S1500
G0 F15000 X116.548 Y117.269
G0 X116.355 Y116.877
;TYPE:WALL-INNER
G1 F3251.3 X117.567 Y116.818 E369.00329
G1 X118.751 Y116.604 E369.01838
G1 X119.918 Y116.234 E369.03373
G1 X121.018 Y115.718 E369.04897
G1 X122.035 Y115.071 E369.06409
G1 X123.202 Y114.095 E369.08316
G1 X124.164 Y112.91 E369.1023
G1 X124.8 Y111.872 E369.11757
G1 X125.292 Y110.771 E369.13269
G1 X125.728 Y109.315 E369.15175
G1 X125.905 Y107.488 E369.17477
G1 X125.727 Y105.683 E369.19752
G1 X125.291 Y104.223 E369.21663
G1 X124.673 Y102.845 E369.23556
G1 X123.794 Y101.604 E369.25463
G1 X122.973 Y100.714 E369.26982
G1 X121.804 Y99.735 E369.28894
G1 X120.474 Y99.004 E369.30797
G1 X119.347 Y98.565 E369.32314
G1 X117.861 Y98.196 E369.34234
G1 X116.355 Y98.123 E369.36125
G1 X115.137 Y98.222 E369.37657
G1 X113.945 Y98.477 E369.39186
G1 X112.808 Y98.879 E369.40698
G1 X111.725 Y99.429 E369.42222
G1 X110.726 Y100.112 E369.43739
G1 X109.813 Y100.928 E369.45275
G1 X108.827 Y102.07 E369.47167
G1 X107.919 Y103.66 E369.49463
G1 X107.437 Y105.101 E369.51368
G1 X107.204 Y106.284 E369.5288
G1 X107.125 Y107.506 E369.54416
G1 X107.204 Y108.714 E369.55934
G1 X107.437 Y109.899 E369.57449
G1 X107.921 Y111.345 E369.59361
G1 X108.83 Y112.935 E369.61658
G1 X109.813 Y114.072 E369.63542
G1 X110.726 Y114.888 E369.65078
G1 X111.725 Y115.571 E369.66596
G1 X112.808 Y116.121 E369.68119
G1 X113.945 Y116.522 E369.69631
G1 X115.137 Y116.777 E369.71159
G1 X116.355 Y116.877 E369.72692
G0 F15000 X116.354 Y116.579
G0 X116.296 Y113.714
G0 X116.33 Y113.418
G1 F3251.3 X115.336 Y113.306 E369.73946
G1 X114.341 Y113.013 E369.75247
G1 X113.371 Y112.525 E369.76609
G1 X112.554 Y111.912 E369.7789
G1 X111.859 Y111.172 E369.79163
G1 X111.285 Y110.298 E369.80474
G1 X110.864 Y109.304 E369.81828
G1 X110.633 Y108.28 E369.83144
G1 X110.589 Y107.771 E369.83785
G1 X110.633 Y106.722 E369.85101
G1 X110.724 Y106.215 E369.85747
G1 X111.042 Y105.209 E369.8707
G1 X111.281 Y104.707 E369.87768
G1 X111.857 Y103.829 E369.89085
G1 X112.55 Y103.09 E369.90355
G1 X113.374 Y102.473 E369.91646
G1 X114.585 Y101.868 E369.93344
G1 X115.861 Y101.613 E369.94975
G1 X116.415 Y101.581 E369.95671
G1 X117.412 Y101.648 E369.96924
G1 X118.454 Y101.909 E369.98271
G1 X119.383 Y102.326 E369.99548
G1 X120.257 Y102.92 E370.00874
G1 X120.985 Y103.631 E370.0215
G1 X121.602 Y104.486 E370.03472
G1 X122.055 Y105.443 E370.048
G1 X122.329 Y106.447 E370.06105
G1 X122.423 Y107.5 E370.07431
G1 X122.334 Y108.524 E370.0872
G1 X122.058 Y109.555 E370.10058
G1 X121.601 Y110.514 E370.1139
G1 X121.01 Y111.34 E370.12664
G1 X120.257 Y112.081 E370.13989
G1 X119.391 Y112.672 E370.15303
G1 X118.417 Y113.103 E370.16639
G1 X117.432 Y113.349 E370.17912
G1 X116.33 Y113.418 E370.19297
M204 S3500
G0 F15000 X116.263 Y114.012
;MESH:NONMESH
G0 F600 X116.263 Y114.012 Z15.2
G0 F15000 X118.512 Y113.325
G0 X119.506 Y112.881
G0 X120.236 Y112.383
G0 X121.79 Y110.934
;TIME_ELAPSED:918.537439
;LAYER:75
;TYPE:FILL
;MESH:The cap.stl
G1 F4005.2 X120.571 Y115.485 E370.25205
G1 X120.824 Y115.367 E370.25555
G1 X121.802 Y114.745 E370.27009
G1 X122.858 Y113.859 E370.28737
G1 X120.954 Y111.955 E370.32114
G1 X121.319 Y111.596 E370.32756
G1 X121.945 Y110.72 E370.34106
G1 X122.435 Y109.695 E370.35531
G1 X122.724 Y108.626 E370.3692
G1 X122.824 Y107.5 E370.38337
G1 X122.795 Y107.185 E370.38734
G1 X124.019 Y102.616 E370.44666
G1 X124.325 Y103.047 E370.45329
G1 X124.913 Y104.358 E370.4713
G1 X125.159 Y105.179 E370.48205
G1 X122.584 Y105.869 E370.51548
G1 X122.43 Y105.302 E370.52285
G1 X122.108 Y104.624 E370.53226
G1 X125.455 Y107.971 E370.59162
G1 X125.332 Y109.237 E370.60757
G1 X124.915 Y110.632 E370.62583
G1 X124.497 Y111.568 E370.63869
G1 X119.92 Y112.794 E370.69811
G1 X119.583 Y113.026 E370.70324
G1 X118.543 Y113.484 E370.71749
G1 X117.498 Y113.744 E370.73099
G1 X116.36 Y113.824 E370.7453
G1 X115.246 Y113.695 E370.75936
G1 X114.869 Y113.584 E370.76429
G1 X114.178 Y116.162 E370.79776
G1 X115.201 Y116.382 E370.81088
G1 X116.358 Y116.477 E370.82544
G1 X116.96 Y116.447 E370.833
G1 X113.61 Y113.097 E370.89241
G1 X113.19 Y112.889 E370.89829
G1 X112.286 Y112.211 E370.91246
G1 X111.52 Y111.396 E370.92649
G1 X110.935 Y110.491 E370.94
G1 X110.881 Y110.368 E370.94168
G1 X107.555 Y107.041 E371.00068
G1 X107.527 Y107.506 E371.00652
G1 X107.601 Y108.666 E371.0211
G1 X107.832 Y109.822 E371.03588
G1 X110.414 Y109.13 E371.0694
G1 X110.236 Y108.335 E371.07962
G1 X110.193 Y107.852 E371.0857
G1 X108.978 Y112.388 E371.14459
G1 X109.158 Y112.704 E371.14915
G1 X110.1 Y113.792 E371.1672
G1 X110.972 Y114.572 E371.18187
G1 X111.623 Y115.017 E371.19176
G1 X116.166 Y113.8 E371.25074
G0 F15000 X114.241 Y113.233
G0 X113.266 Y112.745
G0 X112.395 Y112.093
G0 X111.65 Y111.298
G0 X111.056 Y110.384
G0 X110.632 Y109.376
G0 X110.398 Y108.334
G0 X110.393 Y106.706
G0 X110.815 Y105.131
G0 X112.043 Y103.045
G1 F4005.2 X110.15 Y101.151 E371.28432
G1 X109.156 Y102.301 E371.30338
G1 X108.512 Y103.428 E371.31966
G1 X113.055 Y102.21 E371.37864
G1 X112.283 Y102.791 E371.39076
G1 X111.522 Y103.601 E371.40469
G1 X111.199 Y104.096 E371.41211
G1 X112.426 Y99.52 E371.47152
G1 X112.962 Y99.249 E371.47905
G1 X114.055 Y98.863 E371.49359
G1 X115.201 Y98.618 E371.50828
G1 X116.033 Y98.549 E371.51875
G1 X119.362 Y101.878 E371.57779
G1 X118.593 Y101.533 E371.58836
G1 X118.129 Y101.416 E371.59436
G1 X118.818 Y98.844 E371.62775
G1 X119.226 Y98.947 E371.63303
G1 X120.306 Y99.368 E371.64756
G1 X121.407 Y99.972 E371.66331
G1 X116.804 Y101.206 E371.72307
G1 X116.426 Y101.181 E371.72782
M204 S429
G1 F1500 E365.22782
G0 F15000 X114.479 Y101.647
G0 X113.263 Y102.257
G0 X112.391 Y102.91
G0 X111.647 Y103.705
G0 X111.066 Y104.603
G0 X110.496 Y106.131
G0 X110.347 Y107.753
G0 X110.632 Y109.376
G0 X111.056 Y110.384
G0 X111.65 Y111.298
G0 X112.395 Y112.093
G0 X113.266 Y112.745
G0 X114.241 Y113.233
G0 X116.303 Y113.715
G0 X116.381 Y113.019
;TYPE:WALL-OUTER
G1 F1500 E371.72782
G1 F3000 X115.412 Y112.911 E371.74005
G1 X114.475 Y112.636 E371.7523
G1 X113.615 Y112.206 E371.76436
G1 X112.82 Y111.614 E371.77679
G1 X112.161 Y110.91 E371.78888
G1 X111.633 Y110.1 E371.801
G1 X111.243 Y109.177 E371.81357
G1 X111.029 Y108.224 E371.82582
G1 X110.988 Y107.749 E371.8318
G1 X111.03 Y106.772 E371.84406
G1 X111.116 Y106.293 E371.85016
G1 X111.413 Y105.359 E371.86245
G1 X111.629 Y104.905 E371.86876
G1 X112.165 Y104.085 E371.88104
G1 X112.817 Y103.388 E371.89301
G1 X113.6 Y102.803 E371.90527
G1 X114.696 Y102.253 E371.92065
G1 X115.871 Y102.015 E371.93568
G1 X116.399 Y101.981 E371.94232
G1 X117.354 Y102.044 E371.95432
G1 X118.286 Y102.276 E371.96636
G1 X119.19 Y102.677 E371.97876
G1 X120 Y103.227 E371.99104
G1 X120.691 Y103.903 E372.00316
G1 X121.248 Y104.68 E372.01515
G1 X121.688 Y105.605 E372.028
G1 X121.936 Y106.525 E372.03995
G1 X122.023 Y107.518 E372.05245
G1 X121.938 Y108.466 E372.06438
G1 X121.68 Y109.417 E372.07674
G1 X121.259 Y110.304 E372.08905
G1 X120.699 Y111.088 E372.10114
G1 X120 Y111.773 E372.11341
G1 X119.185 Y112.326 E372.12576
G1 X118.317 Y112.713 E372.13768
G1 X117.36 Y112.955 E372.15006
G1 X116.381 Y113.019 E372.16236
G0 F15000 X116.183 Y112.997
G0 X116.105 Y113.692
G0 X116.354 Y116.579
G0 X116.349 Y117.278
G1 F3000 X117.613 Y117.216 E372.17823
G1 X118.847 Y116.993 E372.19396
G1 X120.064 Y116.608 E372.20996
G1 X121.211 Y116.07 E372.22585
G1 X122.272 Y115.395 E372.24162
G1 X123.488 Y114.377 E372.26151
G1 X124.491 Y113.142 E372.28146
G1 X125.155 Y112.059 E372.29739
G1 X125.668 Y110.911 E372.31316
G1 X126.122 Y109.395 E372.333
G1 X126.276 Y107.808 E372.353
G1 X126.277 Y107.182 E372.36085
G1 X126.121 Y105.603 E372.38075
G1 X125.667 Y104.083 E372.40064
G1 X125.022 Y102.646 E372.42039
G1 X124.106 Y101.352 E372.44027
G1 X123.25 Y100.424 E372.45611
G1 X122.031 Y99.403 E372.47605
G1 X120.644 Y98.641 E372.49589
G1 X119.468 Y98.183 E372.51172
G1 X118.236 Y97.877 E372.52764
G1 X117.606 Y97.784 E372.53562
G1 X116.349 Y97.722 E372.55141
G1 X115.079 Y97.826 E372.56739
G1 X113.836 Y98.091 E372.58332
G1 X112.65 Y98.511 E372.5991
G1 X111.521 Y99.084 E372.61498
G1 X110.479 Y99.796 E372.6308
G1 X109.527 Y100.647 E372.64682
G1 X108.501 Y101.834 E372.66649
G1 X107.554 Y103.492 E372.69044
G1 X107.049 Y104.999 E372.71037
G1 X106.806 Y106.232 E372.72613
G1 X106.724 Y107.506 E372.74214
G1 X106.806 Y108.766 E372.75797
G1 X107.049 Y110.001 E372.77376
G1 X107.554 Y111.507 E372.79368
G1 X108.338 Y112.881 E372.81351
G1 X108.704 Y113.401 E372.82149
G1 X109.527 Y114.353 E372.83727
G1 X110.479 Y115.204 E372.85328
G1 X111.521 Y115.916 E372.86911
G1 X112.65 Y116.489 E372.88499
G1 X113.836 Y116.908 E372.90076
G1 X115.079 Y117.174 E372.9167
G1 X116.349 Y117.278 E372.93268
M204 S1500
G0 F15000 X116.548 Y117.269
G0 X116.355 Y116.877
;TYPE:WALL-INNER
G1 F3251.3 X117.567 Y116.818 E372.9479
G1 X118.751 Y116.604 E372.96298
G1 X119.918 Y116.234 E372.97834
G1 X121.018 Y115.718 E372.99357
G1 X122.035 Y115.071 E373.00869
G1 X123.202 Y114.095 E373.02777
G1 X124.164 Y112.91 E373.04691
G1 X124.8 Y111.872 E373.06217
G1 X125.292 Y110.771 E373.0773
G1 X125.728 Y109.315 E373.09636
G1 X125.905 Y107.488 E373.11938
G1 X125.727 Y105.683 E373.14212
G1 X125.291 Y104.223 E373.16123
G1 X124.673 Y102.845 E373.18017
G1 X123.794 Y101.604 E373.19924
G1 X122.973 Y100.714 E373.21442
G1 X121.804 Y99.735 E373.23354
G1 X120.474 Y99.004 E373.25258
G1 X119.347 Y98.565 E373.26774
G1 X117.861 Y98.196 E373.28694
G1 X116.355 Y98.123 E373.30585
G1 X115.137 Y98.222 E373.32118
G1 X113.945 Y98.477 E373.33646
G1 X112.808 Y98.879 E373.35159
G1 X111.725 Y99.429 E373.36682
G1 X110.726 Y100.112 E373.382
G1 X109.813 Y100.928 E373.39735
G1 X108.827 Y102.07 E373.41627
G1 X107.919 Y103.66 E373.43923
G1 X107.437 Y105.101 E373.45829
G1 X107.204 Y106.284 E373.47341
G1 X107.125 Y107.506 E373.48876
G1 X107.204 Y108.714 E373.50395
G1 X107.437 Y109.899 E373.51909
G1 X107.921 Y111.345 E373.53821
G1 X108.83 Y112.935 E373.56118
G1 X109.813 Y114.072 E373.58003
G1 X110.726 Y114.888 E373.59538
G1 X111.725 Y115.571 E373.61056
G1 X112.808 Y116.121 E373.62579
G1 X113.945 Y116.522 E373.64091
G1 X115.137 Y116.777 E373.6562
G1 X116.355 Y116.877 E373.67152
G0 F15000 X116.354 Y116.579
G0 X116.296 Y113.714
G0 X116.33 Y113.418
G1 F3251.3 X115.336 Y113.306 E373.68407
G1 X114.341 Y113.013 E373.69707
G1 X113.371 Y112.525 E373.71069
G1 X112.554 Y111.912 E373.7235
G1 X111.859 Y111.172 E373.73623
G1 X111.285 Y110.298 E373.74934
G1 X110.864 Y109.304 E373.76288
G1 X110.633 Y108.28 E373.77605
G1 X110.588 Y107.704 E373.78329
G1 X110.633 Y106.722 E373.79562
G1 X110.724 Y106.215 E373.80208
G1 X111.042 Y105.209 E373.81531
G1 X111.281 Y104.707 E373.82228
G1 X111.857 Y103.829 E373.83545
G1 X112.55 Y103.09 E373.84815
G1 X113.374 Y102.473 E373.86106
G1 X114.585 Y101.868 E373.87804
G1 X115.861 Y101.613 E373.89436
G1 X116.415 Y101.581 E373.90132
G1 X117.412 Y101.648 E373.91385
G1 X118.454 Y101.909 E373.92732
G1 X119.383 Y102.326 E373.94009
G1 X120.257 Y102.92 E373.95334
G1 X120.985 Y103.631 E373.9661
G1 X121.602 Y104.486 E373.97932
G1 X122.055 Y105.443 E373.9926
G1 X122.329 Y106.447 E374.00565
G1 X122.423 Y107.5 E374.01891
G1 X122.334 Y108.524 E374.0318
G1 X122.058 Y109.555 E374.04518
G1 X121.601 Y110.514 E374.0585
G1 X121.01 Y111.34 E374.07124
G1 X120.257 Y112.081 E374.08449
G1 X119.391 Y112.672 E374.09764
G1 X118.417 Y113.103 E374.11099
G1 X117.432 Y113.349 E374.12373
G1 X116.33 Y113.418 E374.13757
M204 S3500
G0 F15000 X116.263 Y114.012
;MESH:NONMESH
G0 F600 X116.263 Y114.012 Z15.4
G0 F15000 X118.512 Y113.325
G0 X119.506 Y112.881
G0 X120.236 Y112.383
G0 X121.79 Y110.934
;TIME_ELAPSED:926.195704
;LAYER:76
;TYPE:FILL
;MESH:The cap.stl
G1 F4005.2 X120.571 Y115.485 E374.19666
G1 X120.824 Y115.367 E374.20016
G1 X121.802 Y114.745 E374.21469
G1 X122.858 Y113.859 E374.23198
G1 X120.954 Y111.955 E374.26574
G1 X121.319 Y111.596 E374.27216
G1 X121.945 Y110.72 E374.28567
G1 X122.435 Y109.695 E374.29991
G1 X122.724 Y108.626 E374.3138
G1 X122.824 Y107.5 E374.32798
G1 X122.795 Y107.185 E374.33194
G1 X124.019 Y102.616 E374.39126
G1 X124.325 Y103.047 E374.39789
G1 X124.913 Y104.358 E374.41591
G1 X125.159 Y105.179 E374.42666
G1 X122.584 Y105.869 E374.46009
G1 X122.43 Y105.302 E374.46745
G1 X122.108 Y104.624 E374.47687
G1 X125.455 Y107.971 E374.53623
G1 X125.332 Y109.237 E374.55218
G1 X124.915 Y110.632 E374.57043
G1 X124.497 Y111.568 E374.58329
G1 X119.92 Y112.794 E374.64271
G1 X119.583 Y113.026 E374.64784
G1 X118.543 Y113.484 E374.66209
G1 X117.498 Y113.744 E374.6756
G1 X116.36 Y113.824 E374.6899
G1 X115.246 Y113.695 E374.70397
G1 X114.869 Y113.584 E374.70889
G1 X114.178 Y116.162 E374.74236
G1 X115.201 Y116.382 E374.75549
G1 X116.358 Y116.477 E374.77004
G1 X116.96 Y116.447 E374.7776
G1 X113.61 Y113.097 E374.83701
G1 X113.19 Y112.889 E374.84289
G1 X112.286 Y112.211 E374.85706
G1 X111.52 Y111.396 E374.87109
G1 X110.935 Y110.491 E374.8846
G1 X110.881 Y110.368 E374.88629
G1 X107.555 Y107.041 E374.94528
G1 X107.527 Y107.506 E374.95112
G1 X107.601 Y108.666 E374.9657
G1 X107.832 Y109.822 E374.98048
G1 X110.414 Y109.13 E375.01401
G1 X110.236 Y108.335 E375.02422
G1 X110.193 Y107.852 E375.0303
G1 X108.978 Y112.388 E375.08919
G1 X109.158 Y112.704 E375.09375
G1 X110.1 Y113.792 E375.1118
G1 X110.972 Y114.572 E375.12647
G1 X111.623 Y115.017 E375.13636
G1 X116.166 Y113.8 E375.19534
G0 F15000 X114.241 Y113.233
G0 X113.266 Y112.745
G0 X112.395 Y112.093
G0 X111.65 Y111.298
G0 X111.056 Y110.384
G0 X110.632 Y109.376
G0 X110.398 Y108.334
G0 X110.393 Y106.706
G0 X110.815 Y105.131
G0 X112.043 Y103.045
G1 F4005.2 X110.15 Y101.151 E375.22892
G1 X109.156 Y102.301 E375.24798
G1 X108.512 Y103.428 E375.26426
G1 X113.055 Y102.21 E375.32324
G1 X112.283 Y102.791 E375.33536
G1 X111.522 Y103.601 E375.3493
G1 X111.199 Y104.096 E375.35671
G1 X112.426 Y99.52 E375.41612
G1 X112.962 Y99.249 E375.42365
G1 X114.055 Y98.863 E375.43819
G1 X115.201 Y98.618 E375.45288
G1 X116.033 Y98.549 E375.46335
G1 X119.362 Y101.878 E375.52239
G1 X118.593 Y101.533 E375.53296
G1 X118.129 Y101.416 E375.53896
G1 X118.818 Y98.844 E375.57235
G1 X119.226 Y98.947 E375.57763
G1 X120.306 Y99.368 E375.59217
G1 X121.407 Y99.972 E375.60792
G1 X116.804 Y101.206 E375.66768
G1 X116.426 Y101.181 E375.67243
M204 S429
G1 F1500 E369.17243
G0 F15000 X114.479 Y101.647
G0 X113.263 Y102.257
G0 X112.391 Y102.91
G0 X111.647 Y103.705
G0 X111.066 Y104.603
G0 X110.496 Y106.131
G0 X110.347 Y107.753
G0 X110.632 Y109.376
G0 X111.056 Y110.384
G0 X111.65 Y111.298
G0 X112.395 Y112.093
G0 X113.266 Y112.745
G0 X114.241 Y113.233
G0 X116.303 Y113.715
G0 X116.381 Y113.019
;TYPE:WALL-OUTER
G1 F1500 E375.67243
G1 F3000 X115.412 Y112.911 E375.68465
G1 X114.475 Y112.636 E375.6969
G1 X113.615 Y112.206 E375.70896
G1 X112.82 Y111.614 E375.72139
G1 X112.161 Y110.91 E375.73348
G1 X111.633 Y110.1 E375.74561
G1 X111.243 Y109.177 E375.75817
G1 X111.029 Y108.224 E375.77042
G1 X110.988 Y107.749 E375.7764
G1 X111.03 Y106.772 E375.78866
G1 X111.116 Y106.293 E375.79477
G1 X111.413 Y105.359 E375.80706
G1 X111.629 Y104.905 E375.81336
G1 X112.165 Y104.085 E375.82565
G1 X112.817 Y103.388 E375.83762
G1 X113.6 Y102.803 E375.84987
G1 X114.696 Y102.253 E375.86525
G1 X115.871 Y102.015 E375.88028
G1 X116.399 Y101.981 E375.88692
G1 X117.354 Y102.044 E375.89892
G1 X118.286 Y102.276 E375.91097
G1 X119.19 Y102.677 E375.92337
G1 X120 Y103.227 E375.93565
G1 X120.691 Y103.903 E375.94777
G1 X121.248 Y104.68 E375.95976
G1 X121.688 Y105.605 E375.9726
G1 X121.936 Y106.525 E375.98455
G1 X122.023 Y107.518 E375.99705
G1 X121.938 Y108.466 E376.00899
G1 X121.68 Y109.417 E376.02134
G1 X121.259 Y110.304 E376.03366
G1 X120.699 Y111.088 E376.04574
G1 X120 Y111.773 E376.05801
G1 X119.185 Y112.326 E376.07036
G1 X118.317 Y112.713 E376.08228
G1 X117.36 Y112.955 E376.09466
G1 X116.381 Y113.019 E376.10696
G0 F15000 X116.183 Y112.997
G0 X116.105 Y113.692
G0 X116.354 Y116.579
G0 X116.349 Y117.278
G1 F3000 X117.613 Y117.216 E376.12283
G1 X118.847 Y116.993 E376.13856
G1 X120.064 Y116.608 E376.15457
G1 X121.211 Y116.07 E376.17045
G1 X122.272 Y115.395 E376.18622
G1 X123.488 Y114.377 E376.20611
G1 X124.491 Y113.142 E376.22606
G1 X125.155 Y112.059 E376.24199
G1 X125.668 Y110.911 E376.25776
G1 X126.122 Y109.395 E376.27761
G1 X126.276 Y107.808 E376.2976
G1 X126.277 Y107.182 E376.30545
G1 X126.121 Y105.603 E376.32535
G1 X125.667 Y104.083 E376.34524
G1 X125.022 Y102.646 E376.365
G1 X124.106 Y101.352 E376.38488
G1 X123.25 Y100.424 E376.40071
G1 X122.031 Y99.403 E376.42065
G1 X120.644 Y98.641 E376.44049
G1 X119.468 Y98.183 E376.45632
G1 X118.236 Y97.877 E376.47224
G1 X117.606 Y97.784 E376.48023
G1 X116.349 Y97.722 E376.49601
G1 X115.079 Y97.826 E376.51199
G1 X113.836 Y98.091 E376.52793
G1 X112.65 Y98.511 E376.5437
G1 X111.521 Y99.084 E376.55958
G1 X110.479 Y99.796 E376.57541
G1 X109.527 Y100.647 E376.59142
G1 X108.501 Y101.834 E376.6111
G1 X107.554 Y103.492 E376.63504
G1 X107.049 Y104.999 E376.65497
G1 X106.806 Y106.232 E376.67073
G1 X106.724 Y107.506 E376.68674
G1 X106.806 Y108.766 E376.70258
G1 X107.049 Y110.001 E376.71836
G1 X107.554 Y111.507 E376.73828
G1 X108.338 Y112.881 E376.75812
G1 X108.704 Y113.401 E376.76609
G1 X109.527 Y114.353 E376.78187
G1 X110.479 Y115.204 E376.79789
G1 X111.521 Y115.916 E376.81371
G1 X112.65 Y116.489 E376.82959
G1 X113.836 Y116.908 E376.84536
G1 X115.079 Y117.174 E376.8613
G1 X116.349 Y117.278 E376.87728
M204 S1500
G0 F15000 X116.548 Y117.269
G0 X116.355 Y116.877
;TYPE:WALL-INNER
G1 F3251.3 X117.567 Y116.818 E376.8925
G1 X118.751 Y116.604 E376.90759
G1 X119.918 Y116.234 E376.92294
G1 X121.018 Y115.718 E376.93818
G1 X122.035 Y115.071 E376.95329
G1 X123.202 Y114.095 E376.97237
G1 X124.164 Y112.91 E376.99151
G1 X124.8 Y111.872 E377.00678
G1 X125.292 Y110.771 E377.0219
G1 X125.728 Y109.315 E377.04096
G1 X125.905 Y107.488 E377.06398
G1 X125.727 Y105.683 E377.08672
G1 X125.291 Y104.223 E377.10583
G1 X124.673 Y102.845 E377.12477
G1 X123.794 Y101.604 E377.14384
G1 X122.973 Y100.714 E377.15903
G1 X121.804 Y99.735 E377.17815
G1 X120.474 Y99.004 E377.19718
G1 X119.347 Y98.565 E377.21235
G1 X117.861 Y98.196 E377.23155
G1 X116.355 Y98.123 E377.25046
G1 X115.137 Y98.222 E377.26578
G1 X113.945 Y98.477 E377.28107
G1 X112.808 Y98.879 E377.29619
G1 X111.725 Y99.429 E377.31142
G1 X110.726 Y100.112 E377.3266
G1 X109.813 Y100.928 E377.34195
G1 X108.827 Y102.07 E377.36087
G1 X107.919 Y103.66 E377.38384
G1 X107.437 Y105.101 E377.40289
G1 X107.204 Y106.284 E377.41801
G1 X107.125 Y107.506 E377.43337
G1 X107.204 Y108.714 E377.44855
G1 X107.437 Y109.899 E377.46369
G1 X107.921 Y111.345 E377.48282
G1 X108.83 Y112.935 E377.50578
G1 X109.813 Y114.072 E377.52463
G1 X110.726 Y114.888 E377.53999
G1 X111.725 Y115.571 E377.55516
G1 X112.808 Y116.121 E377.5704
G1 X113.945 Y116.522 E377.58551
G1 X115.137 Y116.777 E377.6008
G1 X116.355 Y116.877 E377.61613
G0 F15000 X116.354 Y116.579
G0 X116.296 Y113.714
G0 X116.33 Y113.418
G1 F3251.3 X115.336 Y113.306 E377.62867
G1 X114.341 Y113.013 E377.64168
G1 X113.371 Y112.525 E377.65529
G1 X112.554 Y111.912 E377.6681
G1 X111.859 Y111.172 E377.68083
G1 X111.285 Y110.298 E377.69395
G1 X110.864 Y109.304 E377.70748
G1 X110.633 Y108.28 E377.72065
G1 X110.588 Y107.704 E377.72789
G1 X110.633 Y106.722 E377.74022
G1 X110.724 Y106.215 E377.74668
G1 X111.042 Y105.209 E377.75991
G1 X111.281 Y104.707 E377.76688
G1 X111.857 Y103.829 E377.78005
G1 X112.55 Y103.09 E377.79276
G1 X113.374 Y102.473 E377.80567
G1 X114.585 Y101.868 E377.82264
G1 X115.861 Y101.613 E377.83896
G1 X116.415 Y101.581 E377.84592
G1 X117.412 Y101.648 E377.85845
G1 X118.454 Y101.909 E377.87192
G1 X119.383 Y102.326 E377.88469
G1 X120.257 Y102.92 E377.89794
G1 X120.985 Y103.631 E377.9107
G1 X121.602 Y104.486 E377.92393
G1 X122.055 Y105.443 E377.9372
G1 X122.329 Y106.447 E377.95025
G1 X122.423 Y107.5 E377.96351
G1 X122.334 Y108.524 E377.9764
G1 X122.058 Y109.555 E377.98979
G1 X121.601 Y110.514 E378.00311
G1 X121.01 Y111.34 E378.01584
G1 X120.257 Y112.081 E378.02909
G1 X119.391 Y112.672 E378.04224
G1 X118.417 Y113.103 E378.0556
G1 X117.432 Y113.349 E378.06833
G1 X116.33 Y113.418 E378.08218
M204 S3500
G0 F15000 X116.263 Y114.012
;MESH:NONMESH
G0 F600 X116.263 Y114.012 Z15.6
G0 F15000 X118.512 Y113.325
G0 X119.506 Y112.881
G0 X120.236 Y112.383
G0 X121.79 Y110.934
;TIME_ELAPSED:933.853970
;LAYER:77
;TYPE:FILL
;MESH:The cap.stl
G1 F4005.2 X120.571 Y115.485 E378.14126
G1 X120.824 Y115.367 E378.14476
G1 X121.802 Y114.745 E378.15929
G1 X122.858 Y113.859 E378.17658
G1 X120.954 Y111.955 E378.21035
G1 X121.319 Y111.596 E378.21677
G1 X121.945 Y110.72 E378.23027
G1 X122.435 Y109.695 E378.24452
G1 X122.724 Y108.626 E378.2584
G1 X122.824 Y107.5 E378.27258
G1 X122.795 Y107.185 E378.27655
G1 X124.019 Y102.616 E378.33586
G1 X124.325 Y103.047 E378.34249
G1 X124.913 Y104.358 E378.36051
G1 X125.159 Y105.179 E378.37126
G1 X122.584 Y105.869 E378.40469
G1 X122.43 Y105.302 E378.41206
G1 X122.108 Y104.624 E378.42147
G1 X125.455 Y107.971 E378.48083
G1 X125.332 Y109.237 E378.49678
G1 X124.915 Y110.632 E378.51504
G1 X124.497 Y111.568 E378.52789
G1 X119.92 Y112.794 E378.58731
G1 X119.583 Y113.026 E378.59244
G1 X118.543 Y113.484 E378.6067
G1 X117.498 Y113.744 E378.6202
G1 X116.36 Y113.824 E378.63451
G1 X115.246 Y113.695 E378.64857
G1 X114.869 Y113.584 E378.6535
G1 X114.178 Y116.162 E378.68697
G1 X115.201 Y116.382 E378.70009
G1 X116.358 Y116.477 E378.71465
G1 X116.96 Y116.447 E378.72221
G1 X113.61 Y113.097 E378.78162
G1 X113.19 Y112.889 E378.7875
G1 X112.286 Y112.211 E378.80167
G1 X111.52 Y111.396 E378.81569
G1 X110.935 Y110.491 E378.82921
G1 X110.881 Y110.368 E378.83089
G1 X107.555 Y107.041 E378.88989
G1 X107.527 Y107.506 E378.89573
G1 X107.601 Y108.666 E378.9103
G1 X107.832 Y109.822 E378.92509
G1 X110.414 Y109.13 E378.95861
G1 X110.236 Y108.335 E378.96883
G1 X110.193 Y107.852 E378.97491
G1 X108.978 Y112.388 E379.03379
G1 X109.158 Y112.704 E379.03835
G1 X110.1 Y113.792 E379.0564
G1 X110.972 Y114.572 E379.07107
G1 X111.623 Y115.017 E379.08096
G1 X116.166 Y113.8 E379.13994
G0 F15000 X114.241 Y113.233
G0 X113.266 Y112.745
G0 X112.395 Y112.093
G0 X111.65 Y111.298
G0 X111.056 Y110.384
G0 X110.632 Y109.376
G0 X110.398 Y108.334
G0 X110.393 Y106.706
G0 X110.815 Y105.131
G0 X112.043 Y103.045
G1 F4005.2 X110.15 Y101.151 E379.17352
G1 X109.156 Y102.301 E379.19259
G1 X108.512 Y103.428 E379.20886
G1 X113.055 Y102.21 E379.26785
G1 X112.283 Y102.791 E379.27996
G1 X111.522 Y103.601 E379.2939
G1 X111.199 Y104.096 E379.30131
G1 X112.426 Y99.52 E379.36072
G1 X112.962 Y99.249 E379.36826
G1 X114.055 Y98.863 E379.38279
G1 X115.201 Y98.618 E379.39749
G1 X116.033 Y98.549 E379.40796
G1 X119.362 Y101.878 E379.467
G1 X118.593 Y101.533 E379.47757
G1 X118.129 Y101.416 E379.48357
G1 X118.818 Y98.844 E379.51696
G1 X119.226 Y98.947 E379.52223
G1 X120.306 Y99.368 E379.53677
G1 X121.407 Y99.972 E379.55252
G1 X116.804 Y101.206 E379.61228
G1 X116.426 Y101.181 E379.61703
M204 S429
G1 F1500 E373.11703
G0 F15000 X114.479 Y101.647
G0 X113.263 Y102.257
G0 X112.391 Y102.91
G0 X111.647 Y103.705
G0 X111.066 Y104.603
G0 X110.496 Y106.131
G0 X110.347 Y107.753
G0 X110.632 Y109.376
G0 X111.056 Y110.384
G0 X111.65 Y111.298
G0 X112.395 Y112.093
G0 X113.266 Y112.745
G0 X114.241 Y113.233
G0 X116.303 Y113.715
G0 X116.381 Y113.019
;TYPE:WALL-OUTER
G1 F1500 E379.61703
G1 F3000 X115.412 Y112.911 E379.62926
G1 X114.475 Y112.636 E379.6415
G1 X113.615 Y112.206 E379.65356
G1 X112.82 Y111.614 E379.66599
G1 X112.161 Y110.91 E379.67808
G1 X111.633 Y110.1 E379.69021
G1 X111.243 Y109.177 E379.70278
G1 X111.029 Y108.224 E379.71502
G1 X110.988 Y107.749 E379.721
G1 X111.03 Y106.772 E379.73327
G1 X111.116 Y106.293 E379.73937
G1 X111.413 Y105.359 E379.75166
G1 X111.629 Y104.905 E379.75796
G1 X112.165 Y104.085 E379.77025
G1 X112.817 Y103.388 E379.78222
G1 X113.6 Y102.803 E379.79448
G1 X114.696 Y102.253 E379.80985
G1 X115.871 Y102.015 E379.82489
G1 X116.399 Y101.981 E379.83152
G1 X117.354 Y102.044 E379.84352
G1 X118.286 Y102.276 E379.85557
G1 X119.19 Y102.677 E379.86797
G1 X120 Y103.227 E379.88025
G1 X120.691 Y103.903 E379.89237
G1 X121.248 Y104.68 E379.90436
G1 X121.688 Y105.605 E379.91721
G1 X121.936 Y106.525 E379.92915
G1 X122.023 Y107.518 E379.94165
G1 X121.938 Y108.466 E379.95359
G1 X121.68 Y109.417 E379.96595
G1 X121.259 Y110.304 E379.97826
G1 X120.699 Y111.088 E379.99034
G1 X120 Y111.773 E380.00262
G1 X119.185 Y112.326 E380.01497
G1 X118.317 Y112.713 E380.02688
G1 X117.36 Y112.955 E380.03926
G1 X116.381 Y113.019 E380.05157
G0 F15000 X116.183 Y112.997
G0 X116.105 Y113.692
G0 X116.354 Y116.579
G0 X116.349 Y117.278
G1 F3000 X117.613 Y117.216 E380.06744
G1 X118.847 Y116.993 E380.08316
G1 X120.064 Y116.608 E380.09917
G1 X121.211 Y116.07 E380.11506
G1 X122.272 Y115.395 E380.13083
G1 X123.488 Y114.377 E380.15071
G1 X124.491 Y113.142 E380.17067
G1 X125.155 Y112.059 E380.1866
G1 X125.668 Y110.911 E380.20236
G1 X126.122 Y109.395 E380.22221
G1 X126.276 Y107.808 E380.2422
G1 X126.277 Y107.182 E380.25005
G1 X126.121 Y105.603 E380.26995
G1 X125.667 Y104.083 E380.28985
G1 X125.022 Y102.646 E380.3096
G1 X124.106 Y101.352 E380.32948
G1 X123.25 Y100.424 E380.34531
G1 X122.031 Y99.403 E380.36525
G1 X120.644 Y98.641 E380.3851
G1 X119.468 Y98.183 E380.40092
G1 X118.236 Y97.877 E380.41684
G1 X117.606 Y97.784 E380.42483
G1 X116.349 Y97.722 E380.44061
G1 X115.079 Y97.826 E380.45659
G1 X113.836 Y98.091 E380.47253
G1 X112.65 Y98.511 E380.48831
G1 X111.521 Y99.084 E380.50418
G1 X110.479 Y99.796 E380.52001
G1 X109.527 Y100.647 E380.53602
G1 X108.501 Y101.834 E380.5557
G1 X107.554 Y103.492 E380.57964
G1 X107.049 Y104.999 E380.59958
G1 X106.806 Y106.232 E380.61533
G1 X106.724 Y107.506 E380.63134
G1 X106.806 Y108.766 E380.64718
G1 X107.049 Y110.001 E380.66296
G1 X107.554 Y111.507 E380.68288
G1 X108.338 Y112.881 E380.70272
G1 X108.704 Y113.401 E380.71069
G1 X109.527 Y114.353 E380.72648
G1 X110.479 Y115.204 E380.74249
G1 X111.521 Y115.916 E380.75832
G1 X112.65 Y116.489 E380.77419
G1 X113.836 Y116.908 E380.78997
G1 X115.079 Y117.174 E380.80591
G1 X116.349 Y117.278 E380.82189
M204 S1500
G0 F15000 X116.548 Y117.269
G0 X116.355 Y116.877
;TYPE:WALL-INNER
G1 F3251.3 X117.567 Y116.818 E380.8371
G1 X118.751 Y116.604 E380.85219
G1 X119.918 Y116.234 E380.86754
G1 X121.018 Y115.718 E380.88278
G1 X122.035 Y115.071 E380.8979
G1 X123.202 Y114.095 E380.91697
G1 X124.164 Y112.91 E380.93612
G1 X124.8 Y111.872 E380.95138
G1 X125.292 Y110.771 E380.9665
G1 X125.728 Y109.315 E380.98556
G1 X125.905 Y107.488 E381.00858
G1 X125.727 Y105.683 E381.03133
G1 X125.291 Y104.223 E381.05044
G1 X124.673 Y102.845 E381.06937
G1 X123.794 Y101.604 E381.08845
G1 X122.973 Y100.714 E381.10363
G1 X121.804 Y99.735 E381.12275
G1 X120.474 Y99.004 E381.14178
G1 X119.347 Y98.565 E381.15695
G1 X117.861 Y98.196 E381.17615
G1 X116.355 Y98.123 E381.19506
G1 X115.137 Y98.222 E381.21038
G1 X113.945 Y98.477 E381.22567
G1 X112.808 Y98.879 E381.24079
G1 X111.725 Y99.429 E381.25603
G1 X110.726 Y100.112 E381.2712
G1 X109.813 Y100.928 E381.28656
G1 X108.827 Y102.07 E381.30548
G1 X107.919 Y103.66 E381.32844
G1 X107.437 Y105.101 E381.34749
G1 X107.204 Y106.284 E381.36261
G1 X107.125 Y107.506 E381.37797
G1 X107.204 Y108.714 E381.39315
G1 X107.437 Y109.899 E381.4083
G1 X107.921 Y111.345 E381.42742
G1 X108.83 Y112.935 E381.45039
G1 X109.813 Y114.072 E381.46924
G1 X110.726 Y114.888 E381.48459
G1 X111.725 Y115.571 E381.49977
G1 X112.808 Y116.121 E381.515
G1 X113.945 Y116.522 E381.53012
G1 X115.137 Y116.777 E381.5454
G1 X116.355 Y116.877 E381.56073
G0 F15000 X116.354 Y116.579
G0 X116.296 Y113.714
G0 X116.33 Y113.418
G1 F3251.3 X115.336 Y113.306 E381.57327
G1 X114.341 Y113.013 E381.58628
G1 X113.371 Y112.525 E381.5999
G1 X112.554 Y111.912 E381.61271
G1 X111.859 Y111.172 E381.62544
G1 X111.285 Y110.298 E381.63855
G1 X110.864 Y109.304 E381.65209
G1 X110.633 Y108.28 E381.66525
G1 X110.588 Y107.704 E381.6725
G1 X110.633 Y106.722 E381.68482
G1 X110.724 Y106.215 E381.69128
G1 X111.042 Y105.209 E381.70452
G1 X111.281 Y104.707 E381.71149
G1 X111.857 Y103.829 E381.72466
G1 X112.55 Y103.09 E381.73736
G1 X113.374 Y102.473 E381.75027
G1 X114.585 Y101.868 E381.76725
G1 X115.861 Y101.613 E381.78356
G1 X116.415 Y101.581 E381.79052
G1 X117.412 Y101.648 E381.80305
G1 X118.454 Y101.909 E381.81652
G1 X119.383 Y102.326 E381.82929
G1 X120.257 Y102.92 E381.84255
G1 X120.985 Y103.631 E381.85531
G1 X121.602 Y104.486 E381.86853
G1 X122.055 Y105.443 E381.88181
G1 X122.329 Y106.447 E381.89486
G1 X122.423 Y107.5 E381.90812
G1 X122.334 Y108.524 E381.92101
G1 X122.058 Y109.555 E381.93439
G1 X121.601 Y110.514 E381.94771
G1 X121.01 Y111.34 E381.96045
G1 X120.257 Y112.081 E381.9737
G1 X119.391 Y112.672 E381.98684
G1 X118.417 Y113.103 E382.0002
G1 X117.432 Y113.349 E382.01293
G1 X116.33 Y113.418 E382.02678
M204 S3500
G0 F15000 X116.263 Y114.012
;MESH:NONMESH
G0 F600 X116.263 Y114.012 Z15.8
G0 F15000 X118.512 Y113.325
G0 X119.506 Y112.881
G0 X120.236 Y112.383
G0 X121.79 Y110.934
;TIME_ELAPSED:941.512236
;LAYER:78
;TYPE:FILL
;MESH:The cap.stl
G1 F4005.2 X120.571 Y115.485 E382.08586
G1 X120.824 Y115.367 E382.08936
G1 X121.802 Y114.745 E382.1039
G1 X122.858 Y113.859 E382.12118
G1 X120.954 Y111.955 E382.15495
G1 X121.319 Y111.596 E382.16137
G1 X121.945 Y110.72 E382.17487
G1 X122.435 Y109.695 E382.18912
G1 X122.724 Y108.626 E382.20301
G1 X122.824 Y107.5 E382.21718
G1 X122.795 Y107.185 E382.22115
G1 X124.019 Y102.616 E382.28047
G1 X124.325 Y103.047 E382.2871
G1 X124.913 Y104.358 E382.30511
G1 X125.159 Y105.179 E382.31586
G1 X122.584 Y105.869 E382.34929
G1 X122.43 Y105.302 E382.35666
G1 X122.108 Y104.624 E382.36607
G1 X125.455 Y107.971 E382.42543
G1 X125.332 Y109.237 E382.44138
G1 X124.915 Y110.632 E382.45964
G1 X124.497 Y111.568 E382.4725
G1 X119.92 Y112.794 E382.53192
G1 X119.583 Y113.026 E382.53705
G1 X118.543 Y113.484 E382.5513
G1 X117.498 Y113.744 E382.5648
G1 X116.36 Y113.824 E382.57911
G1 X115.246 Y113.695 E382.59317
G1 X114.869 Y113.584 E382.5981
G1 X114.178 Y116.162 E382.63157
G1 X115.201 Y116.382 E382.64469
G1 X116.358 Y116.477 E382.65925
G1 X116.96 Y116.447 E382.66681
G1 X113.61 Y113.097 E382.72622
G1 X113.19 Y112.889 E382.7321
G1 X112.286 Y112.211 E382.74627
G1 X111.52 Y111.396 E382.7603
G1 X110.935 Y110.491 E382.77381
G1 X110.881 Y110.368 E382.77549
G1 X107.555 Y107.041 E382.83449
G1 X107.527 Y107.506 E382.84033
G1 X107.601 Y108.666 E382.85491
G1 X107.832 Y109.822 E382.86969
G1 X110.414 Y109.13 E382.90321
G1 X110.236 Y108.335 E382.91343
G1 X110.193 Y107.852 E382.91951
G1 X108.978 Y112.388 E382.9784
G1 X109.158 Y112.704 E382.98296
G1 X110.1 Y113.792 E383.00101
G1 X110.972 Y114.572 E383.01568
G1 X111.623 Y115.017 E383.02557
G1 X116.166 Y113.8 E383.08455
G0 F15000 X114.241 Y113.233
G0 X113.266 Y112.745
G0 X112.395 Y112.093
G0 X111.65 Y111.298
G0 X111.056 Y110.384
G0 X110.632 Y109.376
G0 X110.398 Y108.334
G0 X110.393 Y106.706
G0 X110.815 Y105.131
G0 X112.043 Y103.045
G1 F4005.2 X110.15 Y101.151 E383.11813
G1 X109.156 Y102.301 E383.13719
G1 X108.512 Y103.428 E383.15347
G1 X113.055 Y102.21 E383.21245
G1 X112.283 Y102.791 E383.22457
G1 X111.522 Y103.601 E383.2385
G1 X111.199 Y104.096 E383.24592
G1 X112.426 Y99.52 E383.30533
G1 X112.962 Y99.249 E383.31286
G1 X114.055 Y98.863 E383.3274
G1 X115.201 Y98.618 E383.34209
G1 X116.033 Y98.549 E383.35256
G1 X119.362 Y101.878 E383.4116
G1 X118.593 Y101.533 E383.42217
G1 X118.129 Y101.416 E383.42817
G1 X118.818 Y98.844 E383.46156
G1 X119.226 Y98.947 E383.46684
G1 X120.306 Y99.368 E383.48137
G1 X121.407 Y99.972 E383.49712
G1 X116.804 Y101.206 E383.55688
G1 X116.426 Y101.181 E383.56163
M204 S429
G1 F1500 E377.06163
G0 F15000 X114.479 Y101.647
G0 X113.263 Y102.257
G0 X112.391 Y102.91
G0 X111.647 Y103.705
G0 X111.066 Y104.603
G0 X110.496 Y106.131
G0 X110.347 Y107.753
G0 X110.632 Y109.376
G0 X111.056 Y110.384
G0 X111.65 Y111.298
G0 X112.395 Y112.093
G0 X113.266 Y112.745
G0 X114.241 Y113.233
G0 X116.303 Y113.715
G0 X116.381 Y113.019
;TYPE:WALL-OUTER
G1 F1500 E383.56163
G1 F3000 X115.412 Y112.911 E383.57386
G1 X114.475 Y112.636 E383.58611
G1 X113.615 Y112.206 E383.59817
G1 X112.82 Y111.614 E383.6106
G1 X112.161 Y110.91 E383.62269
G1 X111.633 Y110.1 E383.63481
G1 X111.243 Y109.177 E383.64738
G1 X111.029 Y108.224 E383.65963
G1 X110.988 Y107.749 E383.66561
G1 X111.03 Y106.772 E383.67787
G1 X111.116 Y106.293 E383.68397
G1 X111.413 Y105.359 E383.69626
G1 X111.629 Y104.905 E383.70257
G1 X112.165 Y104.085 E383.71485
G1 X112.817 Y103.388 E383.72682
G1 X113.6 Y102.803 E383.73908
G1 X114.696 Y102.253 E383.75446
G1 X115.871 Y102.015 E383.76949
G1 X116.399 Y101.981 E383.77613
G1 X117.354 Y102.044 E383.78813
G1 X118.286 Y102.276 E383.80017
G1 X119.19 Y102.677 E383.81257
G1 X120 Y103.227 E383.82485
G1 X120.691 Y103.903 E383.83697
G1 X121.248 Y104.68 E383.84896
G1 X121.688 Y105.605 E383.86181
G1 X121.936 Y106.525 E383.87376
G1 X122.023 Y107.518 E383.88626
G1 X121.938 Y108.466 E383.89819
G1 X121.68 Y109.417 E383.91055
G1 X121.259 Y110.304 E383.92286
G1 X120.699 Y111.088 E383.93495
G1 X120 Y111.773 E383.94722
G1 X119.185 Y112.326 E383.95957
G1 X118.317 Y112.713 E383.97149
G1 X117.36 Y112.955 E383.98387
G1 X116.381 Y113.019 E383.99617
G0 F15000 X116.183 Y112.997
G0 X116.105 Y113.692
G0 X116.354 Y116.579
G0 X116.349 Y117.278
G1 F3000 X117.613 Y117.216 E384.01204
G1 X118.847 Y116.993 E384.02777
G1 X120.064 Y116.608 E384.04377
G1 X121.211 Y116.07 E384.05966
G1 X122.272 Y115.395 E384.07543
G1 X123.488 Y114.377 E384.09532
G1 X124.491 Y113.142 E384.11527
G1 X125.155 Y112.059 E384.1312
G1 X125.668 Y110.911 E384.14697
G1 X126.122 Y109.395 E384.16681
G1 X126.276 Y107.808 E384.18681
G1 X126.277 Y107.182 E384.19466
G1 X126.121 Y105.603 E384.21456
G1 X125.667 Y104.083 E384.23445
G1 X125.022 Y102.646 E384.2542
G1 X124.106 Y101.352 E384.27408
G1 X123.25 Y100.424 E384.28992
G1 X122.031 Y99.403 E384.30986
G1 X120.644 Y98.641 E384.3297
G1 X119.468 Y98.183 E384.34553
G1 X118.236 Y97.877 E384.36145
G1 X117.606 Y97.784 E384.36943
G1 X116.349 Y97.722 E384.38522
G1 X115.079 Y97.826 E384.4012
G1 X113.836 Y98.091 E384.41713
G1 X112.65 Y98.511 E384.43291
G1 X111.521 Y99.084 E384.44879
G1 X110.479 Y99.796 E384.46461
G1 X109.527 Y100.647 E384.48063
G1 X108.501 Y101.834 E384.5003
G1 X107.554 Y103.492 E384.52425
G1 X107.049 Y104.999 E384.54418
G1 X106.806 Y106.232 E384.55994
G1 X106.724 Y107.506 E384.57595
G1 X106.806 Y108.766 E384.59178
G1 X107.049 Y110.001 E384.60757
G1 X107.554 Y111.507 E384.62749
G1 X108.338 Y112.881 E384.64732
G1 X108.704 Y113.401 E384.6553
G1 X109.527 Y114.353 E384.67108
G1 X110.479 Y115.204 E384.68709
G1 X111.521 Y115.916 E384.70292
G1 X112.65 Y116.489 E384.7188
G1 X113.836 Y116.908 E384.73457
G1 X115.079 Y117.174 E384.75051
G1 X116.349 Y117.278 E384.76649
M204 S1500
G0 F15000 X116.548 Y117.269
G0 X116.355 Y116.877
;TYPE:WALL-INNER
G1 F3251.3 X117.567 Y116.818 E384.78171
G1 X118.751 Y116.604 E384.79679
G1 X119.918 Y116.234 E384.81215
G1 X121.018 Y115.718 E384.82738
G1 X122.035 Y115.071 E384.8425
G1 X123.202 Y114.095 E384.86158
G1 X124.164 Y112.91 E384.88072
G1 X124.8 Y111.872 E384.89598
G1 X125.292 Y110.771 E384.91111
G1 X125.728 Y109.315 E384.93017
G1 X125.905 Y107.488 E384.95319
G1 X125.727 Y105.683 E384.97593
G1 X125.291 Y104.223 E384.99504
G1 X124.673 Y102.845 E385.01398
G1 X123.794 Y101.604 E385.03305
G1 X122.973 Y100.714 E385.04823
G1 X121.804 Y99.735 E385.06735
G1 X120.474 Y99.004 E385.08639
G1 X119.347 Y98.565 E385.10155
G1 X117.861 Y98.196 E385.12075
G1 X116.355 Y98.123 E385.13966
G1 X115.137 Y98.222 E385.15499
G1 X113.945 Y98.477 E385.17027
G1 X112.808 Y98.879 E385.1854
G1 X111.725 Y99.429 E385.20063
G1 X110.726 Y100.112 E385.21581
G1 X109.813 Y100.928 E385.23116
G1 X108.827 Y102.07 E385.25008
G1 X107.919 Y103.66 E385.27304
G1 X107.437 Y105.101 E385.2921
G1 X107.204 Y106.284 E385.30722
G1 X107.125 Y107.506 E385.32257
G1 X107.204 Y108.714 E385.33776
G1 X107.437 Y109.899 E385.3529
G1 X107.921 Y111.345 E385.37202
G1 X108.83 Y112.935 E385.39499
G1 X109.813 Y114.072 E385.41384
G1 X110.726 Y114.888 E385.42919
G1 X111.725 Y115.571 E385.44437
G1 X112.808 Y116.121 E385.4596
G1 X113.945 Y116.522 E385.47472
G1 X115.137 Y116.777 E385.49001
G1 X116.355 Y116.877 E385.50533
G0 F15000 X116.354 Y116.579
G0 X116.296 Y113.714
G0 X116.33 Y113.418
G1 F3251.3 X115.336 Y113.306 E385.51788
G1 X114.341 Y113.013 E385.53088
G1 X113.371 Y112.525 E385.5445
G1 X112.554 Y111.912 E385.55731
G1 X111.859 Y111.172 E385.57004
G1 X111.285 Y110.298 E385.58315
G1 X110.864 Y109.304 E385.59669
G1 X110.633 Y108.28 E385.60986
G1 X110.588 Y107.704 E385.6171
G1 X110.633 Y106.722 E385.62943
G1 X110.724 Y106.215 E385.63589
G1 X111.042 Y105.209 E385.64912
G1 X111.281 Y104.707 E385.65609
G1 X111.857 Y103.829 E385.66926
G1 X112.55 Y103.09 E385.68196
G1 X113.374 Y102.473 E385.69487
G1 X114.585 Y101.868 E385.71185
G1 X115.861 Y101.613 E385.72817
G1 X116.415 Y101.581 E385.73513
G1 X117.412 Y101.648 E385.74766
G1 X118.454 Y101.909 E385.76113
G1 X119.383 Y102.326 E385.7739
G1 X120.257 Y102.92 E385.78715
G1 X120.985 Y103.631 E385.79991
G1 X121.602 Y104.486 E385.81313
G1 X122.055 Y105.443 E385.82641
G1 X122.329 Y106.447 E385.83946
G1 X122.423 Y107.5 E385.85272
G1 X122.334 Y108.524 E385.86561
G1 X122.058 Y109.555 E385.87899
G1 X121.601 Y110.514 E385.89231
G1 X121.01 Y111.34 E385.90505
G1 X120.257 Y112.081 E385.9183
G1 X119.391 Y112.672 E385.93145
G1 X118.417 Y113.103 E385.9448
G1 X117.432 Y113.349 E385.95754
G1 X116.33 Y113.418 E385.97138
M204 S3500
G0 F15000 X116.263 Y114.012
;MESH:NONMESH
G0 F600 X116.263 Y114.012 Z16
G0 F15000 X118.512 Y113.325
G0 X119.506 Y112.881
G0 X120.236 Y112.383
G0 X121.79 Y110.934
;TIME_ELAPSED:949.170501
;LAYER:79
;TYPE:FILL
;MESH:The cap.stl
G1 F4005.2 X120.571 Y115.485 E386.03047
G1 X120.824 Y115.367 E386.03397
G1 X121.802 Y114.745 E386.0485
G1 X122.858 Y113.859 E386.06579
G1 X120.954 Y111.955 E386.09955
G1 X121.319 Y111.596 E386.10597
G1 X121.945 Y110.72 E386.11948
G1 X122.435 Y109.695 E386.13372
G1 X122.724 Y108.626 E386.14761
G1 X122.824 Y107.5 E386.16179
G1 X122.795 Y107.185 E386.16575
G1 X124.019 Y102.616 E386.22507
G1 X124.325 Y103.047 E386.2317
G1 X124.913 Y104.358 E386.24972
G1 X125.159 Y105.179 E386.26047
G1 X122.584 Y105.869 E386.2939
G1 X122.43 Y105.302 E386.30126
G1 X122.108 Y104.624 E386.31068
G1 X125.455 Y107.971 E386.37004
G1 X125.332 Y109.237 E386.38599
G1 X124.915 Y110.632 E386.40425
G1 X124.497 Y111.568 E386.4171
G1 X119.92 Y112.794 E386.47652
G1 X119.583 Y113.026 E386.48165
G1 X118.543 Y113.484 E386.4959
G1 X117.498 Y113.744 E386.50941
G1 X116.36 Y113.824 E386.52371
G1 X115.246 Y113.695 E386.53778
G1 X114.869 Y113.584 E386.5427
G1 X114.178 Y116.162 E386.57617
G1 X115.201 Y116.382 E386.5893
G1 X116.358 Y116.477 E386.60385
G1 X116.96 Y116.447 E386.61141
G1 X113.61 Y113.097 E386.67082
G1 X113.19 Y112.889 E386.6767
G1 X112.286 Y112.211 E386.69087
G1 X111.52 Y111.396 E386.7049
G1 X110.935 Y110.491 E386.71841
G1 X110.881 Y110.368 E386.7201
G1 X107.555 Y107.041 E386.77909
G1 X107.527 Y107.506 E386.78493
G1 X107.601 Y108.666 E386.79951
G1 X107.832 Y109.822 E386.81429
G1 X110.414 Y109.13 E386.84782
G1 X110.236 Y108.335 E386.85803
G1 X110.193 Y107.852 E386.86411
G1 X108.978 Y112.388 E386.923
G1 X109.158 Y112.704 E386.92756
G1 X110.1 Y113.792 E386.94561
G1 X110.972 Y114.572 E386.96028
G1 X111.623 Y115.017 E386.97017
G1 X116.166 Y113.8 E387.02915
G0 F15000 X114.241 Y113.233
G0 X113.266 Y112.745
G0 X112.395 Y112.093
G0 X111.65 Y111.298
G0 X111.056 Y110.384
G0 X110.632 Y109.376
G0 X110.398 Y108.334
G0 X110.393 Y106.706
G0 X110.815 Y105.131
G0 X112.043 Y103.045
G1 F4005.2 X110.15 Y101.151 E387.06273
G1 X109.156 Y102.301 E387.08179
G1 X108.512 Y103.428 E387.09807
G1 X113.055 Y102.21 E387.15705
G1 X112.283 Y102.791 E387.16917
G1 X111.522 Y103.601 E387.18311
G1 X111.199 Y104.096 E387.19052
G1 X112.426 Y99.52 E387.24993
G1 X112.962 Y99.249 E387.25746
G1 X114.055 Y98.863 E387.272
G1 X115.201 Y98.618 E387.28669
G1 X116.033 Y98.549 E387.29716
G1 X119.362 Y101.878 E387.3562
G1 X118.593 Y101.533 E387.36677
G1 X118.129 Y101.416 E387.37277
G1 X118.818 Y98.844 E387.40616
G1 X119.226 Y98.947 E387.41144
G1 X120.306 Y99.368 E387.42598
G1 X121.407 Y99.972 E387.44173
G1 X116.804 Y101.206 E387.50149
G1 X116.426 Y101.181 E387.50624
M204 S429
G1 F1500 E381.00624
G0 F15000 X114.479 Y101.647
G0 X113.263 Y102.257
G0 X112.391 Y102.91
G0 X111.647 Y103.705
G0 X111.066 Y104.603
G0 X110.496 Y106.131
G0 X110.347 Y107.753
G0 X110.632 Y109.376
G0 X111.056 Y110.384
G0 X111.65 Y111.298
G0 X112.395 Y112.093
G0 X113.266 Y112.745
G0 X114.241 Y113.233
G0 X116.303 Y113.715
G0 X116.381 Y113.019
;TYPE:WALL-OUTER
G1 F1500 E387.50624
G1 F3000 X115.412 Y112.911 E387.51846
G1 X114.475 Y112.636 E387.53071
G1 X113.615 Y112.206 E387.54277
G1 X112.82 Y111.614 E387.5552
G1 X112.161 Y110.91 E387.56729
G1 X111.633 Y110.1 E387.57942
G1 X111.243 Y109.177 E387.59198
G1 X111.029 Y108.224 E387.60423
G1 X110.988 Y107.749 E387.61021
G1 X111.03 Y106.772 E387.62247
G1 X111.116 Y106.293 E387.62858
G1 X111.413 Y105.359 E387.64087
G1 X111.629 Y104.905 E387.64717
G1 X112.165 Y104.085 E387.65946
G1 X112.817 Y103.388 E387.67143
G1 X113.6 Y102.803 E387.68368
G1 X114.696 Y102.253 E387.69906
G1 X115.871 Y102.015 E387.71409
G1 X116.399 Y101.981 E387.72073
G1 X117.354 Y102.044 E387.73273
G1 X118.286 Y102.276 E387.74478
G1 X119.19 Y102.677 E387.75718
G1 X120 Y103.227 E387.76946
G1 X120.691 Y103.903 E387.78158
G1 X121.248 Y104.68 E387.79357
G1 X121.688 Y105.605 E387.80641
G1 X121.936 Y106.525 E387.81836
G1 X122.023 Y107.518 E387.83086
G1 X121.938 Y108.466 E387.8428
G1 X121.68 Y109.417 E387.85515
G1 X121.259 Y110.304 E387.86747
G1 X120.699 Y111.088 E387.87955
G1 X120 Y111.773 E387.89182
G1 X119.185 Y112.326 E387.90417
G1 X118.317 Y112.713 E387.91609
G1 X117.36 Y112.955 E387.92847
G1 X116.381 Y113.019 E387.94077
G0 F15000 X116.183 Y112.997
G0 X116.105 Y113.692
G0 X116.354 Y116.579
G0 X116.349 Y117.278
G1 F3000 X117.613 Y117.216 E387.95664
G1 X118.847 Y116.993 E387.97237
G1 X120.064 Y116.608 E387.98838
G1 X121.211 Y116.07 E388.00426
G1 X122.272 Y115.395 E388.02003
G1 X123.488 Y114.377 E388.03992
G1 X124.491 Y113.142 E388.05987
G1 X125.155 Y112.059 E388.0758
G1 X125.668 Y110.911 E388.09157
G1 X126.122 Y109.395 E388.11142
G1 X126.276 Y107.808 E388.13141
G1 X126.277 Y107.182 E388.13926
G1 X126.121 Y105.603 E388.15916
G1 X125.667 Y104.083 E388.17905
G1 X125.022 Y102.646 E388.19881
G1 X124.106 Y101.352 E388.21869
G1 X123.25 Y100.424 E388.23452
G1 X122.031 Y99.403 E388.25446
G1 X120.644 Y98.641 E388.2743
G1 X119.468 Y98.183 E388.29013
G1 X118.236 Y97.877 E388.30605
G1 X117.606 Y97.784 E388.31404
G1 X116.349 Y97.722 E388.32982
G1 X115.079 Y97.826 E388.3458
G1 X113.836 Y98.091 E388.36174
G1 X112.65 Y98.511 E388.37751
G1 X111.521 Y99.084 E388.39339
G1 X110.479 Y99.796 E388.40922
G1 X109.527 Y100.647 E388.42523
G1 X108.501 Y101.834 E388.44491
G1 X107.554 Y103.492 E388.46885
G1 X107.049 Y104.999 E388.48878
G1 X106.806 Y106.232 E388.50454
G1 X106.724 Y107.506 E388.52055
G1 X106.806 Y108.766 E388.53639
G1 X107.049 Y110.001 E388.55217
G1 X107.554 Y111.507 E388.57209
G1 X108.338 Y112.881 E388.59193
G1 X108.704 Y113.401 E388.5999
G1 X109.527 Y114.353 E388.61568
G1 X110.479 Y115.204 E388.6317
G1 X111.521 Y115.916 E388.64752
G1 X112.65 Y116.489 E388.6634
G1 X113.836 Y116.908 E388.67917
G1 X115.079 Y117.174 E388.69511
G1 X116.349 Y117.278 E388.71109
M204 S1500
G0 F15000 X116.548 Y117.269
G0 X116.355 Y116.877
;TYPE:WALL-INNER
G1 F3251.3 X117.567 Y116.818 E388.72631
G1 X118.751 Y116.604 E388.7414
G1 X119.918 Y116.234 E388.75675
G1 X121.018 Y115.718 E388.77199
G1 X122.035 Y115.071 E388.7871
G1 X123.202 Y114.095 E388.80618
G1 X124.164 Y112.91 E388.82532
G1 X124.8 Y111.872 E388.84059
G1 X125.292 Y110.771 E388.85571
G1 X125.728 Y109.315 E388.87477
G1 X125.905 Y107.488 E388.89779
G1 X125.727 Y105.683 E388.92053
G1 X125.291 Y104.223 E388.93964
G1 X124.673 Y102.845 E388.95858
G1 X123.794 Y101.604 E388.97765
G1 X122.973 Y100.714 E388.99284
G1 X121.804 Y99.735 E389.01196
G1 X120.474 Y99.004 E389.03099
G1 X119.347 Y98.565 E389.04616
G1 X117.861 Y98.196 E389.06536
G1 X116.355 Y98.123 E389.08427
G1 X115.137 Y98.222 E389.09959
G1 X113.945 Y98.477 E389.11488
G1 X112.808 Y98.879 E389.13
G1 X111.725 Y99.429 E389.14523
G1 X110.726 Y100.112 E389.16041
G1 X109.813 Y100.928 E389.17576
G1 X108.827 Y102.07 E389.19468
G1 X107.919 Y103.66 E389.21765
G1 X107.437 Y105.101 E389.2367
G1 X107.204 Y106.284 E389.25182
G1 X107.125 Y107.506 E389.26718
G1 X107.204 Y108.714 E389.28236
G1 X107.437 Y109.899 E389.2975
G1 X107.921 Y111.345 E389.31663
G1 X108.83 Y112.935 E389.33959
G1 X109.813 Y114.072 E389.35844
G1 X110.726 Y114.888 E389.3738
G1 X111.725 Y115.571 E389.38897
G1 X112.808 Y116.121 E389.40421
G1 X113.945 Y116.522 E389.41932
G1 X115.137 Y116.777 E389.43461
G1 X116.355 Y116.877 E389.44994
G0 F15000 X116.354 Y116.579
G0 X116.296 Y113.714
G0 X116.33 Y113.418
G1 F3251.3 X115.336 Y113.306 E389.46248
G1 X114.341 Y113.013 E389.47549
G1 X113.371 Y112.525 E389.48911
G1 X112.554 Y111.912 E389.50191
G1 X111.859 Y111.172 E389.51464
G1 X111.285 Y110.298 E389.52776
G1 X110.864 Y109.304 E389.54129
G1 X110.633 Y108.28 E389.55446
G1 X110.588 Y107.704 E389.5617
G1 X110.633 Y106.722 E389.57403
G1 X110.724 Y106.215 E389.58049
G1 X111.042 Y105.209 E389.59372
G1 X111.281 Y104.707 E389.60069
G1 X111.857 Y103.829 E389.61386
G1 X112.55 Y103.09 E389.62657
G1 X113.374 Y102.473 E389.63948
G1 X114.585 Y101.868 E389.65645
G1 X115.861 Y101.613 E389.67277
G1 X116.415 Y101.581 E389.67973
G1 X117.412 Y101.648 E389.69226
G1 X118.454 Y101.909 E389.70573
G1 X119.383 Y102.326 E389.7185
G1 X120.257 Y102.92 E389.73175
G1 X120.985 Y103.631 E389.74451
G1 X121.602 Y104.486 E389.75774
G1 X122.055 Y105.443 E389.77101
G1 X122.329 Y106.447 E389.78406
G1 X122.423 Y107.5 E389.79732
G1 X122.334 Y108.524 E389.81021
G1 X122.058 Y109.555 E389.8236
G1 X121.601 Y110.514 E389.83692
G1 X121.01 Y111.34 E389.84965
G1 X120.257 Y112.081 E389.8629
G1 X119.391 Y112.672 E389.87605
G1 X118.417 Y113.103 E389.88941
G1 X117.432 Y113.349 E389.90214
G1 X116.33 Y113.418 E389.91599
M204 S3500
G0 F15000 X116.263 Y114.012
;MESH:NONMESH
G0 F600 X116.263 Y114.012 Z16.2
G0 F15000 X118.512 Y113.325
G0 X119.506 Y112.881
G0 X120.236 Y112.383
G0 X121.79 Y110.934
;TIME_ELAPSED:956.828767
;LAYER:80
;TYPE:FILL
;MESH:The cap.stl
G1 F4005.2 X120.571 Y115.485 E389.97507
G1 X120.824 Y115.367 E389.97857
G1 X121.802 Y114.745 E389.9931
G1 X122.858 Y113.859 E390.01039
G1 X120.954 Y111.955 E390.04416
G1 X121.319 Y111.596 E390.05058
G1 X121.945 Y110.72 E390.06408
G1 X122.435 Y109.695 E390.07833
G1 X122.724 Y108.626 E390.09221
G1 X122.824 Y107.5 E390.10639
G1 X122.795 Y107.185 E390.11036
G1 X124.019 Y102.616 E390.16967
G1 X124.325 Y103.047 E390.1763
G1 X124.913 Y104.358 E390.19432
G1 X125.159 Y105.179 E390.20507
G1 X122.584 Y105.869 E390.2385
G1 X122.43 Y105.302 E390.24587
G1 X122.108 Y104.624 E390.25528
G1 X125.455 Y107.971 E390.31464
G1 X125.332 Y109.237 E390.33059
G1 X124.915 Y110.632 E390.34885
G1 X124.497 Y111.568 E390.3617
G1 X119.92 Y112.794 E390.42112
G1 X119.583 Y113.026 E390.42625
G1 X118.543 Y113.484 E390.44051
G1 X117.498 Y113.744 E390.45401
G1 X116.36 Y113.824 E390.46832
G1 X115.246 Y113.695 E390.48238
G1 X114.869 Y113.584 E390.48731
G1 X114.178 Y116.162 E390.52078
G1 X115.201 Y116.382 E390.5339
G1 X116.358 Y116.477 E390.54846
G1 X116.96 Y116.447 E390.55602
G1 X113.61 Y113.097 E390.61543
G1 X113.19 Y112.889 E390.62131
G1 X112.286 Y112.211 E390.63548
G1 X111.52 Y111.396 E390.6495
G1 X110.935 Y110.491 E390.66302
G1 X110.881 Y110.368 E390.6647
G1 X107.555 Y107.041 E390.7237
G1 X107.527 Y107.506 E390.72954
G1 X107.601 Y108.666 E390.74411
G1 X107.832 Y109.822 E390.7589
G1 X110.414 Y109.13 E390.79242
G1 X110.236 Y108.335 E390.80264
G1 X110.193 Y107.852 E390.80872
G1 X108.978 Y112.388 E390.8676
G1 X109.158 Y112.704 E390.87217
G1 X110.1 Y113.792 E390.89021
G1 X110.972 Y114.572 E390.90488
G1 X111.623 Y115.017 E390.91477
G1 X116.166 Y113.8 E390.97375
G0 F15000 X114.241 Y113.233
G0 X113.266 Y112.745
G0 X112.395 Y112.093
G0 X111.65 Y111.298
G0 X111.056 Y110.384
G0 X110.632 Y109.376
G0 X110.398 Y108.334
G0 X110.393 Y106.706
G0 X110.815 Y105.131
G0 X112.043 Y103.045
G1 F4005.2 X110.15 Y101.151 E391.00733
G1 X109.156 Y102.301 E391.0264
G1 X108.512 Y103.428 E391.04267
G1 X113.055 Y102.21 E391.10166
G1 X112.283 Y102.791 E391.11377
G1 X111.522 Y103.601 E391.12771
G1 X111.199 Y104.096 E391.13512
G1 X112.426 Y99.52 E391.19453
G1 X112.962 Y99.249 E391.20207
G1 X114.055 Y98.863 E391.2166
G1 X115.201 Y98.618 E391.2313
G1 X116.033 Y98.549 E391.24177
G1 X119.362 Y101.878 E391.30081
G1 X118.593 Y101.533 E391.31138
G1 X118.129 Y101.416 E391.31738
G1 X118.818 Y98.844 E391.35077
G1 X119.226 Y98.947 E391.35604
G1 X120.306 Y99.368 E391.37058
G1 X121.407 Y99.972 E391.38633
G1 X116.804 Y101.206 E391.44609
G1 X116.426 Y101.181 E391.45084
M204 S429
G1 F1500 E384.95084
G0 F15000 X114.479 Y101.647
G0 X113.263 Y102.257
G0 X112.391 Y102.91
G0 X111.647 Y103.705
G0 X111.066 Y104.603
G0 X110.496 Y106.131
G0 X110.347 Y107.753
G0 X110.632 Y109.376
G0 X111.056 Y110.384
G0 X111.65 Y111.298
G0 X112.395 Y112.093
G0 X113.266 Y112.745
G0 X114.241 Y113.233
G0 X116.303 Y113.715
G0 X116.381 Y113.019
;TYPE:WALL-OUTER
G1 F1500 E391.45084
G1 F3000 X115.412 Y112.911 E391.46307
G1 X114.475 Y112.636 E391.47531
G1 X113.615 Y112.206 E391.48737
G1 X112.82 Y111.614 E391.4998
G1 X112.161 Y110.91 E391.51189
G1 X111.633 Y110.1 E391.52402
G1 X111.243 Y109.177 E391.53659
G1 X111.029 Y108.224 E391.54883
G1 X110.988 Y107.749 E391.55481
G1 X111.03 Y106.772 E391.56708
G1 X111.116 Y106.293 E391.57318
G1 X111.413 Y105.359 E391.58547
G1 X111.629 Y104.905 E391.59177
G1 X112.165 Y104.085 E391.60406
G1 X112.817 Y103.388 E391.61603
G1 X113.6 Y102.803 E391.62829
G1 X114.696 Y102.253 E391.64366
G1 X115.871 Y102.015 E391.6587
G1 X116.399 Y101.981 E391.66533
G1 X117.354 Y102.044 E391.67733
G1 X118.286 Y102.276 E391.68938
G1 X119.19 Y102.677 E391.70178
G1 X120 Y103.227 E391.71406
G1 X120.691 Y103.903 E391.72618
G1 X121.248 Y104.68 E391.73817
G1 X121.688 Y105.605 E391.75102
G1 X121.936 Y106.525 E391.76296
G1 X122.023 Y107.518 E391.77546
G1 X121.938 Y108.466 E391.7874
G1 X121.68 Y109.417 E391.79976
G1 X121.259 Y110.304 E391.81207
G1 X120.699 Y111.088 E391.82415
G1 X120 Y111.773 E391.83643
G1 X119.185 Y112.326 E391.84878
G1 X118.317 Y112.713 E391.86069
G1 X117.36 Y112.955 E391.87307
G1 X116.381 Y113.019 E391.88538
G0 F15000 X116.183 Y112.997
G0 X116.105 Y113.692
G0 X116.354 Y116.579
G0 X116.349 Y117.278
G1 F3000 X117.613 Y117.216 E391.90125
G1 X118.847 Y116.993 E391.91697
G1 X120.064 Y116.608 E391.93298
G1 X121.211 Y116.07 E391.94887
G1 X122.272 Y115.395 E391.96464
G1 X123.488 Y114.377 E391.98452
G1 X124.491 Y113.142 E392.00448
G1 X125.155 Y112.059 E392.02041
G1 X125.668 Y110.911 E392.03617
G1 X126.122 Y109.395 E392.05602
G1 X126.276 Y107.808 E392.07601
G1 X126.277 Y107.182 E392.08386
G1 X126.121 Y105.603 E392.10376
G1 X125.667 Y104.083 E392.12366
G1 X125.022 Y102.646 E392.14341
G1 X124.106 Y101.352 E392.16329
G1 X123.25 Y100.424 E392.17912
G1 X122.031 Y99.403 E392.19906
G1 X120.644 Y98.641 E392.21891
G1 X119.468 Y98.183 E392.23473
G1 X118.236 Y97.877 E392.25065
G1 X117.606 Y97.784 E392.25864
G1 X116.349 Y97.722 E392.27442
G1 X115.079 Y97.826 E392.2904
G1 X113.836 Y98.091 E392.30634
G1 X112.65 Y98.511 E392.32212
G1 X111.521 Y99.084 E392.338
G1 X110.479 Y99.796 E392.35382
G1 X109.527 Y100.647 E392.36983
G1 X108.501 Y101.834 E392.38951
G1 X107.554 Y103.492 E392.41345
G1 X107.049 Y104.999 E392.43339
G1 X106.806 Y106.232 E392.44914
G1 X106.724 Y107.506 E392.46515
G1 X106.806 Y108.766 E392.48099
G1 X107.049 Y110.001 E392.49677
G1 X107.554 Y111.507 E392.51669
G1 X108.338 Y112.881 E392.53653
G1 X108.704 Y113.401 E392.5445
G1 X109.527 Y114.353 E392.56029
G1 X110.479 Y115.204 E392.5763
G1 X111.521 Y115.916 E392.59213
G1 X112.65 Y116.489 E392.608
G1 X113.836 Y116.908 E392.62378
G1 X115.079 Y117.174 E392.63972
G1 X116.349 Y117.278 E392.6557
M204 S1500
G0 F15000 X116.548 Y117.269
G0 X116.355 Y116.877
;TYPE:WALL-INNER
G1 F3251.3 X117.567 Y116.818 E392.67091
G1 X118.751 Y116.604 E392.686
G1 X119.918 Y116.234 E392.70135
G1 X121.018 Y115.718 E392.71659
G1 X122.035 Y115.071 E392.73171
G1 X123.202 Y114.095 E392.75078
G1 X124.164 Y112.91 E392.76993
G1 X124.8 Y111.872 E392.78519
G1 X125.292 Y110.771 E392.80031
G1 X125.728 Y109.315 E392.81937
G1 X125.905 Y107.488 E392.84239
G1 X125.727 Y105.683 E392.86514
G1 X125.291 Y104.223 E392.88425
G1 X124.673 Y102.845 E392.90318
G1 X123.794 Y101.604 E392.92226
G1 X122.973 Y100.714 E392.93744
G1 X121.804 Y99.735 E392.95656
G1 X120.474 Y99.004 E392.97559
G1 X119.347 Y98.565 E392.99076
G1 X117.861 Y98.196 E393.00996
G1 X116.355 Y98.123 E393.02887
G1 X115.137 Y98.222 E393.04419
G1 X113.945 Y98.477 E393.05948
G1 X112.808 Y98.879 E393.0746
G1 X111.725 Y99.429 E393.08984
G1 X110.726 Y100.112 E393.10501
G1 X109.813 Y100.928 E393.12037
G1 X108.827 Y102.07 E393.13929
G1 X107.919 Y103.66 E393.16225
G1 X107.437 Y105.101 E393.1813
G1 X107.204 Y106.284 E393.19642
G1 X107.125 Y107.506 E393.21178
G1 X107.204 Y108.714 E393.22696
G1 X107.437 Y109.899 E393.24211
G1 X107.921 Y111.345 E393.26123
G1 X108.83 Y112.935 E393.2842
G1 X109.813 Y114.072 E393.30305
G1 X110.726 Y114.888 E393.3184
G1 X111.725 Y115.571 E393.33358
G1 X112.808 Y116.121 E393.34881
G1 X113.945 Y116.522 E393.36393
G1 X115.137 Y116.777 E393.37921
G1 X116.355 Y116.877 E393.39454
G0 F15000 X116.354 Y116.579
G0 X116.296 Y113.714
G0 X116.33 Y113.418
G1 F3251.3 X115.336 Y113.306 E393.40708
G1 X114.341 Y113.013 E393.42009
G1 X113.371 Y112.525 E393.43371
G1 X112.554 Y111.912 E393.44652
G1 X111.859 Y111.172 E393.45925
G1 X111.285 Y110.298 E393.47236
G1 X110.864 Y109.304 E393.4859
G1 X110.633 Y108.28 E393.49906
G1 X110.588 Y107.704 E393.50631
G1 X110.633 Y106.722 E393.51863
G1 X110.724 Y106.215 E393.52509
G1 X111.042 Y105.209 E393.53833
G1 X111.281 Y104.707 E393.5453
G1 X111.857 Y103.829 E393.55847
G1 X112.55 Y103.09 E393.57117
G1 X113.374 Y102.473 E393.58408
G1 X114.585 Y101.868 E393.60106
G1 X115.861 Y101.613 E393.61737
G1 X116.415 Y101.581 E393.62433
G1 X117.412 Y101.648 E393.63686
G1 X118.454 Y101.909 E393.65033
G1 X119.383 Y102.326 E393.6631
G1 X120.257 Y102.92 E393.67636
G1 X120.985 Y103.631 E393.68912
G1 X121.602 Y104.486 E393.70234
G1 X122.055 Y105.443 E393.71562
G1 X122.329 Y106.447 E393.72867
G1 X122.423 Y107.5 E393.74193
G1 X122.334 Y108.524 E393.75482
G1 X122.058 Y109.555 E393.7682
G1 X121.601 Y110.514 E393.78152
G1 X121.01 Y111.34 E393.79426
G1 X120.257 Y112.081 E393.80751
G1 X119.391 Y112.672 E393.82065
G1 X118.417 Y113.103 E393.83401
G1 X117.432 Y113.349 E393.84674
G1 X116.33 Y113.418 E393.86059
M204 S3500
G0 F15000 X116.263 Y114.012
;MESH:NONMESH
G0 F600 X116.263 Y114.012 Z16.4
G0 F15000 X118.512 Y113.325
G0 X119.506 Y112.881
G0 X120.236 Y112.383
G0 X121.79 Y110.934
;TIME_ELAPSED:964.487033
;LAYER:81
;TYPE:FILL
;MESH:The cap.stl
G1 F4005.2 X120.571 Y115.485 E393.91967
G1 X120.824 Y115.367 E393.92317
G1 X121.802 Y114.745 E393.93771
G1 X122.858 Y113.859 E393.95499
G1 X120.954 Y111.955 E393.98876
G1 X121.319 Y111.596 E393.99518
G1 X121.945 Y110.72 E394.00868
G1 X122.435 Y109.695 E394.02293
G1 X122.724 Y108.626 E394.03682
G1 X122.824 Y107.5 E394.05099
G1 X122.795 Y107.185 E394.05496
G1 X124.019 Y102.616 E394.11428
G1 X124.325 Y103.047 E394.12091
G1 X124.913 Y104.358 E394.13892
G1 X125.159 Y105.179 E394.14967
G1 X122.584 Y105.869 E394.1831
G1 X122.43 Y105.302 E394.19047
G1 X122.108 Y104.624 E394.19988
G1 X125.455 Y107.971 E394.25924
G1 X125.332 Y109.237 E394.27519
G1 X124.915 Y110.632 E394.29345
G1 X124.497 Y111.568 E394.30631
G1 X119.92 Y112.794 E394.36573
G1 X119.583 Y113.026 E394.37086
G1 X118.543 Y113.484 E394.38511
G1 X117.498 Y113.744 E394.39861
G1 X116.36 Y113.824 E394.41292
G1 X115.246 Y113.695 E394.42698
G1 X114.869 Y113.584 E394.43191
G1 X114.178 Y116.162 E394.46538
G1 X115.201 Y116.382 E394.4785
G1 X116.358 Y116.477 E394.49306
G1 X116.96 Y116.447 E394.50062
G1 X113.61 Y113.097 E394.56003
G1 X113.19 Y112.889 E394.56591
G1 X112.286 Y112.211 E394.58008
G1 X111.52 Y111.396 E394.59411
G1 X110.935 Y110.491 E394.60762
G1 X110.881 Y110.368 E394.6093
G1 X107.555 Y107.041 E394.6683
G1 X107.527 Y107.506 E394.67414
G1 X107.601 Y108.666 E394.68872
G1 X107.832 Y109.822 E394.7035
G1 X110.414 Y109.13 E394.73702
G1 X110.236 Y108.335 E394.74724
G1 X110.193 Y107.852 E394.75332
G1 X108.978 Y112.388 E394.81221
G1 X109.158 Y112.704 E394.81677
G1 X110.1 Y113.792 E394.83482
G1 X110.972 Y114.572 E394.84949
G1 X111.623 Y115.017 E394.85938
G1 X116.166 Y113.8 E394.91836
G0 F15000 X114.241 Y113.233
G0 X113.266 Y112.745
G0 X112.395 Y112.093
G0 X111.65 Y111.298
G0 X111.056 Y110.384
G0 X110.632 Y109.376
G0 X110.398 Y108.334
G0 X110.393 Y106.706
G0 X110.815 Y105.131
G0 X112.043 Y103.045
G1 F4005.2 X110.15 Y101.151 E394.95194
G1 X109.156 Y102.301 E394.971
G1 X108.512 Y103.428 E394.98728
G1 X113.055 Y102.21 E395.04626
G1 X112.283 Y102.791 E395.05838
G1 X111.522 Y103.601 E395.07231
G1 X111.199 Y104.096 E395.07973
G1 X112.426 Y99.52 E395.13914
G1 X112.962 Y99.249 E395.14667
G1 X114.055 Y98.863 E395.16121
G1 X115.201 Y98.618 E395.1759
G1 X116.033 Y98.549 E395.18637
G1 X119.362 Y101.878 E395.24541
G1 X118.593 Y101.533 E395.25598
G1 X118.129 Y101.416 E395.26198
G1 X118.818 Y98.844 E395.29537
G1 X119.226 Y98.947 E395.30065
G1 X120.306 Y99.368 E395.31518
G1 X121.407 Y99.972 E395.33093
G1 X116.804 Y101.206 E395.39069
G1 X116.426 Y101.181 E395.39544
M204 S429
G1 F1500 E388.89544
G0 F15000 X114.479 Y101.647
G0 X113.263 Y102.257
G0 X112.391 Y102.91
G0 X111.647 Y103.705
G0 X111.066 Y104.603
G0 X110.496 Y106.131
G0 X110.347 Y107.753
G0 X110.632 Y109.376
G0 X111.056 Y110.384
G0 X111.65 Y111.298
G0 X112.395 Y112.093
G0 X113.266 Y112.745
G0 X114.241 Y113.233
G0 X116.303 Y113.715
G0 X116.381 Y113.019
;TYPE:WALL-OUTER
G1 F1500 E395.39544
G1 F3000 X115.412 Y112.911 E395.40767
G1 X114.475 Y112.636 E395.41992
G1 X113.615 Y112.206 E395.43198
G1 X112.82 Y111.614 E395.44441
G1 X112.161 Y110.91 E395.4565
G1 X111.633 Y110.1 E395.46862
G1 X111.243 Y109.177 E395.48119
G1 X111.029 Y108.224 E395.49344
G1 X110.988 Y107.749 E395.49942
G1 X111.03 Y106.772 E395.51168
G1 X111.116 Y106.293 E395.51778
G1 X111.413 Y105.359 E395.53007
G1 X111.629 Y104.905 E395.53638
G1 X112.165 Y104.085 E395.54866
G1 X112.817 Y103.388 E395.56063
G1 X113.6 Y102.803 E395.57289
G1 X114.696 Y102.253 E395.58827
G1 X115.871 Y102.015 E395.6033
G1 X116.399 Y101.981 E395.60994
G1 X117.354 Y102.044 E395.62194
G1 X118.286 Y102.276 E395.63398
G1 X119.19 Y102.677 E395.64638
G1 X120 Y103.227 E395.65866
G1 X120.691 Y103.903 E395.67078
G1 X121.248 Y104.68 E395.68277
G1 X121.688 Y105.605 E395.69562
G1 X121.936 Y106.525 E395.70757
G1 X122.023 Y107.518 E395.72007
G1 X121.938 Y108.466 E395.732
G1 X121.68 Y109.417 E395.74436
G1 X121.259 Y110.304 E395.75667
G1 X120.699 Y111.088 E395.76876
G1 X120 Y111.773 E395.78103
G1 X119.185 Y112.326 E395.79338
G1 X118.317 Y112.713 E395.8053
G1 X117.36 Y112.955 E395.81768
G1 X116.381 Y113.019 E395.82998
G0 F15000 X116.183 Y112.997
G0 X116.105 Y113.692
G0 X116.354 Y116.579
G0 X116.349 Y117.278
G1 F3000 X117.613 Y117.216 E395.84585
G1 X118.847 Y116.993 E395.86158
G1 X120.064 Y116.608 E395.87758
G1 X121.211 Y116.07 E395.89347
G1 X122.272 Y115.395 E395.90924
G1 X123.488 Y114.377 E395.92913
G1 X124.491 Y113.142 E395.94908
G1 X125.155 Y112.059 E395.96501
G1 X125.668 Y110.911 E395.98078
G1 X126.122 Y109.395 E396.00062
G1 X126.276 Y107.808 E396.02062
G1 X126.277 Y107.182 E396.02847
G1 X126.121 Y105.603 E396.04837
G1 X125.667 Y104.083 E396.06826
G1 X125.022 Y102.646 E396.08801
G1 X124.106 Y101.352 E396.10789
G1 X123.25 Y100.424 E396.12373
G1 X122.031 Y99.403 E396.14367
G1 X120.644 Y98.641 E396.16351
G1 X119.468 Y98.183 E396.17934
G1 X118.236 Y97.877 E396.19526
G1 X117.606 Y97.784 E396.20324
G1 X116.349 Y97.722 E396.21903
G1 X115.079 Y97.826 E396.23501
G1 X113.836 Y98.091 E396.25094
G1 X112.65 Y98.511 E396.26672
G1 X111.521 Y99.084 E396.2826
G1 X110.479 Y99.796 E396.29842
G1 X109.527 Y100.647 E396.31444
G1 X108.501 Y101.834 E396.33411
G1 X107.554 Y103.492 E396.35806
G1 X107.049 Y104.999 E396.37799
G1 X106.806 Y106.232 E396.39375
G1 X106.724 Y107.506 E396.40976
G1 X106.806 Y108.766 E396.42559
G1 X107.049 Y110.001 E396.44138
G1 X107.554 Y111.507 E396.4613
G1 X108.338 Y112.881 E396.48113
G1 X108.704 Y113.401 E396.48911
G1 X109.527 Y114.353 E396.50489
G1 X110.479 Y115.204 E396.5209
G1 X111.521 Y115.916 E396.53673
G1 X112.65 Y116.489 E396.55261
G1 X113.836 Y116.908 E396.56838
G1 X115.079 Y117.174 E396.58432
G1 X116.349 Y117.278 E396.6003
M204 S1500
G0 F15000 X116.548 Y117.269
G0 X116.355 Y116.877
;TYPE:WALL-INNER
G1 F3251.3 X117.567 Y116.818 E396.61552
G1 X118.751 Y116.604 E396.6306
G1 X119.918 Y116.234 E396.64596
G1 X121.018 Y115.718 E396.66119
G1 X122.035 Y115.071 E396.67631
G1 X123.202 Y114.095 E396.69539
G1 X124.164 Y112.91 E396.71453
G1 X124.8 Y111.872 E396.72979
G1 X125.292 Y110.771 E396.74492
G1 X125.728 Y109.315 E396.76398
G1 X125.905 Y107.488 E396.787
G1 X125.727 Y105.683 E396.80974
G1 X125.291 Y104.223 E396.82885
G1 X124.673 Y102.845 E396.84779
G1 X123.794 Y101.604 E396.86686
G1 X122.973 Y100.714 E396.88204
G1 X121.804 Y99.735 E396.90116
G1 X120.474 Y99.004 E396.9202
G1 X119.347 Y98.565 E396.93536
G1 X117.861 Y98.196 E396.95456
G1 X116.355 Y98.123 E396.97347
G1 X115.137 Y98.222 E396.9888
G1 X113.945 Y98.477 E397.00408
G1 X112.808 Y98.879 E397.01921
G1 X111.725 Y99.429 E397.03444
G1 X110.726 Y100.112 E397.04962
G1 X109.813 Y100.928 E397.06497
G1 X108.827 Y102.07 E397.08389
G1 X107.919 Y103.66 E397.10685
G1 X107.437 Y105.101 E397.12591
G1 X107.204 Y106.284 E397.14103
G1 X107.125 Y107.506 E397.15638
G1 X107.204 Y108.714 E397.17157
G1 X107.437 Y109.899 E397.18671
G1 X107.921 Y111.345 E397.20583
G1 X108.83 Y112.935 E397.2288
G1 X109.813 Y114.072 E397.24765
G1 X110.726 Y114.888 E397.263
G1 X111.725 Y115.571 E397.27818
G1 X112.808 Y116.121 E397.29341
G1 X113.945 Y116.522 E397.30853
G1 X115.137 Y116.777 E397.32382
G1 X116.355 Y116.877 E397.33914
G0 F15000 X116.354 Y116.579
G0 X116.296 Y113.714
G0 X116.33 Y113.418
G1 F3251.3 X115.336 Y113.306 E397.35169
G1 X114.341 Y113.013 E397.36469
G1 X113.371 Y112.525 E397.37831
G1 X112.554 Y111.912 E397.39112
G1 X111.859 Y111.172 E397.40385
G1 X111.285 Y110.298 E397.41696
G1 X110.864 Y109.304 E397.4305
G1 X110.633 Y108.28 E397.44367
G1 X110.588 Y107.704 E397.45091
G1 X110.633 Y106.722 E397.46324
G1 X110.724 Y106.215 E397.4697
G1 X111.042 Y105.209 E397.48293
G1 X111.281 Y104.707 E397.4899
G1 X111.857 Y103.829 E397.50307
G1 X112.55 Y103.09 E397.51577
G1 X113.374 Y102.473 E397.52868
G1 X114.585 Y101.868 E397.54566
G1 X115.861 Y101.613 E397.56198
G1 X116.415 Y101.581 E397.56894
G1 X117.412 Y101.648 E397.58147
G1 X118.454 Y101.909 E397.59494
G1 X119.383 Y102.326 E397.60771
G1 X120.257 Y102.92 E397.62096
G1 X120.985 Y103.631 E397.63372
G1 X121.602 Y104.486 E397.64694
G1 X122.055 Y105.443 E397.66022
G1 X122.329 Y106.447 E397.67327
G1 X122.423 Y107.5 E397.68653
G1 X122.334 Y108.524 E397.69942
G1 X122.058 Y109.555 E397.7128
G1 X121.601 Y110.514 E397.72612
G1 X121.01 Y111.34 E397.73886
G1 X120.257 Y112.081 E397.75211
G1 X119.391 Y112.672 E397.76526
G1 X118.417 Y113.103 E397.77861
G1 X117.432 Y113.349 E397.79135
G1 X116.33 Y113.418 E397.80519
M204 S429
G0 F15000 X116.263 Y114.012
;MESH:NONMESH
G0 F600 X116.263 Y114.012 Z16.6
G0 F15000 X116.354 Y116.579
G0 X116.349 Y117.278
;TIME_ELAPSED:972.251137
;LAYER:82
;TYPE:WALL-OUTER
;MESH:The cap.stl
G1 F3000 X117.613 Y117.216 E397.82106
G1 X118.847 Y116.993 E397.83679
G1 X120.064 Y116.608 E397.8528
G1 X121.211 Y116.07 E397.86868
G1 X122.272 Y115.395 E397.88445
G1 X123.488 Y114.377 E397.90434
G1 X124.491 Y113.142 E397.92429
G1 X125.155 Y112.059 E397.94022
G1 X125.668 Y110.911 E397.95599
G1 X126.122 Y109.395 E397.97584
G1 X126.276 Y107.808 E397.99583
G1 X126.277 Y107.182 E398.00368
G1 X126.121 Y105.603 E398.02358
G1 X125.667 Y104.083 E398.04347
G1 X125.022 Y102.646 E398.06322
G1 X124.106 Y101.352 E398.08311
G1 X123.25 Y100.424 E398.09894
G1 X122.031 Y99.403 E398.11888
G1 X120.644 Y98.641 E398.13872
G1 X119.468 Y98.183 E398.15455
G1 X118.236 Y97.877 E398.17047
G1 X117.606 Y97.784 E398.17846
G1 X116.349 Y97.722 E398.19424
G1 X115.079 Y97.826 E398.21022
G1 X113.836 Y98.091 E398.22616
G1 X112.65 Y98.511 E398.24193
G1 X111.521 Y99.084 E398.25781
G1 X110.479 Y99.796 E398.27364
G1 X109.527 Y100.647 E398.28965
G1 X108.501 Y101.834 E398.30933
G1 X107.554 Y103.492 E398.33327
G1 X107.049 Y104.999 E398.3532
G1 X106.806 Y106.232 E398.36896
G1 X106.724 Y107.506 E398.38497
G1 X106.806 Y108.766 E398.40081
G1 X107.049 Y110.001 E398.41659
G1 X107.554 Y111.507 E398.43651
G1 X108.338 Y112.881 E398.45635
G1 X108.704 Y113.401 E398.46432
G1 X109.527 Y114.353 E398.4801
G1 X110.479 Y115.204 E398.49612
G1 X111.521 Y115.916 E398.51194
G1 X112.65 Y116.489 E398.52782
G1 X113.836 Y116.908 E398.54359
G1 X115.079 Y117.174 E398.55953
G1 X116.349 Y117.278 E398.57551
G0 F15000 X116.548 Y117.269
G0 X116.515 Y116.57
G0 X116.303 Y113.715
G0 X116.381 Y113.019
G1 F3000 X115.412 Y112.911 E398.58774
G1 X114.475 Y112.636 E398.59999
G1 X113.615 Y112.206 E398.61204
G1 X112.82 Y111.614 E398.62447
G1 X112.161 Y110.91 E398.63657
G1 X111.633 Y110.1 E398.64869
G1 X111.243 Y109.177 E398.66126
G1 X111.029 Y108.224 E398.67351
G1 X110.988 Y107.749 E398.67948
G1 X111.03 Y106.772 E398.69175
G1 X111.116 Y106.293 E398.69785
G1 X111.413 Y105.359 E398.71014
G1 X111.629 Y104.905 E398.71645
G1 X112.165 Y104.085 E398.72873
G1 X112.817 Y103.388 E398.7407
G1 X113.6 Y102.803 E398.75296
G1 X114.696 Y102.253 E398.76833
G1 X115.871 Y102.015 E398.78337
G1 X116.399 Y101.981 E398.79
G1 X117.354 Y102.044 E398.80201
G1 X118.286 Y102.276 E398.81405
G1 X119.19 Y102.677 E398.82645
G1 X120 Y103.227 E398.83873
G1 X120.691 Y103.903 E398.85085
G1 X121.248 Y104.68 E398.86284
G1 X121.688 Y105.605 E398.87569
G1 X121.936 Y106.525 E398.88764
G1 X122.023 Y107.518 E398.90014
G1 X121.938 Y108.466 E398.91207
G1 X121.68 Y109.417 E398.92443
G1 X121.259 Y110.304 E398.93674
G1 X120.699 Y111.088 E398.94882
G1 X120 Y111.773 E398.9611
G1 X119.185 Y112.326 E398.97345
G1 X118.317 Y112.713 E398.98537
G1 X117.36 Y112.955 E398.99774
G1 X116.381 Y113.019 E399.01005
M204 S1500
G0 F15000 X116.183 Y112.997
G0 X116.33 Y113.418
;TYPE:WALL-INNER
G1 F3300 X115.336 Y113.306 E399.02259
G1 X114.341 Y113.013 E399.0356
G1 X113.371 Y112.525 E399.04922
G1 X112.554 Y111.912 E399.06202
G1 X111.859 Y111.172 E399.07476
G1 X111.285 Y110.298 E399.08787
G1 X110.864 Y109.304 E399.10141
G1 X110.633 Y108.28 E399.11457
G1 X110.588 Y107.704 E399.12181
G1 X110.633 Y106.722 E399.13414
G1 X110.724 Y106.215 E399.1406
G1 X111.042 Y105.209 E399.15383
G1 X111.281 Y104.707 E399.1608
G1 X111.857 Y103.829 E399.17397
G1 X112.55 Y103.09 E399.18668
G1 X113.374 Y102.473 E399.19959
G1 X114.585 Y101.868 E399.21656
G1 X115.861 Y101.613 E399.23288
G1 X116.415 Y101.581 E399.23984
G1 X117.412 Y101.648 E399.25237
G1 X118.454 Y101.909 E399.26584
G1 X119.383 Y102.326 E399.27861
G1 X120.257 Y102.92 E399.29186
G1 X120.985 Y103.631 E399.30462
G1 X121.602 Y104.486 E399.31785
G1 X122.055 Y105.443 E399.33112
G1 X122.329 Y106.447 E399.34418
G1 X122.423 Y107.5 E399.35743
G1 X122.334 Y108.524 E399.37032
G1 X122.058 Y109.555 E399.38371
G1 X121.601 Y110.514 E399.39703
G1 X121.01 Y111.34 E399.40977
G1 X120.257 Y112.081 E399.42301
G1 X119.391 Y112.672 E399.43616
G1 X118.417 Y113.103 E399.44952
G1 X117.432 Y113.349 E399.46225
G1 X116.33 Y113.418 E399.4761
G0 F15000 X116.296 Y113.714
G0 X116.354 Y116.579
G0 X116.355 Y116.877
G1 F3300 X117.567 Y116.818 E399.49131
G1 X118.751 Y116.604 E399.5064
G1 X119.918 Y116.234 E399.52175
G1 X121.018 Y115.718 E399.53699
G1 X122.035 Y115.071 E399.55211
G1 X123.202 Y114.095 E399.57119
G1 X124.164 Y112.91 E399.59033
G1 X124.8 Y111.872 E399.60559
G1 X125.292 Y110.771 E399.62071
G1 X125.728 Y109.315 E399.63977
G1 X125.905 Y107.488 E399.66279
G1 X125.727 Y105.683 E399.68554
G1 X125.291 Y104.223 E399.70465
G1 X124.673 Y102.845 E399.72359
G1 X123.794 Y101.604 E399.74266
G1 X122.973 Y100.714 E399.75784
G1 X121.804 Y99.735 E399.77696
G1 X120.474 Y99.004 E399.79599
G1 X119.347 Y98.565 E399.81116
G1 X117.861 Y98.196 E399.83036
G1 X116.355 Y98.123 E399.84927
G1 X115.137 Y98.222 E399.86459
G1 X113.945 Y98.477 E399.87988
G1 X112.808 Y98.879 E399.895
G1 X111.725 Y99.429 E399.91024
G1 X110.726 Y100.112 E399.92541
G1 X109.813 Y100.928 E399.94077
G1 X108.827 Y102.07 E399.95969
G1 X107.919 Y103.66 E399.98265
G1 X107.437 Y105.101 E400.0017
G1 X107.204 Y106.284 E400.01683
G1 X107.125 Y107.506 E400.03218
G1 X107.204 Y108.714 E400.04736
G1 X107.437 Y109.899 E400.06251
G1 X107.921 Y111.345 E400.08163
G1 X108.83 Y112.935 E400.1046
G1 X109.813 Y114.072 E400.12345
G1 X110.726 Y114.888 E400.1388
G1 X111.725 Y115.571 E400.15398
G1 X112.808 Y116.121 E400.16921
G1 X113.945 Y116.522 E400.18433
G1 X115.137 Y116.777 E400.19962
G1 X116.355 Y116.877 E400.21494
M204 S1000
G0 F15000 X116.364 Y116.556
;TYPE:SKIN
G1 F2400 X117.536 Y116.499 E400.22892
G1 X118.665 Y116.294 E400.24259
G1 X119.801 Y115.936 E400.25678
G1 X120.868 Y115.433 E400.27083
G1 X121.845 Y114.812 E400.28462
G1 X122.974 Y113.865 E400.30218
G1 X123.901 Y112.726 E400.31968
G1 X124.52 Y111.716 E400.33379
G1 X124.989 Y110.66 E400.34755
G1 X125.409 Y109.257 E400.365
G1 X125.583 Y107.49 E400.38615
G1 X125.41 Y105.74 E400.4071
G1 X124.989 Y104.33 E400.42463
G1 X124.398 Y103.012 E400.44184
G1 X123.544 Y101.807 E400.45944
G1 X122.755 Y100.952 E400.4733
G1 X121.614 Y99.996 E400.49103
G1 X120.34 Y99.295 E400.50835
G1 X119.254 Y98.874 E400.52223
G1 X117.818 Y98.517 E400.53986
G1 X116.365 Y98.444 E400.55719
G1 X115.179 Y98.542 E400.57137
G1 X114.027 Y98.787 E400.5854
G1 X112.934 Y99.173 E400.59921
G1 X111.887 Y99.705 E400.6132
G1 X110.929 Y100.361 E400.62703
G1 X110.039 Y101.159 E400.64127
G1 X109.09 Y102.257 E400.65856
G1 X108.216 Y103.785 E400.67953
G1 X107.747 Y105.189 E400.69717
G1 X107.524 Y106.32 E400.7109
G1 X107.447 Y107.511 E400.72512
G1 X107.523 Y108.675 E400.73902
G1 X107.747 Y109.811 E400.75281
G1 X108.216 Y111.216 E400.77046
G1 X109.091 Y112.748 E400.79148
G1 X110.038 Y113.841 E400.8087
G1 X110.929 Y114.639 E400.82295
G1 X111.887 Y115.295 E400.83679
G1 X112.935 Y115.826 E400.85078
G1 X114.026 Y116.211 E400.86457
G1 X115.179 Y116.458 E400.87861
G1 X116.364 Y116.556 E400.89278
G0 F15000 X116.336 Y113.742
G1 F2400 X115.248 Y113.613 E400.90583
G1 X114.251 Y113.321 E400.91821
G1 X113.221 Y112.814 E400.93189
G1 X112.342 Y112.154 E400.94498
G1 X111.587 Y111.352 E400.9581
G1 X111.01 Y110.461 E400.97075
G1 X110.554 Y109.387 E400.98465
G1 X110.314 Y108.313 E400.99776
G1 X110.27 Y107.801 E401.00388
G1 X110.312 Y106.721 E401.01676
G1 X110.409 Y106.149 E401.02367
G1 X110.733 Y105.125 E401.03647
G1 X111.001 Y104.552 E401.044
G1 X111.591 Y103.644 E401.0569
G1 X112.353 Y102.837 E401.07012
G1 X113.221 Y102.188 E401.08304
G1 X114.46 Y101.567 E401.09955
G1 X115.769 Y101.299 E401.11546
G1 X116.438 Y101.261 E401.12345
G1 X117.478 Y101.334 E401.13587
G1 X118.551 Y101.604 E401.14905
G1 X119.538 Y102.046 E401.16193
G1 X120.464 Y102.674 E401.17526
G1 X121.217 Y103.408 E401.18779
G1 X121.872 Y104.312 E401.20109
G1 X122.352 Y105.322 E401.21441
G1 X122.644 Y106.4 E401.22772
G1 X122.742 Y107.498 E401.24085
G1 X122.645 Y108.602 E401.25405
G1 X122.364 Y109.655 E401.26704
G1 X121.884 Y110.665 E401.28036
G1 X121.26 Y111.541 E401.29317
G1 X120.465 Y112.326 E401.30648
G1 X119.53 Y112.962 E401.31995
G1 X118.518 Y113.41 E401.33314
G1 X117.506 Y113.661 E401.34556
G1 X116.336 Y113.742 E401.35953
G0 F15000 X109.373 Y112.767
G1 F2400 X111.156 Y114.55 E401.38957
G0 F15000 X112.605 Y115.433
G1 F2400 X108.525 Y111.353 E401.45831
G0 F15000 X108.162 Y110.425
G1 F2400 X113.576 Y115.839 E401.54953
G0 F15000 X114.385 Y116.082
G1 F2400 X107.91 Y109.607 E401.65862
G0 F15000 X107.772 Y108.903
G1 F2400 X115.104 Y116.236 E401.78216
G0 F15000 X115.737 Y116.302
G1 F2400 X107.695 Y108.261 E401.91764
G0 F15000 X107.655 Y107.655
G1 F2400 X111.348 Y111.348 E401.97986
G0 F15000 X110.619 Y110.053
G1 F2400 X107.672 Y107.106 E402.02951
G0 F15000 X107.706 Y106.575
G1 F2400 X110.3 Y109.169 E402.07321
G0 F15000 X110.135 Y108.438
G1 F2400 X107.775 Y106.078 E402.11298
G0 F15000 X107.869 Y105.606
G1 F2400 X110.068 Y107.806 E402.15003
G0 F15000 X110.089 Y107.261
G1 F2400 X107.973 Y105.144 E402.18569
G0 F15000 X108.114 Y104.72
G1 F2400 X110.112 Y106.717 E402.21935
G0 F15000 X110.192 Y106.232
G1 F2400 X108.255 Y104.296 E402.25197
G0 F15000 X108.397 Y103.871
G1 F2400 X110.313 Y105.788 E402.28426
G0 F15000 X110.448 Y105.357
G1 F2400 X108.602 Y103.511 E402.31536
G0 F15000 X108.808 Y103.151
G1 F2400 X110.599 Y104.942 E402.34554
G0 F15000 X110.778 Y104.556
G1 F2400 X109.013 Y102.791 E402.37527
G0 F15000 X109.22 Y102.432
G1 F2400 X110.989 Y104.201 E402.40508
G0 F15000 X111.213 Y103.859
G1 F2400 X109.473 Y102.119 E402.43439
G0 F15000 X109.736 Y101.817
G1 F2400 X111.435 Y103.516 E402.46302
G0 F15000 X111.709 Y103.224
G1 F2400 X109.998 Y101.513 E402.49185
G0 F15000 X110.271 Y101.22
G1 F2400 X111.983 Y102.932 E402.52069
G0 F15000 X112.268 Y102.651
G1 F2400 X110.569 Y100.952 E402.54931
G0 F15000 X110.867 Y100.684
G1 F2400 X112.591 Y102.408 E402.57836
G0 F15000 X112.914 Y102.166
G1 F2400 X111.179 Y100.431 E402.60759
G0 F15000 X111.515 Y100.201
G1 F2400 X113.259 Y101.945 E402.63698
G0 F15000 X113.636 Y101.756
G1 F2400 X111.851 Y99.972 E402.66704
G0 F15000 X112.21 Y99.765
G1 F2400 X114.013 Y101.568 E402.69742
G0 F15000 X114.39 Y101.379
G1 F2400 X112.585 Y99.574 E402.72783
G0 F15000 X112.96 Y99.383
G1 F2400 X114.858 Y101.281 E402.75981
G0 F15000 X115.327 Y101.185
G1 F2400 X113.371 Y99.229 E402.79276
G0 F15000 X113.79 Y99.082
G1 F2400 X115.805 Y101.097 E402.82671
G0 F15000 X116.34 Y101.066
G1 F2400 X114.223 Y98.949 E402.86238
G0 F15000 X114.689 Y98.85
G1 F2400 X116.932 Y101.093 E402.90017
G0 F15000 X117.556 Y101.151
G1 F2400 X115.156 Y98.751 E402.9406
G0 F15000 X115.672 Y98.702
G1 F2400 X118.31 Y101.34 E402.98505
G0 F15000 X119.22 Y101.684
G1 F2400 X116.195 Y98.659 E403.03601
G0 F15000 X116.766 Y98.664
G1 F2400 X125.358 Y107.256 E403.18077
G0 F15000 X125.35 Y107.813
G1 F2400 X122.306 Y104.77 E403.23205
G0 F15000 X122.656 Y105.685
G1 F2400 X125.299 Y108.328 E403.27658
G0 F15000 X125.249 Y108.844
G1 F2400 X122.847 Y106.442 E403.31705
G0 F15000 X122.902 Y107.063
G1 F2400 X125.176 Y109.337 E403.35536
G0 F15000 X125.046 Y109.772
G1 F2400 X122.926 Y107.653 E403.39107
G0 F15000 X122.882 Y108.174
G1 F2400 X124.915 Y110.207 E403.42532
G0 F15000 X124.779 Y110.637
G1 F2400 X122.827 Y108.685 E403.45821
G0 F15000 X122.708 Y109.132
G1 F2400 X124.605 Y111.029 E403.49017
G0 F15000 X124.432 Y111.421
G1 F2400 X122.589 Y109.578 E403.52122
G0 F15000 X122.427 Y109.981
G1 F2400 X124.238 Y111.793 E403.55174
G0 F15000 X124.022 Y112.143
G1 F2400 X122.244 Y110.365 E403.58169
G0 F15000 X122.062 Y110.748
G1 F2400 X123.808 Y112.494 E403.61111
G0 F15000 X123.566 Y112.818
G1 F2400 X121.831 Y111.083 E403.64034
G0 F15000 X121.595 Y111.413
G1 F2400 X123.313 Y113.13 E403.66928
G0 F15000 X123.059 Y113.442
G1 F2400 X121.348 Y111.732 E403.6981
G0 F15000 X121.064 Y112.013
G1 F2400 X122.799 Y113.748 E403.72733
G0 F15000 X122.492 Y114.006
G1 F2400 X120.78 Y112.294 E403.75617
G0 F15000 X120.477 Y112.557
G1 F2400 X122.184 Y114.264 E403.78493
G0 F15000 X121.876 Y114.523
G1 F2400 X120.14 Y112.787 E403.81418
G0 F15000 X119.803 Y113.015
G1 F2400 X121.549 Y114.761 E403.8436
G0 F15000 X121.203 Y114.981
G1 F2400 X119.442 Y113.219 E403.87327
G0 F15000 X119.049 Y113.393
G1 F2400 X120.857 Y115.201 E403.90374
G0 F15000 X120.482 Y115.391
G1 F2400 X118.657 Y113.566 E403.93448
G0 F15000 X118.216 Y113.69
G1 F2400 X120.097 Y115.572 E403.96618
G0 F15000 X119.711 Y115.751
G1 F2400 X117.762 Y113.803 E403.99901
G0 F15000 X117.273 Y113.879
G1 F2400 X119.281 Y115.887 E404.03284
G0 F15000 X118.851 Y116.023
G1 F2400 X116.745 Y113.917 E404.06832
G0 F15000 X116.186 Y113.924
G1 F2400 X118.4 Y116.137 E404.10562
G0 F15000 X117.921 Y116.224
G1 F2400 X115.547 Y113.85 E404.14561
G0 F15000 X114.829 Y113.698
G1 F2400 X117.434 Y116.302 E404.1895
G0 F15000 X116.895 Y116.329
G1 F2400 X113.972 Y113.407 E404.23873
G0 F15000 X112.589 Y112.589
G1 F2400 X116.355 Y116.355 E404.30218
G0 F15000 X121.185 Y111.507
G0 X125.296 Y106.628
G1 F2400 X117.362 Y98.695 E404.43585
G0 F15000 X118.003 Y98.77
G1 F2400 X125.234 Y106 E404.55767
G0 F15000 X125.056 Y105.257
G1 F2400 X118.755 Y98.956 E404.66383
G0 F15000 X119.58 Y99.216
G1 F2400 X124.815 Y104.45 E404.75202
G0 F15000 X124.368 Y103.438
G1 F2400 X120.597 Y99.666 E404.81556
G0 F15000 X122.478 Y100.982
G1 F2400 X122.884 Y101.388 E404.8224
M204 S429
G0 F15000 X122.828 Y101.439
G1 F1500 E398.3224
;MESH:NONMESH
G0 F600 X122.828 Y101.439 Z16.8
G0 F15000 X122.666 Y107.498
G0 X122.57 Y108.584
G0 X122.283 Y109.633
G0 X121.818 Y110.619
G0 X121.305 Y111.338
G0 X116.354 Y116.579
G0 X116.349 Y117.278
;TIME_ELAPSED:991.456635
;LAYER:83
;TYPE:WALL-OUTER
;MESH:The cap.stl
G1 F1500 E404.8224
G1 F3000 X117.613 Y117.216 E404.83827
G1 X118.847 Y116.993 E404.854
G1 X120.064 Y116.608 E404.87
G1 X121.211 Y116.07 E404.88589
G1 X122.272 Y115.395 E404.90166
G1 X123.488 Y114.377 E404.92155
G1 X124.491 Y113.142 E404.9415
G1 X125.155 Y112.059 E404.95743
G1 X125.668 Y110.911 E404.9732
G1 X126.122 Y109.395 E404.99304
G1 X126.276 Y107.808 E405.01304
G1 X126.277 Y107.182 E405.02089
G1 X126.121 Y105.603 E405.04079
G1 X125.667 Y104.083 E405.06068
G1 X125.022 Y102.646 E405.08043
G1 X124.106 Y101.352 E405.10031
G1 X123.25 Y100.424 E405.11615
G1 X122.031 Y99.403 E405.13609
G1 X120.644 Y98.641 E405.15593
G1 X119.468 Y98.183 E405.17176
G1 X118.236 Y97.877 E405.18768
G1 X117.606 Y97.784 E405.19566
G1 X116.349 Y97.722 E405.21145
G1 X115.079 Y97.826 E405.22743
G1 X113.836 Y98.091 E405.24336
G1 X112.65 Y98.511 E405.25914
G1 X111.521 Y99.084 E405.27502
G1 X110.479 Y99.796 E405.29084
G1 X109.527 Y100.647 E405.30686
G1 X108.501 Y101.834 E405.32653
G1 X107.554 Y103.492 E405.35048
G1 X107.049 Y104.999 E405.37041
G1 X106.806 Y106.232 E405.38617
G1 X106.724 Y107.506 E405.40218
G1 X106.806 Y108.766 E405.41801
G1 X107.049 Y110.001 E405.4338
G1 X107.554 Y111.507 E405.45372
G1 X108.338 Y112.881 E405.47355
G1 X108.704 Y113.401 E405.48153
G1 X109.527 Y114.353 E405.49731
G1 X110.479 Y115.204 E405.51332
G1 X111.521 Y115.916 E405.52915
G1 X112.65 Y116.489 E405.54503
G1 X113.836 Y116.908 E405.5608
G1 X115.079 Y117.174 E405.57674
G1 X116.349 Y117.278 E405.59272
G0 F15000 X116.548 Y117.269
G0 X116.515 Y116.57
G0 X116.303 Y113.715
G0 X116.381 Y113.019
G1 F3000 X115.412 Y112.911 E405.60495
G1 X114.475 Y112.636 E405.61719
G1 X113.615 Y112.206 E405.62925
G1 X112.82 Y111.614 E405.64168
G1 X112.161 Y110.91 E405.65377
G1 X111.633 Y110.1 E405.6659
G1 X111.243 Y109.177 E405.67846
G1 X111.029 Y108.224 E405.69071
G1 X110.988 Y107.749 E405.69669
G1 X111.03 Y106.772 E405.70895
G1 X111.116 Y106.293 E405.71506
G1 X111.413 Y105.359 E405.72735
G1 X111.629 Y104.905 E405.73365
G1 X112.165 Y104.085 E405.74594
G1 X112.817 Y103.388 E405.75791
G1 X113.6 Y102.803 E405.77016
G1 X114.696 Y102.253 E405.78554
G1 X115.871 Y102.015 E405.80058
G1 X116.399 Y101.981 E405.80721
G1 X117.354 Y102.044 E405.81921
G1 X118.286 Y102.276 E405.83126
G1 X119.19 Y102.677 E405.84366
G1 X120 Y103.227 E405.85594
G1 X120.691 Y103.903 E405.86806
G1 X121.248 Y104.68 E405.88005
G1 X121.688 Y105.605 E405.89289
G1 X121.936 Y106.525 E405.90484
G1 X122.023 Y107.518 E405.91734
G1 X121.938 Y108.466 E405.92928
G1 X121.68 Y109.417 E405.94164
G1 X121.259 Y110.304 E405.95395
G1 X120.699 Y111.088 E405.96603
G1 X120 Y111.773 E405.9783
G1 X119.185 Y112.326 E405.99065
G1 X118.317 Y112.713 E406.00257
G1 X117.36 Y112.955 E406.01495
G1 X116.381 Y113.019 E406.02725
M204 S1500
G0 F15000 X116.183 Y112.997
G0 X116.33 Y113.418
;TYPE:WALL-INNER
G1 F3300 X115.336 Y113.306 E406.0398
G1 X114.341 Y113.013 E406.05281
G1 X113.371 Y112.525 E406.06642
G1 X112.554 Y111.912 E406.07923
G1 X111.859 Y111.172 E406.09196
G1 X111.285 Y110.298 E406.10508
G1 X110.864 Y109.304 E406.11861
G1 X110.633 Y108.28 E406.13178
G1 X110.588 Y107.704 E406.13902
G1 X110.633 Y106.722 E406.15135
G1 X110.724 Y106.215 E406.15781
G1 X111.042 Y105.209 E406.17104
G1 X111.281 Y104.707 E406.17801
G1 X111.857 Y103.829 E406.19118
G1 X112.55 Y103.09 E406.20388
G1 X113.374 Y102.473 E406.21679
G1 X114.585 Y101.868 E406.23377
G1 X115.861 Y101.613 E406.25009
G1 X116.415 Y101.581 E406.25705
G1 X117.412 Y101.648 E406.26958
G1 X118.454 Y101.909 E406.28305
G1 X119.383 Y102.326 E406.29582
G1 X120.257 Y102.92 E406.30907
G1 X120.985 Y103.631 E406.32183
G1 X121.602 Y104.486 E406.33505
G1 X122.055 Y105.443 E406.34833
G1 X122.329 Y106.447 E406.36138
G1 X122.423 Y107.5 E406.37464
G1 X122.334 Y108.524 E406.38753
G1 X122.058 Y109.555 E406.40091
G1 X121.601 Y110.514 E406.41424
G1 X121.01 Y111.34 E406.42697
G1 X120.257 Y112.081 E406.44022
G1 X119.391 Y112.672 E406.45337
G1 X118.417 Y113.103 E406.46673
G1 X117.432 Y113.349 E406.47946
G1 X116.33 Y113.418 E406.4933
G0 F15000 X116.296 Y113.714
G0 X116.354 Y116.579
G0 X116.355 Y116.877
G1 F3300 X117.567 Y116.818 E406.50852
G1 X118.751 Y116.604 E406.52361
G1 X119.918 Y116.234 E406.53896
G1 X121.018 Y115.718 E406.5542
G1 X122.035 Y115.071 E406.56931
G1 X123.202 Y114.095 E406.58839
G1 X124.164 Y112.91 E406.60753
G1 X124.8 Y111.872 E406.6228
G1 X125.292 Y110.771 E406.63792
G1 X125.728 Y109.315 E406.65698
G1 X125.905 Y107.488 E406.68
G1 X125.727 Y105.683 E406.70275
G1 X125.291 Y104.223 E406.72185
G1 X124.673 Y102.845 E406.74079
G1 X123.794 Y101.604 E406.75986
G1 X122.973 Y100.714 E406.77505
G1 X121.804 Y99.735 E406.79417
G1 X120.474 Y99.004 E406.8132
G1 X119.347 Y98.565 E406.82837
G1 X117.861 Y98.196 E406.84757
G1 X116.355 Y98.123 E406.86648
G1 X115.137 Y98.222 E406.8818
G1 X113.945 Y98.477 E406.89709
G1 X112.808 Y98.879 E406.91221
G1 X111.725 Y99.429 E406.92744
G1 X110.726 Y100.112 E406.94262
G1 X109.813 Y100.928 E406.95798
G1 X108.827 Y102.07 E406.9769
G1 X107.919 Y103.66 E406.99986
G1 X107.437 Y105.101 E407.01891
G1 X107.204 Y106.284 E407.03403
G1 X107.125 Y107.506 E407.04939
G1 X107.204 Y108.714 E407.06457
G1 X107.437 Y109.899 E407.07971
G1 X107.921 Y111.345 E407.09884
G1 X108.83 Y112.935 E407.1218
G1 X109.813 Y114.072 E407.14065
G1 X110.726 Y114.888 E407.15601
G1 X111.725 Y115.571 E407.17118
G1 X112.808 Y116.121 E407.18642
G1 X113.945 Y116.522 E407.20154
G1 X115.137 Y116.777 E407.21682
G1 X116.355 Y116.877 E407.23215
M204 S1000
G0 F15000 X116.364 Y116.556
;TYPE:SKIN
G1 F2400 X117.536 Y116.499 E407.24613
G1 X118.665 Y116.294 E407.2598
G1 X119.801 Y115.936 E407.27399
G1 X120.868 Y115.433 E407.28804
G1 X121.845 Y114.812 E407.30183
G1 X122.974 Y113.865 E407.31939
G1 X123.901 Y112.726 E407.33688
G1 X124.52 Y111.716 E407.35099
G1 X124.989 Y110.66 E407.36476
G1 X125.409 Y109.257 E407.38221
G1 X125.583 Y107.49 E407.40336
G1 X125.41 Y105.74 E407.42431
G1 X124.989 Y104.33 E407.44184
G1 X124.398 Y103.012 E407.45905
G1 X123.544 Y101.807 E407.47664
G1 X122.755 Y100.952 E407.4905
G1 X121.614 Y99.996 E407.50824
G1 X120.34 Y99.295 E407.52556
G1 X119.254 Y98.874 E407.53944
G1 X117.818 Y98.517 E407.55707
G1 X116.365 Y98.444 E407.5744
G1 X115.179 Y98.542 E407.58858
G1 X114.027 Y98.787 E407.60261
G1 X112.934 Y99.173 E407.61642
G1 X111.887 Y99.705 E407.63041
G1 X110.929 Y100.361 E407.64424
G1 X110.039 Y101.159 E407.65848
G1 X109.09 Y102.257 E407.67577
G1 X108.216 Y103.785 E407.69674
G1 X107.747 Y105.189 E407.71438
G1 X107.524 Y106.32 E407.72811
G1 X107.447 Y107.511 E407.74233
G1 X107.523 Y108.675 E407.75622
G1 X107.747 Y109.811 E407.77002
G1 X108.216 Y111.216 E407.78766
G1 X109.091 Y112.748 E407.80868
G1 X110.038 Y113.841 E407.82591
G1 X110.929 Y114.639 E407.84016
G1 X111.887 Y115.295 E407.85399
G1 X112.935 Y115.826 E407.86799
G1 X114.026 Y116.211 E407.88177
G1 X115.179 Y116.458 E407.89582
G1 X116.364 Y116.556 E407.90999
G0 F15000 X116.336 Y113.742
G1 F2400 X115.248 Y113.613 E407.92304
G1 X114.251 Y113.321 E407.93542
G1 X113.221 Y112.814 E407.94909
G1 X112.342 Y112.154 E407.96219
G1 X111.587 Y111.352 E407.97531
G1 X111.01 Y110.461 E407.98796
G1 X110.554 Y109.387 E408.00186
G1 X110.314 Y108.313 E408.01497
G1 X110.27 Y107.805 E408.02104
G1 X110.312 Y106.721 E408.03397
G1 X110.409 Y106.149 E408.04088
G1 X110.733 Y105.125 E408.05367
G1 X111.001 Y104.552 E408.06121
G1 X111.591 Y103.644 E408.07411
G1 X112.353 Y102.837 E408.08733
G1 X113.221 Y102.188 E408.10024
G1 X114.46 Y101.567 E408.11675
G1 X115.769 Y101.299 E408.13267
G1 X116.438 Y101.261 E408.14065
G1 X117.478 Y101.334 E408.15308
G1 X118.551 Y101.604 E408.16626
G1 X119.538 Y102.046 E408.17914
G1 X120.464 Y102.674 E408.19247
G1 X121.217 Y103.408 E408.205
G1 X121.872 Y104.312 E408.2183
G1 X122.352 Y105.322 E408.23162
G1 X122.644 Y106.4 E408.24492
G1 X122.742 Y107.498 E408.25806
G1 X122.645 Y108.602 E408.27126
G1 X122.364 Y109.655 E408.28424
G1 X121.884 Y110.665 E408.29757
G1 X121.26 Y111.541 E408.31038
G1 X120.465 Y112.326 E408.32369
G1 X119.53 Y112.962 E408.33716
G1 X118.518 Y113.41 E408.35035
G1 X117.506 Y113.661 E408.36277
G1 X116.336 Y113.742 E408.37674
G0 F15000 X123.255 Y113.201
G1 F2400 X122.225 Y114.23 E408.39408
G0 F15000 X120.513 Y115.377
G1 F2400 X124.402 Y111.488 E408.45961
G0 F15000 X124.827 Y110.497
G1 F2400 X119.508 Y115.816 E408.54922
G0 F15000 X118.681 Y116.077
G1 F2400 X125.07 Y109.689 E408.65686
G0 F15000 X125.237 Y108.956
G1 F2400 X117.979 Y116.214 E408.77914
G0 F15000 X117.319 Y116.308
G1 F2400 X125.298 Y108.329 E408.91357
G0 F15000 X125.36 Y107.702
G1 F2400 X121.46 Y111.601 E408.97927
G0 F15000 X120.563 Y112.499
G1 F2400 X116.724 Y116.338 E409.04395
G0 F15000 X116.157 Y116.338
G1 F2400 X119.147 Y113.349 E409.09431
G0 F15000 X118.248 Y113.682
G1 F2400 X115.636 Y116.294 E409.13832
G0 F15000 X115.124 Y116.24
G1 F2400 X117.502 Y113.862 E409.17839
G0 F15000 X116.893 Y113.906
G1 F2400 X114.658 Y116.14 E409.21603
G0 F15000 X114.193 Y116.04
G1 F2400 X116.297 Y113.936 E409.25148
G0 F15000 X115.79 Y113.878
G1 F2400 X113.762 Y115.905 E409.28564
G0 F15000 X113.344 Y115.758
G1 F2400 X115.282 Y113.82 E409.31829
G0 F15000 X114.836 Y113.699
G1 F2400 X112.935 Y115.601 E409.35033
G0 F15000 X112.56 Y115.41
G1 F2400 X114.399 Y113.571 E409.38131
G0 F15000 X113.99 Y113.414
G1 F2400 X112.185 Y115.22 E409.41173
G0 F15000 X111.828 Y115.01
G1 F2400 X113.612 Y113.227 E409.44178
G0 F15000 X113.233 Y113.04
G1 F2400 X111.493 Y114.781 E409.4711
G0 F15000 X111.157 Y114.551
G1 F2400 X112.891 Y112.816 E409.50033
G0 F15000 X112.568 Y112.574
G1 F2400 X110.847 Y114.295 E409.52932
G0 F15000 X110.549 Y114.028
G1 F2400 X112.245 Y112.331 E409.5579
G0 F15000 X111.965 Y112.046
G1 F2400 X110.25 Y113.76 E409.58679
G0 F15000 X109.979 Y113.466
G1 F2400 X111.691 Y111.754 E409.61563
G0 F15000 X111.42 Y111.459
G1 F2400 X109.716 Y113.163 E409.64434
G0 F15000 X109.454 Y112.859
G1 F2400 X111.197 Y111.116 E409.67371
G0 F15000 X110.974 Y110.774
G1 F2400 X109.205 Y112.543 E409.70351
G0 F15000 X108.999 Y112.183
G1 F2400 X110.771 Y110.411 E409.73337
G0 F15000 X110.602 Y110.015
G1 F2400 X108.794 Y111.823 E409.76383
G0 F15000 X108.588 Y111.463
G1 F2400 X110.432 Y109.619 E409.7949
G0 F15000 X110.303 Y109.182
G1 F2400 X108.388 Y111.097 E409.82716
G0 F15000 X108.246 Y110.673
G1 F2400 X110.199 Y108.72 E409.86007
G0 F15000 X110.106 Y108.248
G1 F2400 X108.104 Y110.249 E409.89379
G0 F15000 X107.963 Y109.825
G1 F2400 X110.073 Y107.714 E409.92934
G0 F15000 X110.095 Y107.128
G1 F2400 X107.862 Y109.36 E409.96696
G0 F15000 X107.769 Y108.888
G1 F2400 X110.146 Y106.511 E410.00701
G0 F15000 X110.317 Y105.774
G1 F2400 X107.705 Y108.386 E410.05101
G0 F15000 X107.669 Y107.856
G1 F2400 X110.612 Y104.914 E410.10059
G0 F15000 X111.422 Y103.538
G1 F2400 X107.66 Y107.299 E410.16396
G0 F15000 X107.699 Y106.695
G1 F2400 X115.694 Y98.7 E410.29866
G0 F15000 X116.311 Y98.649
G1 F2400 X112.429 Y102.53 E410.36406
G0 F15000 X113.901 Y101.624
G1 F2400 X116.857 Y98.668 E410.41386
G0 F15000 X117.395 Y98.695
G1 F2400 X114.797 Y101.294 E410.45764
G0 F15000 X115.51 Y101.147
G1 F2400 X117.911 Y98.746 E410.49809
G0 F15000 X118.364 Y98.858
G1 F2400 X116.145 Y101.078 E410.53549
G0 F15000 X116.709 Y101.079
G1 F2400 X118.817 Y98.97 E410.57101
G0 F15000 X119.262 Y99.092
G1 F2400 X117.239 Y101.115 E410.60509
G0 F15000 X117.725 Y101.194
G1 F2400 X119.669 Y99.25 E410.63785
G0 F15000 X120.076 Y99.409
G1 F2400 X118.178 Y101.307 E410.66982
G0 F15000 X118.63 Y101.421
G1 F2400 X120.459 Y99.591 E410.70065
G0 F15000 X120.824 Y99.792
G1 F2400 X119.022 Y101.594 E410.73101
G0 F15000 X119.411 Y101.771
G1 F2400 X121.19 Y99.992 E410.76098
G0 F15000 X121.546 Y100.201
G1 F2400 X119.779 Y101.969 E410.79076
G0 F15000 X120.116 Y102.197
G1 F2400 X121.854 Y100.46 E410.82003
G0 F15000 X122.161 Y100.718
G1 F2400 X120.454 Y102.425 E410.84879
G0 F15000 X120.762 Y102.683
G1 F2400 X122.47 Y100.975 E410.87757
G0 F15000 X122.758 Y101.252
G1 F2400 X121.048 Y102.962 E410.90638
G0 F15000 X121.335 Y103.241
G1 F2400 X123.03 Y101.546 E410.93494
G0 F15000 X123.301 Y101.841
G1 F2400 X121.577 Y103.564 E410.96397
G0 F15000 X121.815 Y103.893
G1 F2400 X123.547 Y102.16 E410.99316
G0 F15000 X123.782 Y102.491
G1 F2400 X122.048 Y104.225 E411.02238
G0 F15000 X122.231 Y104.608
G1 F2400 X124.016 Y102.823 E411.05245
G0 F15000 X124.243 Y103.161
G1 F2400 X122.412 Y104.992 E411.0833
G0 F15000 X122.578 Y105.392
G1 F2400 X124.418 Y103.552 E411.1143
G0 F15000 X124.594 Y103.942
G1 F2400 X122.697 Y105.839 E411.14626
G0 F15000 X122.816 Y106.285
G1 F2400 X124.769 Y104.332 E411.17916
G0 F15000 X124.907 Y104.76
G1 F2400 X122.878 Y106.789 E411.21335
G0 F15000 X122.925 Y107.308
G1 F2400 X125.037 Y105.196 E411.24893
G0 F15000 X125.167 Y105.631
G1 F2400 X122.907 Y107.892 E411.28702
G0 F15000 X122.854 Y108.511
G1 F2400 X125.245 Y106.119 E411.32731
G0 F15000 X125.296 Y106.634
G1 F2400 X122.676 Y109.254 E411.37145
G0 F15000 X122.347 Y110.148
G1 F2400 X125.347 Y107.149 E411.42199
G0 F15000 X120.403 Y102.729
G0 X115.056 Y98.772
G1 F2400 X107.781 Y106.047 E411.54456
G0 F15000 X107.92 Y105.342
G1 F2400 X114.339 Y98.924 E411.6527
G0 F15000 X113.521 Y99.176
G1 F2400 X108.182 Y104.515 E411.74265
G0 F15000 X108.576 Y103.555
G1 F2400 X112.528 Y99.603 E411.80923
G0 F15000 X111.009 Y100.556
G1 F2400 X109.646 Y101.92 E411.8322
M204 S429
G0 F15000 X109.702 Y101.971
G1 F1500 E405.3322
;MESH:NONMESH
G0 F600 X109.702 Y101.971 Z17
G0 F15000 X110.398 Y108.334
G0 X110.632 Y109.376
G0 X111.056 Y110.384
G0 X111.538 Y111.125
G0 X116.354 Y116.579
G0 X116.349 Y117.278
;TIME_ELAPSED:1011.017035
;LAYER:84
;TYPE:WALL-OUTER
;MESH:The cap.stl
G1 F1500 E411.8322
G1 F3000 X117.613 Y117.216 E411.84807
G1 X118.847 Y116.993 E411.8638
G1 X120.064 Y116.608 E411.87981
G1 X121.211 Y116.07 E411.89569
G1 X122.272 Y115.395 E411.91146
G1 X123.488 Y114.377 E411.93135
G1 X124.491 Y113.142 E411.9513
G1 X125.155 Y112.059 E411.96723
G1 X125.668 Y110.911 E411.983
G1 X126.122 Y109.395 E412.00285
G1 X126.276 Y107.808 E412.02284
G1 X126.277 Y107.182 E412.03069
G1 X126.121 Y105.603 E412.05059
G1 X125.667 Y104.083 E412.07048
G1 X125.022 Y102.646 E412.09023
G1 X124.106 Y101.352 E412.11012
G1 X123.25 Y100.424 E412.12595
G1 X122.031 Y99.403 E412.14589
G1 X120.644 Y98.641 E412.16573
G1 X119.468 Y98.183 E412.18156
G1 X118.236 Y97.877 E412.19748
G1 X117.606 Y97.784 E412.20547
G1 X116.349 Y97.722 E412.22125
G1 X115.079 Y97.826 E412.23723
G1 X113.836 Y98.091 E412.25317
G1 X112.65 Y98.511 E412.26894
G1 X111.521 Y99.084 E412.28482
G1 X110.479 Y99.796 E412.30065
G1 X109.527 Y100.647 E412.31666
G1 X108.501 Y101.834 E412.33634
G1 X107.554 Y103.492 E412.36028
G1 X107.049 Y104.999 E412.38021
G1 X106.806 Y106.232 E412.39597
G1 X106.724 Y107.506 E412.41198
G1 X106.806 Y108.766 E412.42781
G1 X107.049 Y110.001 E412.4436
G1 X107.554 Y111.507 E412.46352
G1 X108.338 Y112.881 E412.48336
G1 X108.704 Y113.401 E412.49133
G1 X109.527 Y114.353 E412.50711
G1 X110.479 Y115.204 E412.52312
G1 X111.521 Y115.916 E412.53895
G1 X112.65 Y116.489 E412.55483
G1 X113.836 Y116.908 E412.5706
G1 X115.079 Y117.174 E412.58654
G1 X116.349 Y117.278 E412.60252
G0 F15000 X116.548 Y117.269
G0 X116.515 Y116.57
G0 X116.303 Y113.715
G0 X116.381 Y113.019
G1 F3000 X115.412 Y112.911 E412.61475
G1 X114.475 Y112.636 E412.62699
G1 X113.615 Y112.206 E412.63905
G1 X112.82 Y111.614 E412.65148
G1 X112.161 Y110.91 E412.66358
G1 X111.633 Y110.1 E412.6757
G1 X111.243 Y109.177 E412.68827
G1 X111.029 Y108.224 E412.70051
G1 X110.988 Y107.749 E412.70649
G1 X111.03 Y106.772 E412.71876
G1 X111.116 Y106.293 E412.72486
G1 X111.413 Y105.359 E412.73715
G1 X111.629 Y104.905 E412.74346
G1 X112.165 Y104.085 E412.75574
G1 X112.817 Y103.388 E412.76771
G1 X113.6 Y102.803 E412.77997
G1 X114.696 Y102.253 E412.79534
G1 X115.871 Y102.015 E412.81038
G1 X116.399 Y101.981 E412.81701
G1 X117.354 Y102.044 E412.82902
G1 X118.286 Y102.276 E412.84106
G1 X119.19 Y102.677 E412.85346
G1 X120 Y103.227 E412.86574
G1 X120.691 Y103.903 E412.87786
G1 X121.248 Y104.68 E412.88985
G1 X121.688 Y105.605 E412.9027
G1 X121.936 Y106.525 E412.91464
G1 X122.023 Y107.518 E412.92715
G1 X121.938 Y108.466 E412.93908
G1 X121.68 Y109.417 E412.95144
G1 X121.259 Y110.304 E412.96375
G1 X120.699 Y111.088 E412.97583
G1 X120 Y111.773 E412.98811
G1 X119.185 Y112.326 E413.00046
G1 X118.317 Y112.713 E413.01238
G1 X117.36 Y112.955 E413.02475
G1 X116.381 Y113.019 E413.03706
M204 S1500
G0 F15000 X116.183 Y112.997
G0 X116.33 Y113.418
;TYPE:WALL-INNER
G1 F3300 X115.336 Y113.306 E413.0496
G1 X114.341 Y113.013 E413.06261
G1 X113.371 Y112.525 E413.07623
G1 X112.554 Y111.912 E413.08903
G1 X111.859 Y111.172 E413.10177
G1 X111.285 Y110.298 E413.11488
G1 X110.864 Y109.304 E413.12841
G1 X110.633 Y108.28 E413.14158
G1 X110.588 Y107.704 E413.14882
G1 X110.633 Y106.722 E413.16115
G1 X110.724 Y106.215 E413.16761
G1 X111.042 Y105.209 E413.18084
G1 X111.281 Y104.707 E413.18781
G1 X111.857 Y103.829 E413.20098
G1 X112.55 Y103.09 E413.21369
G1 X113.374 Y102.473 E413.2266
G1 X114.585 Y101.868 E413.24357
G1 X115.861 Y101.613 E413.25989
G1 X116.415 Y101.581 E413.26685
G1 X117.412 Y101.648 E413.27938
G1 X118.454 Y101.909 E413.29285
G1 X119.383 Y102.326 E413.30562
G1 X120.257 Y102.92 E413.31887
G1 X120.985 Y103.631 E413.33163
G1 X121.602 Y104.486 E413.34486
G1 X122.055 Y105.443 E413.35813
G1 X122.329 Y106.447 E413.37119
G1 X122.423 Y107.5 E413.38444
G1 X122.334 Y108.524 E413.39733
G1 X122.058 Y109.555 E413.41072
G1 X121.601 Y110.514 E413.42404
G1 X121.01 Y111.34 E413.43678
G1 X120.257 Y112.081 E413.45002
G1 X119.391 Y112.672 E413.46317
G1 X118.417 Y113.103 E413.47653
G1 X117.432 Y113.349 E413.48926
G1 X116.33 Y113.418 E413.50311
G0 F15000 X116.296 Y113.714
G0 X116.354 Y116.579
G0 X116.355 Y116.877
G1 F3300 X117.567 Y116.818 E413.51832
G1 X118.751 Y116.604 E413.53341
G1 X119.918 Y116.234 E413.54876
G1 X121.018 Y115.718 E413.564
G1 X122.035 Y115.071 E413.57912
G1 X123.202 Y114.095 E413.59819
G1 X124.164 Y112.91 E413.61734
G1 X124.8 Y111.872 E413.6326
G1 X125.292 Y110.771 E413.64772
G1 X125.728 Y109.315 E413.66678
G1 X125.905 Y107.488 E413.6898
G1 X125.727 Y105.683 E413.71255
G1 X125.291 Y104.223 E413.73166
G1 X124.673 Y102.845 E413.75059
G1 X123.794 Y101.604 E413.76967
G1 X122.973 Y100.714 E413.78485
G1 X121.804 Y99.735 E413.80397
G1 X120.474 Y99.004 E413.823
G1 X119.347 Y98.565 E413.83817
G1 X117.861 Y98.196 E413.85737
G1 X116.355 Y98.123 E413.87628
G1 X115.137 Y98.222 E413.8916
G1 X113.945 Y98.477 E413.90689
G1 X112.808 Y98.879 E413.92201
G1 X111.725 Y99.429 E413.93725
G1 X110.726 Y100.112 E413.95242
G1 X109.813 Y100.928 E413.96778
G1 X108.827 Y102.07 E413.9867
G1 X107.919 Y103.66 E414.00966
G1 X107.437 Y105.101 E414.02871
G1 X107.204 Y106.284 E414.04383
G1 X107.125 Y107.506 E414.05919
G1 X107.204 Y108.714 E414.07437
G1 X107.437 Y109.899 E414.08952
G1 X107.921 Y111.345 E414.10864
G1 X108.83 Y112.935 E414.13161
G1 X109.813 Y114.072 E414.15046
G1 X110.726 Y114.888 E414.16581
G1 X111.725 Y115.571 E414.18099
G1 X112.808 Y116.121 E414.19622
G1 X113.945 Y116.522 E414.21134
G1 X115.137 Y116.777 E414.22662
G1 X116.355 Y116.877 E414.24195
M204 S1000
G0 F15000 X116.364 Y116.556
;TYPE:SKIN
G1 F2400 X117.536 Y116.499 E414.25593
G1 X118.665 Y116.294 E414.2696
G1 X119.801 Y115.936 E414.28379
G1 X120.868 Y115.433 E414.29784
G1 X121.845 Y114.812 E414.31163
G1 X122.974 Y113.865 E414.32919
G1 X123.901 Y112.726 E414.34668
G1 X124.52 Y111.716 E414.3608
G1 X124.989 Y110.66 E414.37456
G1 X125.409 Y109.257 E414.39201
G1 X125.583 Y107.49 E414.41316
G1 X125.41 Y105.74 E414.43411
G1 X124.989 Y104.33 E414.45164
G1 X124.398 Y103.012 E414.46885
G1 X123.544 Y101.807 E414.48645
G1 X122.755 Y100.952 E414.50031
G1 X121.614 Y99.996 E414.51804
G1 X120.34 Y99.295 E414.53536
G1 X119.254 Y98.874 E414.54924
G1 X117.818 Y98.517 E414.56687
G1 X116.365 Y98.444 E414.5842
G1 X115.179 Y98.542 E414.59838
G1 X114.027 Y98.787 E414.61241
G1 X112.934 Y99.173 E414.62622
G1 X111.887 Y99.705 E414.64021
G1 X110.929 Y100.361 E414.65404
G1 X110.039 Y101.159 E414.66828
G1 X109.09 Y102.257 E414.68557
G1 X108.216 Y103.785 E414.70654
G1 X107.747 Y105.189 E414.72418
G1 X107.524 Y106.32 E414.73791
G1 X107.447 Y107.511 E414.75213
G1 X107.523 Y108.675 E414.76603
G1 X107.747 Y109.811 E414.77982
G1 X108.216 Y111.216 E414.79747
G1 X109.091 Y112.748 E414.81849
G1 X110.038 Y113.841 E414.83571
G1 X110.929 Y114.639 E414.84996
G1 X111.887 Y115.295 E414.8638
G1 X112.935 Y115.826 E414.87779
G1 X114.026 Y116.211 E414.89158
G1 X115.179 Y116.458 E414.90562
G1 X116.364 Y116.556 E414.91979
G0 F15000 X116.336 Y113.742
G1 F2400 X115.248 Y113.613 E414.93284
G1 X114.251 Y113.321 E414.94522
G1 X113.221 Y112.814 E414.95889
G1 X112.342 Y112.154 E414.97199
G1 X111.587 Y111.352 E414.98511
G1 X111.01 Y110.461 E414.99776
G1 X110.554 Y109.387 E415.01166
G1 X110.314 Y108.313 E415.02477
G1 X110.27 Y107.801 E415.03089
G1 X110.312 Y106.721 E415.04377
G1 X110.409 Y106.149 E415.05068
G1 X110.733 Y105.125 E415.06347
G1 X111.001 Y104.552 E415.07101
G1 X111.591 Y103.644 E415.08391
G1 X112.353 Y102.837 E415.09713
G1 X113.221 Y102.188 E415.11005
G1 X114.46 Y101.567 E415.12656
G1 X115.769 Y101.299 E415.14247
G1 X116.438 Y101.261 E415.15046
G1 X117.478 Y101.334 E415.16288
G1 X118.551 Y101.604 E415.17606
G1 X119.538 Y102.046 E415.18894
G1 X120.464 Y102.674 E415.20227
G1 X121.217 Y103.408 E415.2148
G1 X121.872 Y104.312 E415.2281
G1 X122.352 Y105.322 E415.24142
G1 X122.644 Y106.4 E415.25473
G1 X122.742 Y107.498 E415.26786
G1 X122.645 Y108.602 E415.28106
G1 X122.364 Y109.655 E415.29405
G1 X121.884 Y110.665 E415.30737
G1 X121.26 Y111.541 E415.32018
G1 X120.465 Y112.326 E415.33349
G1 X119.53 Y112.962 E415.34696
G1 X118.518 Y113.41 E415.36015
G1 X117.506 Y113.661 E415.37257
G1 X116.336 Y113.742 E415.38654
G0 F15000 X109.373 Y112.767
G1 F2400 X111.156 Y114.55 E415.41658
G0 F15000 X112.605 Y115.433
G1 F2400 X108.525 Y111.353 E415.48532
G0 F15000 X108.162 Y110.425
G1 F2400 X113.576 Y115.839 E415.57654
G0 F15000 X114.385 Y116.082
G1 F2400 X107.91 Y109.607 E415.68563
G0 F15000 X107.772 Y108.903
G1 F2400 X115.104 Y116.236 E415.80917
G0 F15000 X115.737 Y116.302
G1 F2400 X107.695 Y108.261 E415.94465
G0 F15000 X107.655 Y107.655
G1 F2400 X111.348 Y111.348 E416.00687
G0 F15000 X110.619 Y110.053
G1 F2400 X107.672 Y107.106 E416.05652
G0 F15000 X107.706 Y106.575
G1 F2400 X110.3 Y109.169 E416.10022
G0 F15000 X110.135 Y108.438
G1 F2400 X107.775 Y106.078 E416.13999
G0 F15000 X107.869 Y105.606
G1 F2400 X110.068 Y107.806 E416.17704
G0 F15000 X110.089 Y107.261
G1 F2400 X107.973 Y105.144 E416.2127
G0 F15000 X108.114 Y104.72
G1 F2400 X110.112 Y106.717 E416.24636
G0 F15000 X110.192 Y106.232
G1 F2400 X108.255 Y104.296 E416.27898
G0 F15000 X108.397 Y103.871
G1 F2400 X110.313 Y105.788 E416.31127
G0 F15000 X110.448 Y105.357
G1 F2400 X108.602 Y103.511 E416.34237
G0 F15000 X108.808 Y103.151
G1 F2400 X110.599 Y104.942 E416.37255
G0 F15000 X110.778 Y104.556
G1 F2400 X109.013 Y102.791 E416.40228
G0 F15000 X109.22 Y102.432
G1 F2400 X110.989 Y104.201 E416.43209
G0 F15000 X111.213 Y103.859
G1 F2400 X109.473 Y102.119 E416.4614
G0 F15000 X109.736 Y101.817
G1 F2400 X111.435 Y103.516 E416.49003
G0 F15000 X111.709 Y103.224
G1 F2400 X109.998 Y101.513 E416.51886
G0 F15000 X110.271 Y101.22
G1 F2400 X111.983 Y102.932 E416.5477
G0 F15000 X112.268 Y102.651
G1 F2400 X110.569 Y100.952 E416.57632
G0 F15000 X110.867 Y100.684
G1 F2400 X112.591 Y102.408 E416.60537
G0 F15000 X112.914 Y102.166
G1 F2400 X111.179 Y100.431 E416.6346
G0 F15000 X111.515 Y100.201
G1 F2400 X113.259 Y101.945 E416.66398
G0 F15000 X113.636 Y101.756
G1 F2400 X111.851 Y99.972 E416.69405
G0 F15000 X112.21 Y99.765
G1 F2400 X114.013 Y101.568 E416.72443
G0 F15000 X114.39 Y101.379
G1 F2400 X112.585 Y99.574 E416.75484
G0 F15000 X112.96 Y99.383
G1 F2400 X114.858 Y101.281 E416.78682
G0 F15000 X115.327 Y101.185
G1 F2400 X113.371 Y99.229 E416.81977
G0 F15000 X113.79 Y99.082
G1 F2400 X115.805 Y101.097 E416.85372
G0 F15000 X116.34 Y101.066
G1 F2400 X114.223 Y98.949 E416.88939
G0 F15000 X114.689 Y98.85
G1 F2400 X116.932 Y101.093 E416.92718
G0 F15000 X117.556 Y101.151
G1 F2400 X115.156 Y98.751 E416.96761
G0 F15000 X115.672 Y98.702
G1 F2400 X118.31 Y101.34 E417.01206
G0 F15000 X119.22 Y101.684
G1 F2400 X116.195 Y98.659 E417.06302
G0 F15000 X116.766 Y98.664
G1 F2400 X125.358 Y107.256 E417.20778
G0 F15000 X125.35 Y107.813
G1 F2400 X122.306 Y104.77 E417.25906
G0 F15000 X122.656 Y105.685
G1 F2400 X125.299 Y108.328 E417.30359
G0 F15000 X125.249 Y108.844
G1 F2400 X122.847 Y106.442 E417.34406
G0 F15000 X122.902 Y107.063
G1 F2400 X125.176 Y109.337 E417.38237
G0 F15000 X125.046 Y109.772
G1 F2400 X122.926 Y107.653 E417.41808
G0 F15000 X122.882 Y108.174
G1 F2400 X124.915 Y110.207 E417.45233
G0 F15000 X124.779 Y110.637
G1 F2400 X122.827 Y108.685 E417.48522
G0 F15000 X122.708 Y109.132
G1 F2400 X124.605 Y111.029 E417.51718
G0 F15000 X124.432 Y111.421
G1 F2400 X122.589 Y109.578 E417.54823
G0 F15000 X122.427 Y109.981
G1 F2400 X124.238 Y111.793 E417.57875
G0 F15000 X124.022 Y112.143
G1 F2400 X122.244 Y110.365 E417.6087
G0 F15000 X122.062 Y110.748
G1 F2400 X123.808 Y112.494 E417.63812
G0 F15000 X123.566 Y112.818
G1 F2400 X121.831 Y111.083 E417.66735
G0 F15000 X121.595 Y111.413
G1 F2400 X123.313 Y113.13 E417.69629
G0 F15000 X123.059 Y113.442
G1 F2400 X121.348 Y111.732 E417.72511
G0 F15000 X121.064 Y112.013
G1 F2400 X122.799 Y113.748 E417.75434
G0 F15000 X122.492 Y114.006
G1 F2400 X120.78 Y112.294 E417.78318
G0 F15000 X120.477 Y112.557
G1 F2400 X122.184 Y114.264 E417.81194
G0 F15000 X121.876 Y114.523
G1 F2400 X120.14 Y112.787 E417.84119
G0 F15000 X119.803 Y113.015
G1 F2400 X121.549 Y114.761 E417.87061
G0 F15000 X121.203 Y114.981
G1 F2400 X119.442 Y113.219 E417.90028
G0 F15000 X119.049 Y113.393
G1 F2400 X120.857 Y115.201 E417.93075
G0 F15000 X120.482 Y115.391
G1 F2400 X118.657 Y113.566 E417.96149
G0 F15000 X118.216 Y113.69
G1 F2400 X120.097 Y115.572 E417.99319
G0 F15000 X119.711 Y115.751
G1 F2400 X117.762 Y113.803 E418.02602
G0 F15000 X117.273 Y113.879
G1 F2400 X119.281 Y115.887 E418.05985
G0 F15000 X118.851 Y116.023
G1 F2400 X116.745 Y113.917 E418.09533
G0 F15000 X116.186 Y113.924
G1 F2400 X118.4 Y116.137 E418.13263
G0 F15000 X117.921 Y116.224
G1 F2400 X115.547 Y113.85 E418.17262
G0 F15000 X114.829 Y113.698
G1 F2400 X117.434 Y116.302 E418.2165
G0 F15000 X116.895 Y116.329
G1 F2400 X113.972 Y113.407 E418.26574
G0 F15000 X112.589 Y112.589
G1 F2400 X116.355 Y116.355 E418.32919
G0 F15000 X121.185 Y111.507
G0 X125.296 Y106.628
G1 F2400 X117.362 Y98.695 E418.46286
G0 F15000 X118.003 Y98.77
G1 F2400 X125.234 Y106 E418.58468
G0 F15000 X125.056 Y105.257
G1 F2400 X118.755 Y98.956 E418.69084
G0 F15000 X119.58 Y99.216
G1 F2400 X124.815 Y104.45 E418.77903
G0 F15000 X124.368 Y103.438
G1 F2400 X120.597 Y99.666 E418.84257
G0 F15000 X122.478 Y100.982
G1 F2400 X122.884 Y101.388 E418.84941
M204 S429
G0 F15000 X122.828 Y101.439
G1 F1500 E412.34941
;MESH:NONMESH
G0 F600 X122.828 Y101.439 Z17.2
G0 F15000 X122.666 Y107.498
G0 X122.57 Y108.584
G0 X122.283 Y109.633
G0 X121.818 Y110.619
G0 X121.305 Y111.338
G0 X116.354 Y116.579
G0 X116.349 Y117.278
;TIME_ELAPSED:1030.515789
;LAYER:85
;TYPE:WALL-OUTER
;MESH:The cap.stl
G1 F1500 E418.84941
G1 F3000 X117.613 Y117.216 E418.86528
G1 X118.847 Y116.993 E418.881
G1 X120.064 Y116.608 E418.89701
G1 X121.211 Y116.07 E418.9129
G1 X122.272 Y115.395 E418.92867
G1 X123.488 Y114.377 E418.94856
G1 X124.491 Y113.142 E418.96851
G1 X125.155 Y112.059 E418.98444
G1 X125.668 Y110.911 E419.00021
G1 X126.122 Y109.395 E419.02005
G1 X126.276 Y107.808 E419.04005
G1 X126.277 Y107.182 E419.0479
G1 X126.121 Y105.603 E419.0678
G1 X125.667 Y104.083 E419.08769
G1 X125.022 Y102.646 E419.10744
G1 X124.106 Y101.352 E419.12732
G1 X123.25 Y100.424 E419.14316
G1 X122.031 Y99.403 E419.1631
G1 X120.644 Y98.641 E419.18294
G1 X119.468 Y98.183 E419.19877
G1 X118.236 Y97.877 E419.21469
G1 X117.606 Y97.784 E419.22267
G1 X116.349 Y97.722 E419.23846
G1 X115.079 Y97.826 E419.25443
G1 X113.836 Y98.091 E419.27037
G1 X112.65 Y98.511 E419.28615
G1 X111.521 Y99.084 E419.30203
G1 X110.479 Y99.796 E419.31785
G1 X109.527 Y100.647 E419.33387
G1 X108.501 Y101.834 E419.35354
G1 X107.554 Y103.492 E419.37749
G1 X107.049 Y104.999 E419.39742
G1 X106.806 Y106.232 E419.41318
G1 X106.724 Y107.506 E419.42919
G1 X106.806 Y108.766 E419.44502
G1 X107.049 Y110.001 E419.46081
G1 X107.554 Y111.507 E419.48073
G1 X108.338 Y112.881 E419.50056
G1 X108.704 Y113.401 E419.50854
G1 X109.527 Y114.353 E419.52432
G1 X110.479 Y115.204 E419.54033
G1 X111.521 Y115.916 E419.55616
G1 X112.65 Y116.489 E419.57204
G1 X113.836 Y116.908 E419.58781
G1 X115.079 Y117.174 E419.60375
G1 X116.349 Y117.278 E419.61973
G0 F15000 X116.548 Y117.269
G0 X116.515 Y116.57
G0 X116.303 Y113.715
G0 X116.381 Y113.019
G1 F3000 X115.412 Y112.911 E419.63196
G1 X114.475 Y112.636 E419.6442
G1 X113.615 Y112.206 E419.65626
G1 X112.82 Y111.614 E419.66869
G1 X112.161 Y110.91 E419.68078
G1 X111.633 Y110.1 E419.69291
G1 X111.243 Y109.177 E419.70547
G1 X111.029 Y108.224 E419.71772
G1 X110.988 Y107.749 E419.7237
G1 X111.03 Y106.772 E419.73596
G1 X111.116 Y106.293 E419.74207
G1 X111.413 Y105.359 E419.75436
G1 X111.629 Y104.905 E419.76066
G1 X112.165 Y104.085 E419.77295
G1 X112.817 Y103.388 E419.78492
G1 X113.6 Y102.803 E419.79717
G1 X114.696 Y102.253 E419.81255
G1 X115.871 Y102.015 E419.82759
G1 X116.399 Y101.981 E419.83422
G1 X117.354 Y102.044 E419.84622
G1 X118.286 Y102.276 E419.85827
G1 X119.19 Y102.677 E419.87067
G1 X120 Y103.227 E419.88295
G1 X120.691 Y103.903 E419.89507
G1 X121.248 Y104.68 E419.90706
G1 X121.688 Y105.605 E419.9199
G1 X121.936 Y106.525 E419.93185
G1 X122.023 Y107.518 E419.94435
G1 X121.938 Y108.466 E419.95629
G1 X121.68 Y109.417 E419.96865
G1 X121.259 Y110.304 E419.98096
G1 X120.699 Y111.088 E419.99304
G1 X120 Y111.773 E420.00531
G1 X119.185 Y112.326 E420.01766
G1 X118.317 Y112.713 E420.02958
G1 X117.36 Y112.955 E420.04196
G1 X116.381 Y113.019 E420.05426
M204 S1500
G0 F15000 X116.183 Y112.997
G0 X116.33 Y113.418
;TYPE:WALL-INNER
G1 F3300 X115.336 Y113.306 E420.06681
G1 X114.341 Y113.013 E420.07982
G1 X113.371 Y112.525 E420.09343
G1 X112.554 Y111.912 E420.10624
G1 X111.859 Y111.172 E420.11897
G1 X111.285 Y110.298 E420.13208
G1 X110.864 Y109.304 E420.14562
G1 X110.633 Y108.28 E420.15879
G1 X110.588 Y107.704 E420.16603
G1 X110.633 Y106.722 E420.17836
G1 X110.724 Y106.215 E420.18482
G1 X111.042 Y105.209 E420.19805
G1 X111.281 Y104.707 E420.20502
G1 X111.857 Y103.829 E420.21819
G1 X112.55 Y103.09 E420.23089
G1 X113.374 Y102.473 E420.2438
G1 X114.585 Y101.868 E420.26078
G1 X115.861 Y101.613 E420.2771
G1 X116.415 Y101.581 E420.28406
G1 X117.412 Y101.648 E420.29659
G1 X118.454 Y101.909 E420.31006
G1 X119.383 Y102.326 E420.32283
G1 X120.257 Y102.92 E420.33608
G1 X120.985 Y103.631 E420.34884
G1 X121.602 Y104.486 E420.36206
G1 X122.055 Y105.443 E420.37534
G1 X122.329 Y106.447 E420.38839
G1 X122.423 Y107.5 E420.40165
G1 X122.334 Y108.524 E420.41454
G1 X122.058 Y109.555 E420.42792
G1 X121.601 Y110.514 E420.44125
G1 X121.01 Y111.34 E420.45398
G1 X120.257 Y112.081 E420.46723
G1 X119.391 Y112.672 E420.48038
G1 X118.417 Y113.103 E420.49374
G1 X117.432 Y113.349 E420.50647
G1 X116.33 Y113.418 E420.52031
G0 F15000 X116.296 Y113.714
G0 X116.354 Y116.579
G0 X116.355 Y116.877
G1 F3300 X117.567 Y116.818 E420.53553
G1 X118.751 Y116.604 E420.55062
G1 X119.918 Y116.234 E420.56597
G1 X121.018 Y115.718 E420.58121
G1 X122.035 Y115.071 E420.59632
G1 X123.202 Y114.095 E420.6154
G1 X124.164 Y112.91 E420.63454
G1 X124.8 Y111.872 E420.64981
G1 X125.292 Y110.771 E420.66493
G1 X125.728 Y109.315 E420.68399
G1 X125.905 Y107.488 E420.70701
G1 X125.727 Y105.683 E420.72975
G1 X125.291 Y104.223 E420.74886
G1 X124.673 Y102.845 E420.7678
G1 X123.794 Y101.604 E420.78687
G1 X122.973 Y100.714 E420.80206
G1 X121.804 Y99.735 E420.82118
G1 X120.474 Y99.004 E420.84021
G1 X119.347 Y98.565 E420.85538
G1 X117.861 Y98.196 E420.87458
G1 X116.355 Y98.123 E420.89349
G1 X115.137 Y98.222 E420.90881
G1 X113.945 Y98.477 E420.9241
G1 X112.808 Y98.879 E420.93922
G1 X111.725 Y99.429 E420.95445
G1 X110.726 Y100.112 E420.96963
G1 X109.813 Y100.928 E420.98498
G1 X108.827 Y102.07 E421.00391
G1 X107.919 Y103.66 E421.02687
G1 X107.437 Y105.101 E421.04592
G1 X107.204 Y106.284 E421.06104
G1 X107.125 Y107.506 E421.0764
G1 X107.204 Y108.714 E421.09158
G1 X107.437 Y109.899 E421.10672
G1 X107.921 Y111.345 E421.12585
G1 X108.83 Y112.935 E421.14881
G1 X109.813 Y114.072 E421.16766
G1 X110.726 Y114.888 E421.18302
G1 X111.725 Y115.571 E421.19819
G1 X112.808 Y116.121 E421.21343
G1 X113.945 Y116.522 E421.22855
G1 X115.137 Y116.777 E421.24383
G1 X116.355 Y116.877 E421.25916
M204 S1000
G0 F15000 X116.364 Y116.556
;TYPE:SKIN
G1 F2400 X117.536 Y116.499 E421.27314
G1 X118.665 Y116.294 E421.28681
G1 X119.801 Y115.936 E421.301
G1 X120.868 Y115.433 E421.31505
G1 X121.845 Y114.812 E421.32884
G1 X122.974 Y113.865 E421.3464
G1 X123.901 Y112.726 E421.36389
G1 X124.52 Y111.716 E421.378
G1 X124.989 Y110.66 E421.39177
G1 X125.409 Y109.257 E421.40922
G1 X125.583 Y107.49 E421.43037
G1 X125.41 Y105.74 E421.45132
G1 X124.989 Y104.33 E421.46885
G1 X124.398 Y103.012 E421.48606
G1 X123.544 Y101.807 E421.50365
G1 X122.755 Y100.952 E421.51751
G1 X121.614 Y99.996 E421.53525
G1 X120.34 Y99.295 E421.55257
G1 X119.254 Y98.874 E421.56645
G1 X117.818 Y98.517 E421.58408
G1 X116.365 Y98.444 E421.60141
G1 X115.179 Y98.542 E421.61558
G1 X114.027 Y98.787 E421.62962
G1 X112.934 Y99.173 E421.64343
G1 X111.887 Y99.705 E421.65742
G1 X110.929 Y100.361 E421.67125
G1 X110.039 Y101.159 E421.68549
G1 X109.09 Y102.257 E421.70278
G1 X108.216 Y103.785 E421.72375
G1 X107.747 Y105.189 E421.74139
G1 X107.524 Y106.32 E421.75512
G1 X107.447 Y107.511 E421.76934
G1 X107.523 Y108.675 E421.78323
G1 X107.747 Y109.811 E421.79703
G1 X108.216 Y111.216 E421.81467
G1 X109.091 Y112.748 E421.83569
G1 X110.038 Y113.841 E421.85292
G1 X110.929 Y114.639 E421.86717
G1 X111.887 Y115.295 E421.881
G1 X112.935 Y115.826 E421.895
G1 X114.026 Y116.211 E421.90878
G1 X115.179 Y116.458 E421.92283
G1 X116.364 Y116.556 E421.937
G0 F15000 X116.336 Y113.742
G1 F2400 X115.248 Y113.613 E421.95005
G1 X114.251 Y113.321 E421.96243
G1 X113.221 Y112.814 E421.9761
G1 X112.342 Y112.154 E421.9892
G1 X111.587 Y111.352 E422.00232
G1 X111.01 Y110.461 E422.01497
G1 X110.554 Y109.387 E422.02887
G1 X110.314 Y108.313 E422.04198
G1 X110.27 Y107.805 E422.04805
G1 X110.312 Y106.721 E422.06097
G1 X110.409 Y106.149 E422.06789
G1 X110.733 Y105.125 E422.08068
G1 X111.001 Y104.552 E422.08822
G1 X111.591 Y103.644 E422.10112
G1 X112.353 Y102.837 E422.11434
G1 X113.221 Y102.188 E422.12725
G1 X114.46 Y101.567 E422.14376
G1 X115.769 Y101.299 E422.15968
G1 X116.438 Y101.261 E422.16766
G1 X117.478 Y101.334 E422.18008
G1 X118.551 Y101.604 E422.19327
G1 X119.538 Y102.046 E422.20615
G1 X120.464 Y102.674 E422.21948
G1 X121.217 Y103.408 E422.23201
G1 X121.872 Y104.312 E422.24531
G1 X122.352 Y105.322 E422.25863
G1 X122.644 Y106.4 E422.27193
G1 X122.742 Y107.498 E422.28507
G1 X122.645 Y108.602 E422.29827
G1 X122.364 Y109.655 E422.31125
G1 X121.884 Y110.665 E422.32458
G1 X121.26 Y111.541 E422.33739
G1 X120.465 Y112.326 E422.3507
G1 X119.53 Y112.962 E422.36417
G1 X118.518 Y113.41 E422.37736
G1 X117.506 Y113.661 E422.38978
G1 X116.336 Y113.742 E422.40375
G0 F15000 X123.255 Y113.201
G1 F2400 X122.225 Y114.23 E422.42109
G0 F15000 X120.513 Y115.377
G1 F2400 X124.402 Y111.488 E422.48662
G0 F15000 X124.827 Y110.497
G1 F2400 X119.508 Y115.816 E422.57623
G0 F15000 X118.681 Y116.077
G1 F2400 X125.07 Y109.689 E422.68386
G0 F15000 X125.237 Y108.956
G1 F2400 X117.979 Y116.214 E422.80615
G0 F15000 X117.319 Y116.308
G1 F2400 X125.298 Y108.329 E422.94058
G0 F15000 X125.36 Y107.702
G1 F2400 X121.46 Y111.601 E423.00628
G0 F15000 X120.563 Y112.499
G1 F2400 X116.724 Y116.338 E423.07096
G0 F15000 X116.157 Y116.338
G1 F2400 X119.147 Y113.349 E423.12132
G0 F15000 X118.248 Y113.682
G1 F2400 X115.636 Y116.294 E423.16533
G0 F15000 X115.124 Y116.24
G1 F2400 X117.502 Y113.862 E423.2054
G0 F15000 X116.893 Y113.906
G1 F2400 X114.658 Y116.14 E423.24304
G0 F15000 X114.193 Y116.04
G1 F2400 X116.297 Y113.936 E423.27849
G0 F15000 X115.79 Y113.878
G1 F2400 X113.762 Y115.905 E423.31265
G0 F15000 X113.344 Y115.758
G1 F2400 X115.282 Y113.82 E423.3453
G0 F15000 X114.836 Y113.699
G1 F2400 X112.935 Y115.601 E423.37734
G0 F15000 X112.56 Y115.41
G1 F2400 X114.399 Y113.571 E423.40832
G0 F15000 X113.99 Y113.414
G1 F2400 X112.185 Y115.22 E423.43874
G0 F15000 X111.828 Y115.01
G1 F2400 X113.612 Y113.227 E423.46879
G0 F15000 X113.233 Y113.04
G1 F2400 X111.493 Y114.781 E423.49811
G0 F15000 X111.157 Y114.551
G1 F2400 X112.891 Y112.816 E423.52734
G0 F15000 X112.568 Y112.574
G1 F2400 X110.847 Y114.295 E423.55633
G0 F15000 X110.549 Y114.028
G1 F2400 X112.245 Y112.331 E423.58491
G0 F15000 X111.965 Y112.046
G1 F2400 X110.25 Y113.76 E423.6138
G0 F15000 X109.979 Y113.466
G1 F2400 X111.691 Y111.754 E423.64264
G0 F15000 X111.42 Y111.459
G1 F2400 X109.716 Y113.163 E423.67135
G0 F15000 X109.454 Y112.859
G1 F2400 X111.197 Y111.116 E423.70072
G0 F15000 X110.974 Y110.774
G1 F2400 X109.205 Y112.543 E423.73052
G0 F15000 X108.999 Y112.183
G1 F2400 X110.771 Y110.411 E423.76038
G0 F15000 X110.602 Y110.015
G1 F2400 X108.794 Y111.823 E423.79084
G0 F15000 X108.588 Y111.463
G1 F2400 X110.432 Y109.619 E423.82191
G0 F15000 X110.303 Y109.182
G1 F2400 X108.388 Y111.097 E423.85417
G0 F15000 X108.246 Y110.673
G1 F2400 X110.199 Y108.72 E423.88707
G0 F15000 X110.106 Y108.248
G1 F2400 X108.104 Y110.249 E423.9208
G0 F15000 X107.963 Y109.825
G1 F2400 X110.073 Y107.714 E423.95635
G0 F15000 X110.095 Y107.128
G1 F2400 X107.862 Y109.36 E423.99397
G0 F15000 X107.769 Y108.888
G1 F2400 X110.146 Y106.511 E424.03401
G0 F15000 X110.317 Y105.774
G1 F2400 X107.705 Y108.386 E424.07802
G0 F15000 X107.669 Y107.856
G1 F2400 X110.612 Y104.914 E424.1276
G0 F15000 X111.422 Y103.538
G1 F2400 X107.66 Y107.299 E424.19097
G0 F15000 X107.699 Y106.695
G1 F2400 X115.694 Y98.7 E424.32567
G0 F15000 X116.311 Y98.649
G1 F2400 X112.429 Y102.53 E424.39107
G0 F15000 X113.901 Y101.624
G1 F2400 X116.857 Y98.668 E424.44087
G0 F15000 X117.395 Y98.695
G1 F2400 X114.797 Y101.294 E424.48465
G0 F15000 X115.51 Y101.147
G1 F2400 X117.911 Y98.746 E424.5251
G0 F15000 X118.364 Y98.858
G1 F2400 X116.145 Y101.078 E424.5625
G0 F15000 X116.709 Y101.079
G1 F2400 X118.817 Y98.97 E424.59802
G0 F15000 X119.262 Y99.092
G1 F2400 X117.239 Y101.115 E424.6321
G0 F15000 X117.725 Y101.194
G1 F2400 X119.669 Y99.25 E424.66486
G0 F15000 X120.076 Y99.409
G1 F2400 X118.178 Y101.307 E424.69683
G0 F15000 X118.63 Y101.421
G1 F2400 X120.459 Y99.591 E424.72766
G0 F15000 X120.824 Y99.792
G1 F2400 X119.022 Y101.594 E424.75802
G0 F15000 X119.411 Y101.771
G1 F2400 X121.19 Y99.992 E424.78799
G0 F15000 X121.546 Y100.201
G1 F2400 X119.779 Y101.969 E424.81777
G0 F15000 X120.116 Y102.197
G1 F2400 X121.854 Y100.46 E424.84704
G0 F15000 X122.161 Y100.718
G1 F2400 X120.454 Y102.425 E424.8758
G0 F15000 X120.762 Y102.683
G1 F2400 X122.47 Y100.975 E424.90458
G0 F15000 X122.758 Y101.252
G1 F2400 X121.048 Y102.962 E424.93339
G0 F15000 X121.335 Y103.241
G1 F2400 X123.03 Y101.546 E424.96195
G0 F15000 X123.301 Y101.841
G1 F2400 X121.577 Y103.564 E424.99098
G0 F15000 X121.815 Y103.893
G1 F2400 X123.547 Y102.16 E425.02017
G0 F15000 X123.782 Y102.491
G1 F2400 X122.048 Y104.225 E425.04939
G0 F15000 X122.231 Y104.608
G1 F2400 X124.016 Y102.823 E425.07946
G0 F15000 X124.243 Y103.161
G1 F2400 X122.412 Y104.992 E425.11031
G0 F15000 X122.578 Y105.392
G1 F2400 X124.418 Y103.552 E425.14131
G0 F15000 X124.594 Y103.942
G1 F2400 X122.697 Y105.839 E425.17327
G0 F15000 X122.816 Y106.285
G1 F2400 X124.769 Y104.332 E425.20617
G0 F15000 X124.907 Y104.76
G1 F2400 X122.878 Y106.789 E425.24036
G0 F15000 X122.925 Y107.308
G1 F2400 X125.037 Y105.196 E425.27594
G0 F15000 X125.167 Y105.631
G1 F2400 X122.907 Y107.892 E425.31403
G0 F15000 X122.854 Y108.511
G1 F2400 X125.245 Y106.119 E425.35432
G0 F15000 X125.296 Y106.634
G1 F2400 X122.676 Y109.254 E425.39846
G0 F15000 X122.347 Y110.148
G1 F2400 X125.347 Y107.149 E425.449
G0 F15000 X120.403 Y102.729
G0 X115.056 Y98.772
G1 F2400 X107.781 Y106.047 E425.57157
G0 F15000 X107.92 Y105.342
G1 F2400 X114.339 Y98.924 E425.6797
G0 F15000 X113.521 Y99.176
G1 F2400 X108.182 Y104.515 E425.76966
G0 F15000 X108.576 Y103.555
G1 F2400 X112.528 Y99.603 E425.83624
G0 F15000 X111.009 Y100.556
G1 F2400 X109.646 Y101.92 E425.85921
M204 S429
G0 F15000 X109.702 Y101.971
G1 F1500 E419.35921
;MESH:NONMESH
G0 F600 X109.702 Y101.971 Z17.4
G0 F15000 X110.398 Y108.334
G0 X110.632 Y109.376
G0 X111.056 Y110.384
G0 X111.538 Y111.125
G0 X116.354 Y116.579
G0 X116.349 Y117.278
;TIME_ELAPSED:1050.076189
;LAYER:86
;TYPE:WALL-OUTER
;MESH:The cap.stl
G1 F1500 E425.85921
G1 F3000 X117.613 Y117.216 E425.87508
G1 X118.847 Y116.993 E425.89081
G1 X120.064 Y116.608 E425.90681
G1 X121.211 Y116.07 E425.9227
G1 X122.272 Y115.395 E425.93847
G1 X123.488 Y114.377 E425.95836
G1 X124.491 Y113.142 E425.97831
G1 X125.155 Y112.059 E425.99424
G1 X125.668 Y110.911 E426.01001
G1 X126.122 Y109.395 E426.02986
G1 X126.276 Y107.808 E426.04985
G1 X126.277 Y107.182 E426.0577
G1 X126.121 Y105.603 E426.0776
G1 X125.667 Y104.083 E426.09749
G1 X125.022 Y102.646 E426.11724
G1 X124.106 Y101.352 E426.13713
G1 X123.25 Y100.424 E426.15296
G1 X122.031 Y99.403 E426.1729
G1 X120.644 Y98.641 E426.19274
G1 X119.468 Y98.183 E426.20857
G1 X118.236 Y97.877 E426.22449
G1 X117.606 Y97.784 E426.23248
G1 X116.349 Y97.722 E426.24826
G1 X115.079 Y97.826 E426.26424
G1 X113.836 Y98.091 E426.28018
G1 X112.65 Y98.511 E426.29595
G1 X111.521 Y99.084 E426.31183
G1 X110.479 Y99.796 E426.32766
G1 X109.527 Y100.647 E426.34367
G1 X108.501 Y101.834 E426.36335
G1 X107.554 Y103.492 E426.38729
G1 X107.049 Y104.999 E426.40722
G1 X106.806 Y106.232 E426.42298
G1 X106.724 Y107.506 E426.43899
G1 X106.806 Y108.766 E426.45482
G1 X107.049 Y110.001 E426.47061
G1 X107.554 Y111.507 E426.49053
G1 X108.338 Y112.881 E426.51037
G1 X108.704 Y113.401 E426.51834
G1 X109.527 Y114.353 E426.53412
G1 X110.479 Y115.204 E426.55013
G1 X111.521 Y115.916 E426.56596
G1 X112.65 Y116.489 E426.58184
G1 X113.836 Y116.908 E426.59761
G1 X115.079 Y117.174 E426.61355
G1 X116.349 Y117.278 E426.62953
G0 F15000 X116.548 Y117.269
G1 F1500 E420.12953
G0 F15000 X116.535 Y116.969
G0 X116.365 Y113.604
G0 X116.381 Y113.019
G1 F1500 E426.62953
G1 F3000 X115.412 Y112.911 E426.64176
G1 X114.475 Y112.636 E426.654
G1 X113.615 Y112.206 E426.66606
G1 X112.82 Y111.614 E426.67849
G1 X112.161 Y110.91 E426.69059
G1 X111.633 Y110.1 E426.70271
G1 X111.243 Y109.177 E426.71528
G1 X111.029 Y108.224 E426.72752
G1 X110.988 Y107.749 E426.7335
G1 X111.03 Y106.772 E426.74577
G1 X111.116 Y106.293 E426.75187
G1 X111.413 Y105.359 E426.76416
G1 X111.629 Y104.905 E426.77046
G1 X112.165 Y104.085 E426.78275
G1 X112.817 Y103.388 E426.79472
G1 X113.6 Y102.803 E426.80698
G1 X114.696 Y102.253 E426.82235
G1 X115.871 Y102.015 E426.83739
G1 X116.399 Y101.981 E426.84402
G1 X117.354 Y102.044 E426.85602
G1 X118.286 Y102.276 E426.86807
G1 X119.19 Y102.677 E426.88047
G1 X120 Y103.227 E426.89275
G1 X120.691 Y103.903 E426.90487
G1 X121.248 Y104.68 E426.91686
G1 X121.688 Y105.605 E426.92971
G1 X121.936 Y106.525 E426.94165
G1 X122.023 Y107.518 E426.95415
G1 X121.938 Y108.466 E426.96609
G1 X121.68 Y109.417 E426.97845
G1 X121.259 Y110.304 E426.99076
G1 X120.699 Y111.088 E427.00284
G1 X120 Y111.773 E427.01512
G1 X119.185 Y112.326 E427.02747
G1 X118.317 Y112.713 E427.03938
G1 X117.36 Y112.955 E427.05176
G1 X116.381 Y113.019 E427.06407
M204 S1500
G0 F15000 X116.183 Y112.997
G0 X116.33 Y113.418
;TYPE:WALL-INNER
G1 F3300 X115.336 Y113.306 E427.07661
G1 X114.341 Y113.013 E427.08962
G1 X113.371 Y112.525 E427.10323
G1 X112.554 Y111.912 E427.11604
G1 X111.859 Y111.172 E427.12877
G1 X111.285 Y110.298 E427.14189
G1 X110.864 Y109.304 E427.15542
G1 X110.633 Y108.28 E427.16859
G1 X110.588 Y107.704 E427.17583
G1 X110.633 Y106.722 E427.18816
G1 X110.724 Y106.215 E427.19462
G1 X111.042 Y105.209 E427.20785
G1 X111.281 Y104.707 E427.21482
G1 X111.857 Y103.829 E427.22799
G1 X112.55 Y103.09 E427.2407
G1 X113.374 Y102.473 E427.25361
G1 X114.585 Y101.868 E427.27058
G1 X115.861 Y101.613 E427.2869
G1 X116.415 Y101.581 E427.29386
G1 X117.412 Y101.648 E427.30639
G1 X118.454 Y101.909 E427.31986
G1 X119.383 Y102.326 E427.33263
G1 X120.257 Y102.92 E427.34588
G1 X120.985 Y103.631 E427.35864
G1 X121.602 Y104.486 E427.37187
G1 X122.055 Y105.443 E427.38514
G1 X122.329 Y106.447 E427.39819
G1 X122.423 Y107.5 E427.41145
G1 X122.334 Y108.524 E427.42434
G1 X122.058 Y109.555 E427.43773
G1 X121.601 Y110.514 E427.45105
G1 X121.01 Y111.34 E427.46378
G1 X120.257 Y112.081 E427.47703
G1 X119.391 Y112.672 E427.49018
G1 X118.417 Y113.103 E427.50354
G1 X117.432 Y113.349 E427.51627
G1 X116.33 Y113.418 E427.53012
G1 F1500 E421.03012
G0 F15000 X116.319 Y113.518
G0 X116.112 Y116.675
G0 X116.355 Y116.877
G1 F1500 E427.53012
G1 F3300 X117.567 Y116.818 E427.54533
G1 X118.751 Y116.604 E427.56042
G1 X119.918 Y116.234 E427.57577
G1 X121.018 Y115.718 E427.59101
G1 X122.035 Y115.071 E427.60613
G1 X123.202 Y114.095 E427.6252
G1 X124.164 Y112.91 E427.64435
G1 X124.8 Y111.872 E427.65961
G1 X125.292 Y110.771 E427.67473
G1 X125.728 Y109.315 E427.69379
G1 X125.905 Y107.488 E427.71681
G1 X125.727 Y105.683 E427.73956
G1 X125.291 Y104.223 E427.75867
G1 X124.673 Y102.845 E427.7776
G1 X123.794 Y101.604 E427.79668
G1 X122.973 Y100.714 E427.81186
G1 X121.804 Y99.735 E427.83098
G1 X120.474 Y99.004 E427.85001
G1 X119.347 Y98.565 E427.86518
G1 X117.861 Y98.196 E427.88438
G1 X116.355 Y98.123 E427.90329
G1 X115.137 Y98.222 E427.91861
G1 X113.945 Y98.477 E427.9339
G1 X112.808 Y98.879 E427.94902
G1 X111.725 Y99.429 E427.96426
G1 X110.726 Y100.112 E427.97943
G1 X109.813 Y100.928 E427.99479
G1 X108.827 Y102.07 E428.01371
G1 X107.919 Y103.66 E428.03667
G1 X107.437 Y105.101 E428.05572
G1 X107.204 Y106.284 E428.07084
G1 X107.125 Y107.506 E428.0862
G1 X107.204 Y108.714 E428.10138
G1 X107.437 Y109.899 E428.11653
G1 X107.921 Y111.345 E428.13565
G1 X108.83 Y112.935 E428.15862
G1 X109.813 Y114.072 E428.17746
G1 X110.726 Y114.888 E428.19282
G1 X111.725 Y115.571 E428.208
G1 X112.808 Y116.121 E428.22323
G1 X113.945 Y116.522 E428.23835
G1 X115.137 Y116.777 E428.25363
G1 X116.355 Y116.877 E428.26896
M204 S1000
G0 F15000 X116.364 Y116.556
;TYPE:SKIN
G1 F2400 X117.536 Y116.499 E428.28367
G1 X118.665 Y116.294 E428.29806
G1 X119.801 Y115.936 E428.313
G1 X120.868 Y115.433 E428.32779
G1 X121.845 Y114.812 E428.34231
G1 X122.974 Y113.865 E428.36079
G1 X123.901 Y112.726 E428.37921
G1 X124.52 Y111.716 E428.39406
G1 X124.989 Y110.66 E428.40855
G1 X125.409 Y109.257 E428.42692
G1 X125.583 Y107.49 E428.44918
G1 X125.41 Y105.74 E428.47124
G1 X124.989 Y104.33 E428.48969
G1 X124.398 Y103.012 E428.5078
G1 X123.544 Y101.807 E428.52632
G1 X122.755 Y100.952 E428.54091
G1 X121.614 Y99.996 E428.55958
G1 X120.34 Y99.295 E428.57782
G1 X119.254 Y98.874 E428.59242
G1 X117.818 Y98.517 E428.61098
G1 X116.365 Y98.444 E428.62922
G1 X115.179 Y98.542 E428.64415
G1 X114.027 Y98.787 E428.65892
G1 X112.934 Y99.173 E428.67345
G1 X111.887 Y99.705 E428.68818
G1 X110.929 Y100.361 E428.70274
G1 X110.039 Y101.159 E428.71773
G1 X109.09 Y102.257 E428.73593
G1 X108.216 Y103.785 E428.75801
G1 X107.747 Y105.189 E428.77657
G1 X107.524 Y106.32 E428.79102
G1 X107.447 Y107.511 E428.80599
G1 X107.523 Y108.675 E428.82062
G1 X107.747 Y109.811 E428.83514
G1 X108.216 Y111.216 E428.85371
G1 X109.091 Y112.748 E428.87584
G1 X110.038 Y113.841 E428.89397
G1 X110.929 Y114.639 E428.90897
G1 X111.887 Y115.295 E428.92353
G1 X112.935 Y115.826 E428.93827
G1 X114.026 Y116.211 E428.95278
G1 X115.179 Y116.458 E428.96756
G1 X116.364 Y116.556 E428.98247
G1 F1500 E422.48247
G0 F15000 X116.341 Y116.775
G0 X116.365 Y113.604
G0 X116.336 Y113.742
G1 F1500 E428.98247
G1 F2400 X115.248 Y113.613 E428.99621
G1 X114.251 Y113.321 E429.00924
G1 X113.221 Y112.814 E429.02364
G1 X112.342 Y112.154 E429.03742
G1 X111.587 Y111.352 E429.05124
G1 X111.01 Y110.461 E429.06455
G1 X110.554 Y109.387 E429.07918
G1 X110.314 Y108.313 E429.09298
G1 X110.27 Y107.805 E429.09937
G1 X110.312 Y106.721 E429.11298
G1 X110.409 Y106.149 E429.12025
G1 X110.733 Y105.125 E429.13372
G1 X111.001 Y104.552 E429.14166
G1 X111.591 Y103.644 E429.15523
G1 X112.353 Y102.837 E429.16915
G1 X113.221 Y102.188 E429.18274
G1 X114.46 Y101.567 E429.20012
G1 X115.769 Y101.299 E429.21688
G1 X116.438 Y101.261 E429.22528
G1 X117.478 Y101.334 E429.23836
G1 X118.551 Y101.604 E429.25223
G1 X119.538 Y102.046 E429.26579
G1 X120.464 Y102.674 E429.27983
G1 X121.217 Y103.408 E429.29301
G1 X121.872 Y104.312 E429.30701
G1 X122.352 Y105.322 E429.32104
G1 X122.644 Y106.4 E429.33504
G1 X122.742 Y107.498 E429.34886
G1 X122.645 Y108.602 E429.36276
G1 X122.364 Y109.655 E429.37643
G1 X121.884 Y110.665 E429.39045
G1 X121.26 Y111.541 E429.40394
G1 X120.465 Y112.326 E429.41795
G1 X119.53 Y112.962 E429.43213
G1 X118.518 Y113.41 E429.44601
G1 X117.506 Y113.661 E429.45909
G1 X116.336 Y113.742 E429.47379
G1 F1500 E422.97379
G0 F15000 X116.363 Y113.523
G0 X118.381 Y112.946
G0 X119.311 Y112.531
G0 X120.152 Y111.957
G0 X120.88 Y111.246
G0 X121.471 Y110.416
G0 X121.907 Y109.494
G0 X122.174 Y108.513
G0 X122.265 Y107.498
G0 X122.173 Y106.484
G0 X121.957 Y105.688
G0 X121.118 Y103.509
G0 X123.367 Y101.436
G0 X122.884 Y101.388
G1 F1500 E429.47379
G1 F2400 X122.476 Y100.98 E429.48103
G0 F15000 X122.748 Y100.657
G0 X120.796 Y99.297
G0 X120.594 Y99.663
G1 F2400 X124.368 Y103.438 E429.54797
G0 F15000 X124.752 Y103.267
G0 X125.218 Y104.331
G0 X124.815 Y104.45
G1 F2400 X119.579 Y99.214 E429.64083
G0 F15000 X118.755 Y98.956
G1 F2400 X125.056 Y105.257 E429.75258
G0 F15000 X125.234 Y106
G1 F2400 X118.003 Y98.77 E429.88081
G0 F15000 X117.362 Y98.695
G1 F2400 X125.296 Y106.628 E430.02151
G0 F15000 X125.358 Y107.256
G1 F2400 X116.766 Y98.664 E430.17388
G1 F1500 E423.67388
G0 F15000 X116.786 Y98.246
G0 X117.839 Y98.397
G0 X118.521 Y101.741
G0 X122.306 Y104.77
G1 F1500 E430.17388
G1 F2400 X125.35 Y107.813 E430.22786
G0 F15000 X125.299 Y108.328
G1 F2400 X122.656 Y105.685 E430.27473
G0 F15000 X122.847 Y106.442
G1 F2400 X125.249 Y108.844 E430.31733
G0 F15000 X125.176 Y109.337
G1 F2400 X122.902 Y107.063 E430.35766
G0 F15000 X122.926 Y107.653
G1 F2400 X125.046 Y109.772 E430.39525
G0 F15000 X124.915 Y110.207
G1 F2400 X122.882 Y108.174 E430.4313
G0 F15000 X122.827 Y108.685
G1 F2400 X124.779 Y110.637 E430.46592
G0 F15000 X124.605 Y111.029
G1 F2400 X122.708 Y109.132 E430.49956
G0 F15000 X122.59 Y109.579
G1 F2400 X124.432 Y111.421 E430.53223
G0 F15000 X124.238 Y111.793
G1 F2400 X122.427 Y109.981 E430.56436
G0 F15000 X122.244 Y110.365
G1 F2400 X124.022 Y112.143 E430.59589
G0 F15000 X123.808 Y112.494
G1 F2400 X122.062 Y110.748 E430.62685
G0 F15000 X121.831 Y111.083
G1 F2400 X123.566 Y112.818 E430.65762
G0 F15000 X123.313 Y113.13
G1 F2400 X121.595 Y111.413 E430.68808
G0 F15000 X121.348 Y111.732
G1 F2400 X123.059 Y113.442 E430.71842
G0 F15000 X122.799 Y113.748
G1 F2400 X121.064 Y112.013 E430.74919
G0 F15000 X120.78 Y112.294
G1 F2400 X122.492 Y114.006 E430.77955
G0 F15000 X122.184 Y114.264
G1 F2400 X120.477 Y112.557 E430.80982
G0 F15000 X120.14 Y112.787
G1 F2400 X121.876 Y114.523 E430.84061
G0 F15000 X121.549 Y114.761
G1 F2400 X119.803 Y113.015 E430.87158
G0 F15000 X119.442 Y113.219
G1 F2400 X121.203 Y114.981 E430.90282
G0 F15000 X120.857 Y115.2
G1 F2400 X119.049 Y113.393 E430.93487
G0 F15000 X118.657 Y113.566
G1 F2400 X120.483 Y115.392 E430.96726
G0 F15000 X120.098 Y115.573
G1 F2400 X118.216 Y113.69 E431.00064
G0 F15000 X117.762 Y113.802
G1 F2400 X119.713 Y115.753 E431.03524
G0 F15000 X119.282 Y115.888
G1 F2400 X117.272 Y113.878 E431.07089
G0 F15000 X116.744 Y113.915
G1 F2400 X118.852 Y116.024 E431.10828
G0 F15000 X118.4 Y116.138
G1 F2400 X116.184 Y113.921 E431.14759
G0 F15000 X115.546 Y113.849
G1 F2400 X117.922 Y116.225 E431.18973
G0 F15000 X117.434 Y116.303
G1 F2400 X114.829 Y113.697 E431.23594
G0 F15000 X113.972 Y113.407
G1 F2400 X116.896 Y116.33 E431.28778
G0 F15000 X116.355 Y116.355
G1 F2400 X112.586 Y112.586 E431.35463
G1 F1500 E424.85463
G0 F15000 X113.153 Y112.487
G0 X111.966 Y111.051
G0 X111.411 Y110.196
G0 X111.015 Y109.253
G0 X110.794 Y108.273
G0 X110.792 Y106.75
G0 X111.188 Y105.278
G0 X111.964 Y103.953
G0 X112.659 Y103.209
G0 X113.474 Y102.598
G0 X114.611 Y102.029
G0 X115.856 Y101.776
G0 X116.955 Y101.778
G0 X119.05 Y102.066
G1 F1500 E431.35463
G0 F15000 X119.22 Y101.684
G1 F2400 X116.195 Y98.659 E431.40827
G0 F15000 X115.672 Y98.702
G1 F2400 X118.31 Y101.34 E431.45506
G0 F15000 X117.556 Y101.151
G1 F2400 X115.156 Y98.751 E431.49762
G0 F15000 X114.689 Y98.85
G1 F2400 X116.932 Y101.093 E431.5374
G0 F15000 X116.34 Y101.066
G1 F2400 X114.223 Y98.949 E431.57495
G0 F15000 X113.79 Y99.082
G1 F2400 X115.805 Y101.097 E431.61068
G0 F15000 X115.327 Y101.185
G1 F2400 X113.372 Y99.23 E431.64535
G0 F15000 X112.96 Y99.383
G1 F2400 X114.858 Y101.281 E431.67901
G0 F15000 X114.39 Y101.379
G1 F2400 X112.585 Y99.574 E431.71103
G0 F15000 X112.21 Y99.765
G1 F2400 X114.013 Y101.568 E431.743
G0 F15000 X113.636 Y101.756
G1 F2400 X111.851 Y99.972 E431.77465
G0 F15000 X111.515 Y100.201
G1 F2400 X113.259 Y101.945 E431.80558
G0 F15000 X112.914 Y102.166
G1 F2400 X111.179 Y100.431 E431.83635
G0 F15000 X110.867 Y100.684
G1 F2400 X112.591 Y102.408 E431.86692
G0 F15000 X112.268 Y102.651
G1 F2400 X110.569 Y100.952 E431.89705
G0 F15000 X110.271 Y101.22
G1 F2400 X111.984 Y102.933 E431.92743
G0 F15000 X111.71 Y103.224
G1 F2400 X109.997 Y101.512 E431.9578
G0 F15000 X109.735 Y101.815
G1 F2400 X111.437 Y103.517 E431.98799
G0 F15000 X111.213 Y103.859
G1 F2400 X109.472 Y102.118 E432.01887
G0 F15000 X109.219 Y102.43
G1 F2400 X110.99 Y104.202 E432.05028
G0 F15000 X110.778 Y104.556
G1 F2400 X109.013 Y102.79 E432.08159
G0 F15000 X108.807 Y103.15
G1 F2400 X110.599 Y104.942 E432.11337
G0 F15000 X110.448 Y105.357
G1 F2400 X108.601 Y103.51 E432.14613
G0 F15000 X108.395 Y103.87
G1 F2400 X110.313 Y105.788 E432.18014
G0 F15000 X110.192 Y106.232
G1 F2400 X108.254 Y104.294 E432.21451
G0 F15000 X108.113 Y104.718
G1 F2400 X110.111 Y106.717 E432.24996
G0 F15000 X110.09 Y107.262
G1 F2400 X107.971 Y105.143 E432.28754
G0 F15000 X107.867 Y105.604
G1 F2400 X110.071 Y107.808 E432.32663
G0 F15000 X110.137 Y108.44
G1 F2400 X107.774 Y106.077 E432.36853
G0 F15000 X107.706 Y106.575
G1 F2400 X110.302 Y109.17 E432.41456
G0 F15000 X110.619 Y110.053
G1 F2400 X107.672 Y107.106 E432.46683
G0 F15000 X107.655 Y107.655
G1 F2400 X111.349 Y111.349 E432.53234
G1 F1500 E426.03234
G0 F15000 X111.7 Y111.123
G0 X110.693 Y109.362
G0 X107.631 Y109.847
G0 X107.695 Y108.261
G1 F1500 E432.53234
G1 F2400 X115.737 Y116.303 E432.67496
G0 F15000 X115.104 Y116.236
G1 F2400 X107.772 Y108.903 E432.805
G0 F15000 X107.91 Y109.607
G1 F2400 X114.385 Y116.082 E432.91984
G0 F15000 X113.576 Y115.839
G1 F2400 X108.162 Y110.425 E433.01585
G0 F15000 X108.525 Y111.353
G1 F2400 X112.606 Y115.434 E433.08823
G0 F15000 X112.416 Y115.809
G0 X110.918 Y114.897
G0 X111.156 Y114.55
G1 F2400 X109.373 Y112.767 E433.11985
;TIME_ELAPSED:1073.537008
G1 F1500 E426.61985
M140 S0
M204 S3000
M107
G91 ;Relative movement
G0 F15000 X8.0 Z0.5 E-4.5 ;Wiping+material retraction
G0 F10000 Z1.5 E4.5 ;Compensation for the retraction
G90 ;Disable relative movement
M82 ;absolute extrusion mode
M104 S0
M104 T1 S0
;End of Gcode
;SETTING_3 {"global_quality": "[general]\\nversion = 4\\nname = Fast #2\\ndefini
;SETTING_3 tion = ultimaker3\\n\\n[metadata]\\ntype = quality_changes\\nquality_
;SETTING_3 type = draft\\nsetting_version = 22\\n\\n[values]\\nsupport_enable = 
;SETTING_3 True\\n\\n", "extruder_quality": ["[general]\\nversion = 4\\nname = F
;SETTING_3 ast #2\\ndefinition = ultimaker3\\n\\n[metadata]\\ntype = quality_cha
;SETTING_3 nges\\nquality_type = draft\\nsetting_version = 22\\nposition = 0\\n\
;SETTING_3 \n[values]\\n\\n", "[general]\\nversion = 4\\nname = Fast #2\\ndefini
;SETTING_3 tion = ultimaker3\\n\\n[metadata]\\ntype = quality_changes\\nquality_
;SETTING_3 type = draft\\nsetting_version = 22\\nposition = 1\\n\\n[values]\\n\\
;SETTING_3 n"]}
